// Gelasio 48 pt, ASCII 0x20..0x7E, for the speed reader (src/rsvp.cpp).
// Generated with Adafruit fontconvert from Gelasio (SorkinType, github.com/SorkinType/Gelasio),
// SIL Open Font License 1.1, see fonts/Gelasio-OFL.txt. Metric compatible with Georgia.
#pragma once

#include <Adafruit_GFX.h>

const uint8_t Gelasio48pt7bBitmaps[] PROGMEM = {
  0x00, 0x00, 0x00, 0xFC, 0x0F, 0xF0, 0xFF, 0xCF, 0xFF, 0x7F, 0xFB, 0xFF,
  0xDF, 0xFE, 0xFF, 0xF7, 0xFF, 0xBF, 0xFD, 0xFF, 0xCF, 0xFE, 0x3F, 0xF1,
  0xFF, 0x8F, 0xFC, 0x7F, 0xE3, 0xFF, 0x1F, 0xF0, 0xFF, 0x87, 0xFC, 0x3F,
  0xE0, 0xFF, 0x07, 0xF8, 0x3F, 0xC1, 0xFE, 0x0F, 0xF0, 0x7F, 0x03, 0xF8,
  0x1F, 0xC0, 0xFE, 0x07, 0xF0, 0x1F, 0x80, 0xFC, 0x07, 0xE0, 0x3F, 0x01,
  0xF8, 0x0F, 0xC0, 0x7C, 0x03, 0xE0, 0x1F, 0x00, 0xF8, 0x07, 0xC0, 0x1E,
  0x00, 0xF0, 0x07, 0x80, 0x3C, 0x01, 0xE0, 0x0F, 0x00, 0x78, 0x03, 0xC0,
  0x00, 0x00, 0x00, 0x00, 0x00, 0x00, 0x00, 0x00, 0x00, 0x00, 0x00, 0x00,
  0x00, 0x1F, 0x03, 0xFE, 0x3F, 0xF9, 0xFF, 0xDF, 0xFF, 0xFF, 0xFF, 0xFF,
  0xFF, 0xFF, 0xFF, 0xF7, 0xFF, 0x3F, 0xF0, 0xFF, 0x81, 0xF0, 0x0F, 0x80,
  0x01, 0xF0, 0x7F, 0x00, 0x0F, 0xE3, 0xFC, 0x00, 0x7F, 0x9F, 0xF8, 0x03,
  0xFE, 0x7F, 0xE0, 0x0F, 0xFF, 0xFF, 0x80, 0x7F, 0xFF, 0xFE, 0x01, 0xFF,
  0xBF, 0xF0, 0x07, 0xFE, 0xFF, 0xC0, 0x1F, 0xFB, 0xFF, 0x00, 0x7F, 0xEF,
  0xF8, 0x01, 0xFF, 0x3F, 0xE0, 0x07, 0xFC, 0xFF, 0x80, 0x1F, 0xF3, 0xFE,
  0x00, 0x7F, 0xCF, 0xF0, 0x01, 0xFE, 0x3F, 0xC0, 0x07, 0xF8, 0xFF, 0x00,
  0x1F, 0xE3, 0xF8, 0x00, 0x7F, 0x0F, 0xE0, 0x01, 0xFC, 0x3F, 0x80, 0x07,
  0xF0, 0xFC, 0x00, 0x1F, 0x83, 0xF0, 0x00, 0x7E, 0x0F, 0xC0, 0x01, 0xF8,
  0x3E, 0x00, 0x07, 0xC0, 0xF8, 0x00, 0x1F, 0x03, 0xE0, 0x00, 0x7C, 0x0F,
  0x80, 0x01, 0xF0, 0x3C, 0x00, 0x07, 0x80, 0xF0, 0x00, 0x1E, 0x03, 0xC0,
  0x00, 0x78, 0x0E, 0x00, 0x01, 0xC0, 0x38, 0x00, 0x07, 0x00, 0xE0, 0x00,
  0x1C, 0x00, 0x00, 0x00, 0x3F, 0x80, 0x03, 0xF8, 0x00, 0x00, 0x07, 0xF0,
  0x00, 0x7F, 0x00, 0x00, 0x00, 0xFC, 0x00, 0x0F, 0xE0, 0x00, 0x00, 0x1F,
  0x80, 0x01, 0xF8, 0x00, 0x00, 0x07, 0xF0, 0x00, 0x7F, 0x00, 0x00, 0x00,
  0xFE, 0x00, 0x0F, 0xE0, 0x00, 0x00, 0x1F, 0xC0, 0x01, 0xFC, 0x00, 0x00,
  0x03, 0xF8, 0x00, 0x3F, 0x80, 0x00, 0x00, 0x7E, 0x00, 0x07, 0xE0, 0x00,
  0x00, 0x1F, 0xC0, 0x01, 0xFC, 0x00, 0x00, 0x03, 0xF8, 0x00, 0x3F, 0x80,
  0x00, 0x00, 0x7F, 0x00, 0x07, 0xF0, 0x00, 0x00, 0x0F, 0xE0, 0x00, 0xFE,
  0x00, 0x00, 0x01, 0xF8, 0x00, 0x1F, 0xC0, 0x00, 0x00, 0x7F, 0x00, 0x03,
  0xF0, 0x00, 0x00, 0x0F, 0xE0, 0x00, 0xFE, 0x00, 0x00, 0x01, 0xFC, 0x00,
  0x1F, 0xC0, 0x00, 0x00, 0x3F, 0x80, 0x03, 0xF8, 0x00, 0xFF, 0xFF, 0xFF,
  0xFF, 0xFF, 0xFF, 0x9F, 0xFF, 0xFF, 0xFF, 0xFF, 0xFF, 0xF3, 0xFF, 0xFF,
  0xFF, 0xFF, 0xFF, 0xFE, 0x7F, 0xFF, 0xFF, 0xFF, 0xFF, 0xFF, 0xCF, 0xFF,
  0xFF, 0xFF, 0xFF, 0xFF, 0xF9, 0xFF, 0xFF, 0xFF, 0xFF, 0xFF, 0xFF, 0x00,
  0x03, 0xF0, 0x00, 0x3F, 0x00, 0x00, 0x00, 0xFE, 0x00, 0x0F, 0xE0, 0x00,
  0x00, 0x1F, 0xC0, 0x01, 0xFC, 0x00, 0x00, 0x03, 0xF8, 0x00, 0x3F, 0x80,
  0x00, 0x00, 0x7F, 0x00, 0x07, 0xF0, 0x00, 0x00, 0x0F, 0xC0, 0x00, 0xFE,
  0x00, 0x00, 0x03, 0xF8, 0x00, 0x1F, 0x80, 0x00, 0x00, 0x7F, 0x00, 0x07,
  0xF0, 0x00, 0x00, 0x0F, 0xE0, 0x00, 0xFE, 0x00, 0x00, 0x01, 0xFC, 0x00,
  0x1F, 0xC0, 0x00, 0x00, 0x3F, 0x00, 0x03, 0xF8, 0x00, 0x00, 0x0F, 0xE0,
  0x00, 0x7E, 0x00, 0x00, 0x01, 0xFC, 0x00, 0x1F, 0xC0, 0x00, 0x00, 0x3F,
  0x80, 0x03, 0xF8, 0x00, 0x00, 0x07, 0xF0, 0x00, 0x7F, 0x00, 0x00, 0x00,
  0xFC, 0x00, 0x0F, 0xE0, 0x00, 0x00, 0x1F, 0x80, 0x01, 0xF8, 0x00, 0x1F,
  0xFF, 0xFF, 0xFF, 0xFF, 0xFF, 0xE3, 0xFF, 0xFF, 0xFF, 0xFF, 0xFF, 0xFC,
  0x7F, 0xFF, 0xFF, 0xFF, 0xFF, 0xFF, 0x8F, 0xFF, 0xFF, 0xFF, 0xFF, 0xFF,
  0xF1, 0xFF, 0xFF, 0xFF, 0xFF, 0xFF, 0xFE, 0x3F, 0xFF, 0xFF, 0xFF, 0xFF,
  0xFF, 0xC0, 0x03, 0xF8, 0x00, 0x3F, 0x80, 0x00, 0x00, 0x7F, 0x00, 0x07,
  0xF0, 0x00, 0x00, 0x0F, 0xE0, 0x00, 0xFE, 0x00, 0x00, 0x01, 0xF8, 0x00,
  0x1F, 0xC0, 0x00, 0x00, 0x3F, 0x00, 0x03, 0xF0, 0x00, 0x00, 0x0F, 0xE0,
  0x00, 0xFE, 0x00, 0x00, 0x01, 0xFC, 0x00, 0x1F, 0xC0, 0x00, 0x00, 0x3F,
  0x80, 0x03, 0xF8, 0x00, 0x00, 0x07, 0xE0, 0x00, 0x7F, 0x00, 0x00, 0x00,
  0xFC, 0x00, 0x0F, 0xC0, 0x00, 0x00, 0x3F, 0x80, 0x03, 0xF8, 0x00, 0x00,
  0x07, 0xF0, 0x00, 0x7F, 0x00, 0x00, 0x00, 0xFE, 0x00, 0x0F, 0xE0, 0x00,
  0x00, 0x1F, 0xC0, 0x01, 0xFC, 0x00, 0x00, 0x03, 0xF0, 0x00, 0x3F, 0x00,
  0x00, 0x00, 0xFE, 0x00, 0x07, 0xE0, 0x00, 0x00, 0x1F, 0xC0, 0x01, 0xFC,
  0x00, 0x00, 0x03, 0xF8, 0x00, 0x3F, 0x80, 0x00, 0x00, 0x7F, 0x00, 0x07,
  0xF0, 0x00, 0x00, 0x00, 0x00, 0x07, 0xC0, 0x00, 0x00, 0x00, 0x00, 0x7C,
  0x00, 0x00, 0x00, 0x00, 0x07, 0xC0, 0x00, 0x00, 0x00, 0x00, 0x7C, 0x00,
  0x00, 0x00, 0x00, 0x07, 0xC0, 0x00, 0x00, 0x00, 0x00, 0x7C, 0x00, 0x00,
  0x00, 0x00, 0x07, 0xC0, 0x00, 0x00, 0x00, 0x00, 0x7C, 0x00, 0x00, 0x00,
  0x00, 0x07, 0xC0, 0x00, 0x00, 0x00, 0x07, 0xFF, 0x00, 0x00, 0x00, 0x07,
  0xFF, 0xFE, 0x0F, 0x00, 0x01, 0xFF, 0xFF, 0xFF, 0xF0, 0x00, 0x3F, 0xFF,
  0xFF, 0xFF, 0x00, 0x0F, 0xFE, 0x01, 0xFF, 0xF0, 0x01, 0xFF, 0x00, 0x07,
  0xFF, 0x00, 0x3F, 0xE0, 0x00, 0x1F, 0xF0, 0x07, 0xFC, 0x00, 0x00, 0xFF,
  0x00, 0x7F, 0x80, 0x00, 0x07, 0xF0, 0x0F, 0xF8, 0x00, 0x00, 0x3F, 0x00,
  0xFF, 0x00, 0x00, 0x01, 0xF0, 0x0F, 0xF0, 0x00, 0x00, 0x1F, 0x81, 0xFF,
  0x00, 0x00, 0x00, 0xF8, 0x1F, 0xF0, 0x00, 0x00, 0x0F, 0x81, 0xFF, 0x00,
  0x00, 0x00, 0xF8, 0x1F, 0xF0, 0x00, 0x00, 0x07, 0x81, 0xFF, 0x00, 0x00,
  0x00, 0x78, 0x1F, 0xF8, 0x00, 0x00, 0x07, 0x81, 0xFF, 0x80, 0x00, 0x00,
  0x38, 0x1F, 0xFC, 0x00, 0x00, 0x00, 0x00, 0xFF, 0xE0, 0x00, 0x00, 0x00,
  0x0F, 0xFF, 0x00, 0x00, 0x00, 0x00, 0xFF, 0xFC, 0x00, 0x00, 0x00, 0x07,
  0xFF, 0xE0, 0x00, 0x00, 0x00, 0x7F, 0xFF, 0x80, 0x00, 0x00, 0x03, 0xFF,
  0xFE, 0x00, 0x00, 0x00, 0x1F, 0xFF, 0xF0, 0x00, 0x00, 0x00, 0xFF, 0xFF,
  0xC0, 0x00, 0x00, 0x07, 0xFF, 0xFF, 0x00, 0x00, 0x00, 0x3F, 0xFF, 0xFC,
  0x00, 0x00, 0x01, 0xFF, 0xFF, 0xF0, 0x00, 0x00, 0x07, 0xFF, 0xFF, 0x80,
  0x00, 0x00, 0x3F, 0xFF, 0xFE, 0x00, 0x00, 0x00, 0xFF, 0xFF, 0xF0, 0x00,
  0x00, 0x03, 0xFF, 0xFF, 0xC0, 0x00, 0x00, 0x0F, 0xFF, 0xFE, 0x00, 0x00,
  0x00, 0x3F, 0xFF, 0xF0, 0x00, 0x00, 0x00, 0xFF, 0xFF, 0x80, 0x00, 0x00,
  0x03, 0xFF, 0xF8, 0x70, 0x00, 0x00, 0x1F, 0xFF, 0xC7, 0x80, 0x00, 0x00,
  0x7F, 0xFE, 0xF8, 0x00, 0x00, 0x03, 0xFF, 0xE7, 0x80, 0x00, 0x00, 0x1F,
  0xFE, 0x78, 0x00, 0x00, 0x00, 0xFF, 0xF7, 0xC0, 0x00, 0x00, 0x07, 0xFF,
  0x7C, 0x00, 0x00, 0x00, 0x7F, 0xF7, 0xC0, 0x00, 0x00, 0x03, 0xFF, 0x7E,
  0x00, 0x00, 0x00, 0x3F, 0xF7, 0xE0, 0x00, 0x00, 0x03, 0xFF, 0x7F, 0x00,
  0x00, 0x00, 0x3F, 0xF7, 0xF0, 0x00, 0x00, 0x03, 0xFF, 0x7F, 0x80, 0x00,
  0x00, 0x3F, 0xE7, 0xF8, 0x00, 0x00, 0x07, 0xFE, 0x7F, 0xC0, 0x00, 0x00,
  0x7F, 0xE7, 0xFE, 0x00, 0x00, 0x07, 0xFC, 0x7F, 0xF0, 0x00, 0x00, 0xFF,
  0xC7, 0xFF, 0x80, 0x00, 0x1F, 0xF8, 0x7F, 0xFE, 0x00, 0x01, 0xFF, 0x87,
  0xFF, 0xF8, 0x00, 0x7F, 0xF0, 0x7C, 0x7F, 0xF0, 0x1F, 0xFE, 0x03, 0x83,
  0xFF, 0xFF, 0xFF, 0xC0, 0x00, 0x07, 0xFF, 0xFF, 0xF0, 0x00, 0x00, 0x1F,
  0xFF, 0xFC, 0x00, 0x00, 0x00, 0x3F, 0xFE, 0x00, 0x00, 0x00, 0x00, 0x7C,
  0x00, 0x00, 0x00, 0x00, 0x07, 0xC0, 0x00, 0x00, 0x00, 0x00, 0x7C, 0x00,
  0x00, 0x00, 0x00, 0x07, 0xC0, 0x00, 0x00, 0x00, 0x00, 0x7C, 0x00, 0x00,
  0x00, 0x00, 0x07, 0xC0, 0x00, 0x00, 0x00, 0x00, 0x7C, 0x00, 0x00, 0x00,
  0x00, 0x07, 0xC0, 0x00, 0x00, 0x00, 0x00, 0x7C, 0x00, 0x00, 0x00, 0x00,
  0x07, 0xC0, 0x00, 0x00, 0x00, 0x1F, 0xF0, 0x00, 0x00, 0x00, 0x00, 0x00,
  0x00, 0x1F, 0xFF, 0xC0, 0x00, 0x00, 0x00, 0x00, 0x00, 0x07, 0xFF, 0xFC,
  0x00, 0x00, 0x07, 0xF0, 0x00, 0x03, 0xFF, 0xFF, 0xE0, 0x00, 0x00, 0xFC,
  0x00, 0x00, 0xFF, 0x03, 0xFE, 0x00, 0x00, 0x3F, 0x80, 0x00, 0x1F, 0x80,
  0x1F, 0xC0, 0x00, 0x0F, 0xE0, 0x00, 0x07, 0xE0, 0x01, 0xFC, 0x00, 0x01,
  0xFC, 0x00, 0x01, 0xFC, 0x00, 0x3F, 0xC0, 0x00, 0x7F, 0x00, 0x00, 0x3F,
  0x00, 0x03, 0xF8, 0x00, 0x0F, 0xE0, 0x00, 0x0F, 0xE0, 0x00, 0x7F, 0x80,
  0x03, 0xF8, 0x00, 0x01, 0xFC, 0x00, 0x0F, 0xF0, 0x00, 0x7F, 0x00, 0x00,
  0x3F, 0x00, 0x01, 0xFE, 0x00, 0x1F, 0xC0, 0x00, 0x0F, 0xE0, 0x00, 0x1F,
  0xE0, 0x03, 0xF8, 0x00, 0x01, 0xFC, 0x00, 0x03, 0xFC, 0x00, 0xFE, 0x00,
  0x00, 0x3F, 0x80, 0x00, 0x7F, 0x80, 0x3F, 0x80, 0x00, 0x07, 0xF0, 0x00,
  0x0F, 0xF0, 0x07, 0xF0, 0x00, 0x00, 0xFE, 0x00, 0x01, 0xFE, 0x01, 0xFC,
  0x00, 0x00, 0x1F, 0xC0, 0x00, 0x3F, 0xC0, 0x3F, 0x80, 0x00, 0x03, 0xF8,
  0x00, 0x07, 0xF8, 0x0F, 0xE0, 0x00, 0x00, 0x7F, 0x00, 0x00, 0xFF, 0x01,
  0xFC, 0x00, 0x00, 0x0F, 0xE0, 0x00, 0x1F, 0xE0, 0x7F, 0x00, 0x00, 0x01,
  0xFC, 0x00, 0x03, 0xFC, 0x0F, 0xE0, 0x00, 0x00, 0x3F, 0x80, 0x00, 0x7F,
  0x83, 0xF8, 0x00, 0x00, 0x03, 0xF0, 0x00, 0x0F, 0xE0, 0x7E, 0x00, 0x00,
  0x00, 0x7F, 0x00, 0x03, 0xFC, 0x1F, 0xC0, 0x00, 0x00, 0x0F, 0xE0, 0x00,
  0x7F, 0x87, 0xF0, 0x00, 0x00, 0x00, 0xFC, 0x00, 0x0F, 0xE0, 0xFE, 0x00,
  0x00, 0x00, 0x1F, 0xC0, 0x03, 0xFC, 0x3F, 0x80, 0x00, 0x00, 0x01, 0xF8,
  0x00, 0x7F, 0x07, 0xF0, 0x00, 0x00, 0x00, 0x3F, 0x80, 0x1F, 0xC1, 0xFC,
  0x00, 0x00, 0x00, 0x03, 0xFC, 0x0F, 0xF8, 0x3F, 0x80, 0x00, 0x00, 0x00,
  0x3F, 0xFF, 0xFC, 0x0F, 0xE0, 0x00, 0x00, 0x00, 0x03, 0xFF, 0xFF, 0x01,
  0xF8, 0x00, 0x00, 0x00, 0x00, 0x1F, 0xFF, 0x80, 0x7F, 0x00, 0x00, 0x00,
  0x00, 0x00, 0x7F, 0xC0, 0x1F, 0xC0, 0x00, 0x00, 0x00, 0x00, 0x00, 0x00,
  0x03, 0xF8, 0x00, 0xFF, 0x80, 0x00, 0x00, 0x00, 0x00, 0xFE, 0x00, 0xFF,
  0xFE, 0x00, 0x00, 0x00, 0x00, 0x1F, 0xC0, 0x3F, 0xFF, 0xE0, 0x00, 0x00,
  0x00, 0x07, 0xF0, 0x1F, 0xFF, 0xFF, 0x00, 0x00, 0x00, 0x00, 0xFE, 0x07,
  0xF8, 0x1F, 0xF0, 0x00, 0x00, 0x00, 0x3F, 0x81, 0xFC, 0x00, 0xFF, 0x00,
  0x00, 0x00, 0x07, 0xF0, 0x3F, 0x00, 0x0F, 0xE0, 0x00, 0x00, 0x01, 0xFC,
  0x0F, 0xE0, 0x01, 0xFE, 0x00, 0x00, 0x00, 0x3F, 0x01, 0xF8, 0x00, 0x1F,
  0xC0, 0x00, 0x00, 0x0F, 0xE0, 0x7F, 0x00, 0x03, 0xFC, 0x00, 0x00, 0x03,
  0xF8, 0x0F, 0xE0, 0x00, 0x7F, 0x80, 0x00, 0x00, 0x7F, 0x01, 0xF8, 0x00,
  0x07, 0xF0, 0x00, 0x00, 0x1F, 0xC0, 0x7F, 0x00, 0x00, 0xFF, 0x00, 0x00,
  0x03, 0xF8, 0x0F, 0xE0, 0x00, 0x1F, 0xE0, 0x00, 0x00, 0xFE, 0x01, 0xFC,
  0x00, 0x03, 0xFC, 0x00, 0x00, 0x1F, 0xC0, 0x3F, 0x80, 0x00, 0x7F, 0x80,
  0x00, 0x07, 0xF0, 0x07, 0xF0, 0x00, 0x0F, 0xF0, 0x00, 0x00, 0xFC, 0x00,
  0xFE, 0x00, 0x01, 0xFE, 0x00, 0x00, 0x3F, 0x80, 0x1F, 0xC0, 0x00, 0x3F,
  0xC0, 0x00, 0x0F, 0xE0, 0x03, 0xF8, 0x00, 0x07, 0xF8, 0x00, 0x01, 0xFC,
  0x00, 0x7F, 0x00, 0x00, 0xFF, 0x00, 0x00, 0x7F, 0x00, 0x0F, 0xE0, 0x00,
  0x1F, 0xE0, 0x00, 0x0F, 0xE0, 0x00, 0xFC, 0x00, 0x03, 0xF8, 0x00, 0x03,
  0xF8, 0x00, 0x1F, 0xC0, 0x00, 0xFF, 0x00, 0x00, 0x7F, 0x00, 0x03, 0xF8,
  0x00, 0x1F, 0xE0, 0x00, 0x1F, 0xC0, 0x00, 0x3F, 0x00, 0x03, 0xF8, 0x00,
  0x03, 0xF0, 0x00, 0x07, 0xF0, 0x00, 0xFF, 0x00, 0x00, 0xFE, 0x00, 0x00,
  0x7E, 0x00, 0x1F, 0xC0, 0x00, 0x1F, 0x80, 0x00, 0x0F, 0xE0, 0x07, 0xF8,
  0x00, 0x07, 0xF0, 0x00, 0x00, 0xFF, 0x03, 0xFE, 0x00, 0x01, 0xFC, 0x00,
  0x00, 0x0F, 0xFF, 0xFF, 0x80, 0x00, 0x3F, 0x80, 0x00, 0x00, 0xFF, 0xFF,
  0xC0, 0x00, 0x00, 0x00, 0x00, 0x00, 0x07, 0xFF, 0xE0, 0x00, 0x00, 0x00,
  0x00, 0x00, 0x00, 0x1F, 0xF0, 0x00, 0x00, 0x00, 0x1F, 0xF8, 0x00, 0x00,
  0x00, 0x00, 0x00, 0x07, 0xFF, 0xF8, 0x00, 0x00, 0x00, 0x00, 0x00, 0xFF,
  0xFF, 0xF0, 0x00, 0x00, 0x00, 0x00, 0x1F, 0xF0, 0x7F, 0xC0, 0x00, 0x00,
  0x00, 0x01, 0xFE, 0x00, 0xFF, 0x00, 0x00, 0x00, 0x00, 0x1F, 0xE0, 0x03,
  0xFC, 0x00, 0x00, 0x00, 0x00, 0xFF, 0x00, 0x1F, 0xF0, 0x00, 0x00, 0x00,
  0x0F, 0xF0, 0x00, 0x7F, 0x80, 0x00, 0x00, 0x00, 0xFF, 0x80, 0x03, 0xFE,
  0x00, 0x00, 0x00, 0x07, 0xF8, 0x00, 0x0F, 0xF0, 0x00, 0x00, 0x00, 0x3F,
  0xC0, 0x00, 0x7F, 0x80, 0x00, 0x00, 0x03, 0xFE, 0x00, 0x03, 0xFC, 0x00,
  0x00, 0x00, 0x1F, 0xF0, 0x00, 0x1F, 0xE0, 0x00, 0x00, 0x00, 0xFF, 0x80,
  0x00, 0xFF, 0x00, 0x00, 0x00, 0x07, 0xFC, 0x00, 0x07, 0xF8, 0x00, 0x00,
  0x00, 0x3F, 0xE0, 0x00, 0x3F, 0xC0, 0x00, 0x00, 0x01, 0xFF, 0x00, 0x01,
  0xFC, 0x00, 0x00, 0x00, 0x0F, 0xFC, 0x00, 0x0F, 0xE0, 0x00, 0x00, 0x00,
  0x7F, 0xE0, 0x00, 0xFF, 0x00, 0x00, 0x00, 0x03, 0xFF, 0x00, 0x07, 0xF0,
  0x00, 0x00, 0x00, 0x0F, 0xFC, 0x00, 0x7F, 0x80, 0x00, 0x00, 0x00, 0x7F,
  0xE0, 0x03, 0xF8, 0x00, 0x00, 0x00, 0x01, 0xFF, 0x80, 0x3F, 0x80, 0x00,
  0x00, 0x00, 0x0F, 0xFC, 0x03, 0xF8, 0x00, 0x00, 0x00, 0x00, 0x3F, 0xF0,
  0x3F, 0x80, 0x00, 0x00, 0x00, 0x01, 0xFF, 0xC3, 0xF8, 0x03, 0xFF, 0xFF,
  0xC0, 0x07, 0xFE, 0x7F, 0x00, 0x3F, 0xFF, 0xFE, 0x00, 0x1F, 0xFF, 0xF0,
  0x01, 0xFF, 0xFF, 0xF0, 0x00, 0xFF, 0xFE, 0x00, 0x07, 0xFF, 0xFF, 0x80,
  0x03, 0xFF, 0xE0, 0x00, 0x03, 0xFF, 0x80, 0x00, 0x0F, 0xFE, 0x00, 0x00,
  0x07, 0xF0, 0x00, 0x00, 0x3F, 0xF0, 0x00, 0x00, 0x3F, 0x00, 0x00, 0x07,
  0xFF, 0xC0, 0x00, 0x01, 0xF8, 0x00, 0x00, 0xFF, 0xFF, 0x00, 0x00, 0x1F,
  0x80, 0x00, 0x1F, 0xFF, 0xFC, 0x00, 0x00, 0xFC, 0x00, 0x01, 0xFC, 0x7F,
  0xF0, 0x00, 0x07, 0xC0, 0x00, 0x3F, 0xC1, 0xFF, 0xC0, 0x00, 0x7E, 0x00,
  0x03, 0xFC, 0x07, 0xFF, 0x00, 0x03, 0xE0, 0x00, 0x3F, 0xE0, 0x1F, 0xFC,
  0x00, 0x1F, 0x00, 0x03, 0xFE, 0x00, 0x7F, 0xE0, 0x01, 0xF0, 0x00, 0x1F,
  0xF0, 0x03, 0xFF, 0x80, 0x0F, 0x80, 0x01, 0xFF, 0x00, 0x0F, 0xFE, 0x00,
  0x78, 0x00, 0x0F, 0xF8, 0x00, 0x3F, 0xF8, 0x07, 0xC0, 0x00, 0xFF, 0xC0,
  0x00, 0xFF, 0xE0, 0x3E, 0x00, 0x07, 0xFC, 0x00, 0x03, 0xFF, 0x81, 0xE0,
  0x00, 0x7F, 0xE0, 0x00, 0x0F, 0xFE, 0x1F, 0x00, 0x03, 0xFF, 0x00, 0x00,
  0x7F, 0xF0, 0xF0, 0x00, 0x1F, 0xF8, 0x00, 0x01, 0xFF, 0xC7, 0x80, 0x00,
  0xFF, 0xC0, 0x00, 0x07, 0xFF, 0x78, 0x00, 0x07, 0xFE, 0x00, 0x00, 0x1F,
  0xFF, 0xC0, 0x00, 0x3F, 0xF0, 0x00, 0x00, 0x7F, 0xFC, 0x00, 0x01, 0xFF,
  0x80, 0x00, 0x01, 0xFF, 0xE0, 0x00, 0x0F, 0xFC, 0x00, 0x00, 0x0F, 0xFF,
  0x00, 0x00, 0x7F, 0xE0, 0x00, 0x00, 0x3F, 0xF8, 0x00, 0x01, 0xFF, 0x80,
  0x00, 0x00, 0xFF, 0xE0, 0x00, 0x0F, 0xFC, 0x00, 0x00, 0x03, 0xFF, 0x80,
  0x00, 0x7F, 0xE0, 0x00, 0x00, 0x0F, 0xFE, 0x00, 0x01, 0xFF, 0x80, 0x00,
  0x00, 0x7F, 0xF8, 0x00, 0x0F, 0xFC, 0x00, 0x00, 0x07, 0xFF, 0xE0, 0x00,
  0x3F, 0xF0, 0x00, 0x00, 0x7F, 0xFF, 0x80, 0x00, 0xFF, 0xC0, 0x00, 0x0F,
  0xFF, 0xFE, 0x00, 0x07, 0xFF, 0x00, 0x00, 0xFE, 0x7F, 0xFC, 0x00, 0x1F,
  0xFC, 0x00, 0x1F, 0xE1, 0xFF, 0xF8, 0x00, 0x3F, 0xF8, 0x07, 0xFC, 0x07,
  0xFF, 0xFC, 0x00, 0xFF, 0xFF, 0xFF, 0xC0, 0x1F, 0xFF, 0xF0, 0x01, 0xFF,
  0xFF, 0xF8, 0x00, 0x7F, 0xFF, 0x80, 0x03, 0xFF, 0xFF, 0x00, 0x01, 0xFF,
  0xF8, 0x00, 0x01, 0xFF, 0xC0, 0x00, 0x00, 0x00, 0x00, 0x0F, 0x83, 0xF8,
  0xFF, 0x3F, 0xF7, 0xFF, 0xFF, 0xFF, 0xFF, 0xFE, 0xFF, 0xDF, 0xFB, 0xFE,
  0x7F, 0xCF, 0xF9, 0xFF, 0x3F, 0xC7, 0xF8, 0xFF, 0x1F, 0xC3, 0xF8, 0x7F,
  0x0F, 0xC1, 0xF8, 0x3F, 0x07, 0xE0, 0xF8, 0x1F, 0x03, 0xE0, 0x78, 0x0F,
  0x01, 0xE0, 0x38, 0x07, 0x00, 0xE0, 0x00, 0x00, 0x00, 0x01, 0xE0, 0x00,
  0x01, 0xFC, 0x00, 0x00, 0xFF, 0x80, 0x00, 0x7F, 0xF0, 0x00, 0x1F, 0xF0,
  0x00, 0x0F, 0xF8, 0x00, 0x03, 0xFE, 0x00, 0x00, 0xFF, 0x00, 0x00, 0x3F,
  0xC0, 0x00, 0x07, 0xF0, 0x00, 0x01, 0xFE, 0x00, 0x00, 0x7F, 0x80, 0x00,
  0x1F, 0xF0, 0x00, 0x03, 0xFC, 0x00, 0x00, 0xFF, 0x80, 0x00, 0x1F, 0xE0,
  0x00, 0x07, 0xFC, 0x00, 0x00, 0xFF, 0x00, 0x00, 0x3F, 0xE0, 0x00, 0x07,
  0xFC, 0x00, 0x00, 0xFF, 0x00, 0x00, 0x3F, 0xE0, 0x00, 0x07, 0xFC, 0x00,
  0x00, 0xFF, 0x80, 0x00, 0x3F, 0xF0, 0x00, 0x07, 0xFC, 0x00, 0x00, 0xFF,
  0x80, 0x00, 0x3F, 0xF0, 0x00, 0x07, 0xFE, 0x00, 0x00, 0xFF, 0xC0, 0x00,
  0x1F, 0xF8, 0x00, 0x03, 0xFE, 0x00, 0x00, 0x7F, 0xC0, 0x00, 0x0F, 0xF8,
  0x00, 0x03, 0xFF, 0x00, 0x00, 0x7F, 0xE0, 0x00, 0x0F, 0xFC, 0x00, 0x01,
  0xFF, 0x80, 0x00, 0x3F, 0xF0, 0x00, 0x07, 0xFE, 0x00, 0x00, 0xFF, 0xC0,
  0x00, 0x1F, 0xF8, 0x00, 0x03, 0xFF, 0x00, 0x00, 0x7F, 0xE0, 0x00, 0x0F,
  0xFC, 0x00, 0x01, 0xFF, 0x80, 0x00, 0x3F, 0xF0, 0x00, 0x07, 0xFE, 0x00,
  0x00, 0xFF, 0xC0, 0x00, 0x1F, 0xF8, 0x00, 0x03, 0xFF, 0x00, 0x00, 0x7F,
  0xE0, 0x00, 0x0F, 0xFC, 0x00, 0x01, 0xFF, 0x80, 0x00, 0x1F, 0xF0, 0x00,
  0x03, 0xFF, 0x00, 0x00, 0x7F, 0xE0, 0x00, 0x0F, 0xFC, 0x00, 0x01, 0xFF,
  0x80, 0x00, 0x3F, 0xF0, 0x00, 0x03, 0xFE, 0x00, 0x00, 0x7F, 0xC0, 0x00,
  0x0F, 0xFC, 0x00, 0x00, 0xFF, 0x80, 0x00, 0x1F, 0xF0, 0x00, 0x03, 0xFE,
  0x00, 0x00, 0x3F, 0xC0, 0x00, 0x07, 0xFC, 0x00, 0x00, 0xFF, 0x80, 0x00,
  0x0F, 0xF0, 0x00, 0x01, 0xFF, 0x00, 0x00, 0x1F, 0xE0, 0x00, 0x03, 0xFE,
  0x00, 0x00, 0x3F, 0xC0, 0x00, 0x07, 0xFC, 0x00, 0x00, 0x7F, 0x80, 0x00,
  0x07, 0xF8, 0x00, 0x00, 0x7F, 0x00, 0x00, 0x0F, 0xF0, 0x00, 0x00, 0xFF,
  0x00, 0x00, 0x0F, 0xF0, 0x00, 0x00, 0xFF, 0x80, 0x00, 0x07, 0xFC, 0x00,
  0x00, 0x7F, 0xF0, 0x00, 0x03, 0xFE, 0x00, 0x00, 0x1F, 0xC0, 0x00, 0x00,
  0x78, 0xF0, 0x00, 0x00, 0x0F, 0xF0, 0x00, 0x00, 0xFF, 0xC0, 0x00, 0x0F,
  0xFF, 0x00, 0x00, 0x1F, 0xF8, 0x00, 0x00, 0x3F, 0xC0, 0x00, 0x01, 0xFE,
  0x00, 0x00, 0x0F, 0xF0, 0x00, 0x00, 0x7F, 0x80, 0x00, 0x03, 0xFC, 0x00,
  0x00, 0x1F, 0xE0, 0x00, 0x00, 0xFF, 0x00, 0x00, 0x0F, 0xF0, 0x00, 0x00,
  0x7F, 0x80, 0x00, 0x07, 0xFC, 0x00, 0x00, 0x3F, 0xC0, 0x00, 0x03, 0xFE,
  0x00, 0x00, 0x3F, 0xE0, 0x00, 0x01, 0xFF, 0x00, 0x00, 0x1F, 0xF0, 0x00,
  0x01, 0xFF, 0x00, 0x00, 0x0F, 0xF8, 0x00, 0x00, 0xFF, 0x80, 0x00, 0x0F,
  0xF8, 0x00, 0x00, 0xFF, 0xC0, 0x00, 0x07, 0xFC, 0x00, 0x00, 0x7F, 0xC0,
  0x00, 0x07, 0xFC, 0x00, 0x00, 0x7F, 0xE0, 0x00, 0x07, 0xFE, 0x00, 0x00,
  0x7F, 0xE0, 0x00, 0x07, 0xFE, 0x00, 0x00, 0x3F, 0xE0, 0x00, 0x03, 0xFE,
  0x00, 0x00, 0x3F, 0xF0, 0x00, 0x03, 0xFF, 0x00, 0x00, 0x3F, 0xF0, 0x00,
  0x03, 0xFF, 0x00, 0x00, 0x3F, 0xF0, 0x00, 0x03, 0xFF, 0x00, 0x00, 0x3F,
  0xF0, 0x00, 0x03, 0xFF, 0x00, 0x00, 0x3F, 0xF0, 0x00, 0x03, 0xFF, 0x00,
  0x00, 0x3F, 0xF0, 0x00, 0x03, 0xFF, 0x00, 0x00, 0x3F, 0xF0, 0x00, 0x03,
  0xFF, 0x00, 0x00, 0x3F, 0xF0, 0x00, 0x03, 0xFF, 0x00, 0x00, 0x3F, 0xF0,
  0x00, 0x03, 0xFF, 0x00, 0x00, 0x3F, 0xF0, 0x00, 0x03, 0xFE, 0x00, 0x00,
  0x3F, 0xE0, 0x00, 0x07, 0xFE, 0x00, 0x00, 0x7F, 0xE0, 0x00, 0x07, 0xFE,
  0x00, 0x00, 0x7F, 0xE0, 0x00, 0x07, 0xFC, 0x00, 0x00, 0x7F, 0xC0, 0x00,
  0x07, 0xFC, 0x00, 0x00, 0xFF, 0xC0, 0x00, 0x0F, 0xF8, 0x00, 0x00, 0xFF,
  0x80, 0x00, 0x0F, 0xF8, 0x00, 0x01, 0xFF, 0x00, 0x00, 0x1F, 0xF0, 0x00,
  0x01, 0xFF, 0x00, 0x00, 0x1F, 0xE0, 0x00, 0x03, 0xFE, 0x00, 0x00, 0x3F,
  0xC0, 0x00, 0x07, 0xFC, 0x00, 0x00, 0x7F, 0x80, 0x00, 0x0F, 0xF0, 0x00,
  0x00, 0xFF, 0x00, 0x00, 0x1F, 0xE0, 0x00, 0x03, 0xFC, 0x00, 0x00, 0x7F,
  0x80, 0x00, 0x0F, 0xF0, 0x00, 0x01, 0xFE, 0x00, 0x00, 0x3F, 0xC0, 0x00,
  0x1F, 0xF8, 0x00, 0x0F, 0xFE, 0x00, 0x00, 0xFF, 0xC0, 0x00, 0x0F, 0xF0,
  0x00, 0x00, 0xF8, 0x00, 0x00, 0x00, 0x00, 0x00, 0x78, 0x00, 0x00, 0x00,
  0x07, 0xF8, 0x00, 0x00, 0x00, 0x1F, 0xE0, 0x00, 0x00, 0x00, 0xFF, 0xC0,
  0x00, 0x00, 0x03, 0xFF, 0x00, 0x00, 0x00, 0x0F, 0xFC, 0x00, 0x00, 0x00,
  0x3F, 0xF0, 0x00, 0x00, 0x00, 0xFF, 0xC0, 0x00, 0x00, 0x01, 0xFF, 0x00,
  0x00, 0x00, 0x07, 0xF8, 0x00, 0x00, 0x00, 0x1F, 0xE0, 0x00, 0x00, 0x00,
  0x3F, 0x00, 0x00, 0x3E, 0x00, 0xFC, 0x01, 0xF1, 0xFE, 0x03, 0xF0, 0x1F,
  0xEF, 0xFC, 0x0F, 0x81, 0xFF, 0xFF, 0xFC, 0x1E, 0x0F, 0xFF, 0xFF, 0xFC,
  0x78, 0xFF, 0xFF, 0xFF, 0xF9, 0xEF, 0xFF, 0xF7, 0xFF, 0xFF, 0xFF, 0xFF,
  0x9F, 0xFF, 0xFF, 0xFF, 0xFE, 0x1F, 0xFF, 0xFF, 0xFF, 0xE0, 0x00, 0x03,
  0xF0, 0x00, 0x00, 0x00, 0x1F, 0xE0, 0x00, 0x00, 0x00, 0xFF, 0xC0, 0x00,
  0x00, 0x07, 0xCF, 0x80, 0x00, 0x00, 0x7F, 0x3F, 0x00, 0x00, 0x03, 0xFC,
  0xFE, 0x00, 0x00, 0x1F, 0xE1, 0xFE, 0x00, 0x00, 0xFF, 0x87, 0xF8, 0x00,
  0x07, 0xFC, 0x1F, 0xF0, 0x00, 0x3F, 0xF0, 0x3F, 0xE0, 0x01, 0xFF, 0xC0,
  0xFF, 0xC0, 0x07, 0xFE, 0x03, 0xFF, 0x00, 0x1F, 0xF8, 0x07, 0xFC, 0x00,
  0x7F, 0xE0, 0x1F, 0xF0, 0x01, 0xFF, 0x00, 0x3F, 0xC0, 0x03, 0xF8, 0x00,
  0xFE, 0x00, 0x07, 0xC0, 0x00, 0xF0, 0x00, 0x00, 0x00, 0x3F, 0xC0, 0x00,
  0x00, 0x00, 0x01, 0xFE, 0x00, 0x00, 0x00, 0x00, 0x0F, 0xF0, 0x00, 0x00,
  0x00, 0x00, 0x7F, 0x80, 0x00, 0x00, 0x00, 0x03, 0xFC, 0x00, 0x00, 0x00,
  0x00, 0x1F, 0xE0, 0x00, 0x00, 0x00, 0x00, 0xFF, 0x00, 0x00, 0x00, 0x00,
  0x07, 0xF8, 0x00, 0x00, 0x00, 0x00, 0x3F, 0xC0, 0x00, 0x00, 0x00, 0x01,
  0xFE, 0x00, 0x00, 0x00, 0x00, 0x0F, 0xF0, 0x00, 0x00, 0x00, 0x00, 0x7F,
  0x80, 0x00, 0x00, 0x00, 0x03, 0xFC, 0x00, 0x00, 0x00, 0x00, 0x1F, 0xE0,
  0x00, 0x00, 0x00, 0x00, 0xFF, 0x00, 0x00, 0x00, 0x00, 0x07, 0xF8, 0x00,
  0x00, 0x00, 0x00, 0x3F, 0xC0, 0x00, 0x00, 0x00, 0x01, 0xFE, 0x00, 0x00,
  0x00, 0x00, 0x0F, 0xF0, 0x00, 0x01, 0xFF, 0xFF, 0xFF, 0xFF, 0xFF, 0xFF,
  0xFF, 0xFF, 0xFF, 0xFF, 0xFF, 0xFF, 0xFF, 0xFF, 0xFF, 0xFF, 0xFF, 0xFF,
  0xFF, 0xFF, 0xFF, 0xFF, 0xFF, 0xFF, 0xFF, 0xFF, 0xFF, 0xFF, 0xFF, 0xFF,
  0xFF, 0xFF, 0xFF, 0xFF, 0xFF, 0xFF, 0xFF, 0xFF, 0xFF, 0xC0, 0x00, 0x0F,
  0xF0, 0x00, 0x00, 0x00, 0x00, 0x7F, 0x80, 0x00, 0x00, 0x00, 0x03, 0xFC,
  0x00, 0x00, 0x00, 0x00, 0x1F, 0xE0, 0x00, 0x00, 0x00, 0x00, 0xFF, 0x00,
  0x00, 0x00, 0x00, 0x07, 0xF8, 0x00, 0x00, 0x00, 0x00, 0x3F, 0xC0, 0x00,
  0x00, 0x00, 0x01, 0xFE, 0x00, 0x00, 0x00, 0x00, 0x0F, 0xF0, 0x00, 0x00,
  0x00, 0x00, 0x7F, 0x80, 0x00, 0x00, 0x00, 0x03, 0xFC, 0x00, 0x00, 0x00,
  0x00, 0x1F, 0xE0, 0x00, 0x00, 0x00, 0x00, 0xFF, 0x00, 0x00, 0x00, 0x00,
  0x07, 0xF8, 0x00, 0x00, 0x00, 0x00, 0x3F, 0xC0, 0x00, 0x00, 0x00, 0x01,
  0xFE, 0x00, 0x00, 0x00, 0x00, 0x0F, 0xF0, 0x00, 0x00, 0x00, 0x00, 0x7F,
  0x80, 0x00, 0x00, 0x00, 0x03, 0xFC, 0x00, 0x00, 0x00, 0x00, 0x1F, 0xE0,
  0x00, 0x00, 0x1F, 0x81, 0xFE, 0x1F, 0xF9, 0xFF, 0xEF, 0xFF, 0x7F, 0xFF,
  0xFF, 0xFF, 0xFF, 0xFF, 0xFB, 0xFF, 0xCF, 0xFE, 0x3F, 0xF0, 0x7F, 0x83,
  0xFC, 0x1F, 0xC0, 0xFE, 0x07, 0xF0, 0x3F, 0x01, 0xF8, 0x0F, 0xC0, 0xFC,
  0x07, 0xC0, 0x7E, 0x03, 0xE0, 0x3E, 0x03, 0xF0, 0x1F, 0x00, 0xF0, 0x02,
  0x00, 0x00, 0xFF, 0xFF, 0xFF, 0xFF, 0xFF, 0xFF, 0xFF, 0xFF, 0xFF, 0xFF,
  0xFF, 0xFF, 0xFF, 0xFF, 0xFF, 0xFF, 0xFF, 0xFF, 0xFC, 0x0F, 0x81, 0xFF,
  0x1F, 0xFC, 0xFF, 0xEF, 0xFF, 0xFF, 0xFF, 0xFF, 0xFF, 0xFF, 0xFF, 0xFB,
  0xFF, 0x9F, 0xF8, 0x7F, 0xC0, 0xF8, 0x00, 0x00, 0x00, 0x03, 0xF0, 0x00,
  0x00, 0x3F, 0x00, 0x00, 0x07, 0xF0, 0x00, 0x00, 0x7E, 0x00, 0x00, 0x07,
  0xE0, 0x00, 0x00, 0x7E, 0x00, 0x00, 0x0F, 0xE0, 0x00, 0x00, 0xFC, 0x00,
  0x00, 0x0F, 0xC0, 0x00, 0x00, 0xFC, 0x00, 0x00, 0x1F, 0xC0, 0x00, 0x01,
  0xFC, 0x00, 0x00, 0x1F, 0x80, 0x00, 0x01, 0xF8, 0x00, 0x00, 0x1F, 0x80,
  0x00, 0x03, 0xF8, 0x00, 0x00, 0x3F, 0x00, 0x00, 0x03, 0xF0, 0x00, 0x00,
  0x3F, 0x00, 0x00, 0x07, 0xF0, 0x00, 0x00, 0x7E, 0x00, 0x00, 0x07, 0xE0,
  0x00, 0x00, 0x7E, 0x00, 0x00, 0x0F, 0xE0, 0x00, 0x00, 0xFE, 0x00, 0x00,
  0x0F, 0xC0, 0x00, 0x00, 0xFC, 0x00, 0x00, 0x0F, 0xC0, 0x00, 0x01, 0xFC,
  0x00, 0x00, 0x1F, 0x80, 0x00, 0x01, 0xF8, 0x00, 0x00, 0x1F, 0x80, 0x00,
  0x03, 0xF8, 0x00, 0x00, 0x3F, 0x00, 0x00, 0x03, 0xF0, 0x00, 0x00, 0x3F,
  0x00, 0x00, 0x07, 0xF0, 0x00, 0x00, 0x7F, 0x00, 0x00, 0x07, 0xE0, 0x00,
  0x00, 0x7E, 0x00, 0x00, 0x07, 0xE0, 0x00, 0x00, 0xFE, 0x00, 0x00, 0x0F,
  0xC0, 0x00, 0x00, 0xFC, 0x00, 0x00, 0x0F, 0xC0, 0x00, 0x01, 0xFC, 0x00,
  0x00, 0x1F, 0x80, 0x00, 0x01, 0xF8, 0x00, 0x00, 0x1F, 0x80, 0x00, 0x03,
  0xF8, 0x00, 0x00, 0x3F, 0x80, 0x00, 0x03, 0xF0, 0x00, 0x00, 0x3F, 0x00,
  0x00, 0x03, 0xF0, 0x00, 0x00, 0x7F, 0x00, 0x00, 0x07, 0xE0, 0x00, 0x00,
  0x7E, 0x00, 0x00, 0x07, 0xE0, 0x00, 0x00, 0xFE, 0x00, 0x00, 0x0F, 0xC0,
  0x00, 0x00, 0xFC, 0x00, 0x00, 0x0F, 0xC0, 0x00, 0x01, 0xFC, 0x00, 0x00,
  0x1F, 0x80, 0x00, 0x01, 0xF8, 0x00, 0x00, 0x1F, 0x80, 0x00, 0x01, 0xF8,
  0x00, 0x00, 0x3F, 0x80, 0x00, 0x03, 0xF0, 0x00, 0x00, 0x3F, 0x00, 0x00,
  0x03, 0xF0, 0x00, 0x00, 0x7F, 0x00, 0x00, 0x07, 0xE0, 0x00, 0x00, 0x7E,
  0x00, 0x00, 0x07, 0xE0, 0x00, 0x00, 0xFE, 0x00, 0x00, 0x0F, 0xC0, 0x00,
  0x00, 0xFC, 0x00, 0x00, 0x0F, 0xC0, 0x00, 0x00, 0xFC, 0x00, 0x00, 0x1F,
  0xC0, 0x00, 0x01, 0xF8, 0x00, 0x00, 0x1F, 0x80, 0x00, 0x01, 0xF8, 0x00,
  0x00, 0x3F, 0x80, 0x00, 0x03, 0xF0, 0x00, 0x00, 0x3F, 0x00, 0x00, 0x03,
  0xF0, 0x00, 0x00, 0x7F, 0x00, 0x00, 0x07, 0xE0, 0x00, 0x00, 0x7E, 0x00,
  0x00, 0x07, 0xE0, 0x00, 0x00, 0x7E, 0x00, 0x00, 0x0F, 0xE0, 0x00, 0x00,
  0xFC, 0x00, 0x00, 0x00, 0x00, 0x00, 0x3F, 0xF0, 0x00, 0x00, 0x00, 0x1F,
  0xFF, 0xF0, 0x00, 0x00, 0x03, 0xFF, 0xFF, 0xE0, 0x00, 0x00, 0x3F, 0xFF,
  0xFF, 0xC0, 0x00, 0x07, 0xFE, 0x03, 0xFF, 0x00, 0x00, 0x7F, 0x80, 0x07,
  0xFC, 0x00, 0x07, 0xF8, 0x00, 0x0F, 0xF0, 0x00, 0x7F, 0x80, 0x00, 0x3F,
  0xC0, 0x07, 0xF8, 0x00, 0x01, 0xFF, 0x00, 0x3F, 0xC0, 0x00, 0x07, 0xF8,
  0x03, 0xFC, 0x00, 0x00, 0x3F, 0xE0, 0x1F, 0xE0, 0x00, 0x00, 0xFF, 0x01,
  0xFF, 0x00, 0x00, 0x07, 0xFC, 0x0F, 0xF0, 0x00, 0x00, 0x3F, 0xE0, 0xFF,
  0x80, 0x00, 0x00, 0xFF, 0x87, 0xFC, 0x00, 0x00, 0x07, 0xFC, 0x3F, 0xE0,
  0x00, 0x00, 0x3F, 0xE3, 0xFF, 0x00, 0x00, 0x01, 0xFF, 0x9F, 0xF8, 0x00,
  0x00, 0x0F, 0xFC, 0xFF, 0x80, 0x00, 0x00, 0x7F, 0xE7, 0xFC, 0x00, 0x00,
  0x01, 0xFF, 0x7F, 0xE0, 0x00, 0x00, 0x0F, 0xFB, 0xFF, 0x00, 0x00, 0x00,
  0x7F, 0xFF, 0xF8, 0x00, 0x00, 0x03, 0xFF, 0xFF, 0xC0, 0x00, 0x00, 0x1F,
  0xFF, 0xFE, 0x00, 0x00, 0x00, 0xFF, 0xFF, 0xF0, 0x00, 0x00, 0x07, 0xFF,
  0xFF, 0x80, 0x00, 0x00, 0x3F, 0xFF, 0xFC, 0x00, 0x00, 0x01, 0xFF, 0xFF,
  0xE0, 0x00, 0x00, 0x0F, 0xFF, 0xFF, 0x00, 0x00, 0x00, 0x7F, 0xFF, 0xF8,
  0x00, 0x00, 0x03, 0xFF, 0xFF, 0xC0, 0x00, 0x00, 0x1F, 0xFF, 0xFE, 0x00,
  0x00, 0x00, 0xFF, 0xFF, 0xF0, 0x00, 0x00, 0x07, 0xFF, 0xFF, 0x80, 0x00,
  0x00, 0x3F, 0xF7, 0xFC, 0x00, 0x00, 0x01, 0xFF, 0x3F, 0xE0, 0x00, 0x00,
  0x0F, 0xF9, 0xFF, 0x80, 0x00, 0x00, 0xFF, 0xCF, 0xFC, 0x00, 0x00, 0x07,
  0xFE, 0x7F, 0xE0, 0x00, 0x00, 0x3F, 0xE1, 0xFF, 0x00, 0x00, 0x01, 0xFF,
  0x0F, 0xF8, 0x00, 0x00, 0x0F, 0xF8, 0x3F, 0xC0, 0x00, 0x00, 0x7F, 0x81,
  0xFF, 0x00, 0x00, 0x07, 0xFC, 0x0F, 0xF8, 0x00, 0x00, 0x3F, 0xC0, 0x3F,
  0xC0, 0x00, 0x01, 0xFE, 0x00, 0xFF, 0x00, 0x00, 0x1F, 0xE0, 0x07, 0xF8,
  0x00, 0x00, 0xFF, 0x00, 0x1F, 0xE0, 0x00, 0x0F, 0xF0, 0x00, 0x7F, 0x80,
  0x00, 0xFF, 0x00, 0x01, 0xFE, 0x00, 0x0F, 0xF0, 0x00, 0x07, 0xFE, 0x03,
  0xFF, 0x00, 0x00, 0x1F, 0xFF, 0xFF, 0xF0, 0x00, 0x00, 0x3F, 0xFF, 0xFE,
  0x00, 0x00, 0x00, 0x7F, 0xFF, 0xC0, 0x00, 0x00, 0x00, 0x7F, 0xE0, 0x00,
  0x00, 0x00, 0x01, 0xF0, 0x00, 0x00, 0x1F, 0xC0, 0x00, 0x01, 0xFF, 0x00,
  0x00, 0x1F, 0xFC, 0x00, 0x07, 0xFF, 0xF0, 0x01, 0xFF, 0xFF, 0xC0, 0x07,
  0xFF, 0xFF, 0x00, 0x1F, 0xFF, 0xFC, 0x00, 0x7F, 0x9F, 0xF0, 0x01, 0xF0,
  0x7F, 0xC0, 0x00, 0x01, 0xFF, 0x00, 0x00, 0x07, 0xFC, 0x00, 0x00, 0x1F,
  0xF0, 0x00, 0x00, 0x7F, 0xC0, 0x00, 0x01, 0xFF, 0x00, 0x00, 0x07, 0xFC,
  0x00, 0x00, 0x1F, 0xF0, 0x00, 0x00, 0x7F, 0xC0, 0x00, 0x01, 0xFF, 0x00,
  0x00, 0x07, 0xFC, 0x00, 0x00, 0x1F, 0xF0, 0x00, 0x00, 0x7F, 0xC0, 0x00,
  0x01, 0xFF, 0x00, 0x00, 0x07, 0xFC, 0x00, 0x00, 0x1F, 0xF0, 0x00, 0x00,
  0x7F, 0xC0, 0x00, 0x01, 0xFF, 0x00, 0x00, 0x07, 0xFC, 0x00, 0x00, 0x1F,
  0xF0, 0x00, 0x00, 0x7F, 0xC0, 0x00, 0x01, 0xFF, 0x00, 0x00, 0x07, 0xFC,
  0x00, 0x00, 0x1F, 0xF0, 0x00, 0x00, 0x7F, 0xC0, 0x00, 0x01, 0xFF, 0x00,
  0x00, 0x07, 0xFC, 0x00, 0x00, 0x1F, 0xF0, 0x00, 0x00, 0x7F, 0xC0, 0x00,
  0x01, 0xFF, 0x00, 0x00, 0x07, 0xFC, 0x00, 0x00, 0x1F, 0xF0, 0x00, 0x00,
  0x7F, 0xC0, 0x00, 0x01, 0xFF, 0x00, 0x00, 0x07, 0xFC, 0x00, 0x00, 0x1F,
  0xF0, 0x00, 0x00, 0x7F, 0xC0, 0x00, 0x01, 0xFF, 0x00, 0x00, 0x07, 0xFC,
  0x00, 0x00, 0x1F, 0xF0, 0x00, 0x00, 0xFF, 0xE0, 0x00, 0x0F, 0xFF, 0xF0,
  0x0F, 0xFF, 0xFF, 0xFF, 0x7F, 0xFF, 0xFF, 0xFD, 0xFF, 0xFF, 0xFF, 0xF3,
  0xFF, 0xFF, 0xFF, 0x80, 0x00, 0x01, 0xFF, 0xC0, 0x00, 0x00, 0x01, 0xFF,
  0xFF, 0x80, 0x00, 0x00, 0xFF, 0xFF, 0xFC, 0x00, 0x00, 0x7F, 0xFF, 0xFF,
  0xE0, 0x00, 0x1F, 0xE0, 0x1F, 0xFE, 0x00, 0x0F, 0xF0, 0x00, 0xFF, 0xE0,
  0x03, 0xFC, 0x00, 0x0F, 0xFE, 0x00, 0xFF, 0x00, 0x00, 0xFF, 0xE0, 0x1F,
  0xE0, 0x00, 0x0F, 0xFC, 0x07, 0xF8, 0x00, 0x01, 0xFF, 0xC1, 0xFF, 0x00,
  0x00, 0x1F, 0xF8, 0x3F, 0xE0, 0x00, 0x03, 0xFF, 0x07, 0xFC, 0x00, 0x00,
  0x7F, 0xF0, 0xFF, 0x80, 0x00, 0x07, 0xFE, 0x3F, 0xF0, 0x00, 0x00, 0xFF,
  0xC3, 0xFC, 0x00, 0x00, 0x1F, 0xF8, 0x7F, 0x80, 0x00, 0x03, 0xFF, 0x0F,
  0xF0, 0x00, 0x00, 0x7F, 0xE0, 0xFC, 0x00, 0x00, 0x0F, 0xFC, 0x07, 0x80,
  0x00, 0x01, 0xFF, 0x80, 0x00, 0x00, 0x00, 0x7F, 0xF0, 0x00, 0x00, 0x00,
  0x0F, 0xFC, 0x00, 0x00, 0x00, 0x01, 0xFF, 0x80, 0x00, 0x00, 0x00, 0x3F,
  0xF0, 0x00, 0x00, 0x00, 0x0F, 0xFC, 0x00, 0x00, 0x00, 0x01, 0xFF, 0x80,
  0x00, 0x00, 0x00, 0x7F, 0xE0, 0x00, 0x00, 0x00, 0x0F, 0xF8, 0x00, 0x00,
  0x00, 0x03, 0xFF, 0x00, 0x00, 0x00, 0x00, 0xFF, 0xC0, 0x00, 0x00, 0x00,
  0x1F, 0xF0, 0x00, 0x00, 0x00, 0x07, 0xFC, 0x00, 0x00, 0x00, 0x01, 0xFF,
  0x80, 0x00, 0x00, 0x00, 0x3F, 0xE0, 0x00, 0x00, 0x00, 0x0F, 0xF8, 0x00,
  0x00, 0x00, 0x03, 0xFE, 0x00, 0x00, 0x00, 0x00, 0xFF, 0x80, 0x00, 0x00,
  0x00, 0x3F, 0xE0, 0x00, 0x00, 0x00, 0x0F, 0xF8, 0x00, 0x00, 0x00, 0x03,
  0xFE, 0x00, 0x00, 0x00, 0x00, 0xFF, 0x80, 0x00, 0x00, 0x00, 0x3F, 0xC0,
  0x00, 0x00, 0x00, 0x0F, 0xF0, 0x00, 0x00, 0x00, 0x03, 0xFC, 0x00, 0x00,
  0x00, 0x00, 0xFF, 0x00, 0x00, 0x00, 0x00, 0x3F, 0x80, 0x00, 0x00, 0x00,
  0x1F, 0xE0, 0x00, 0x00, 0x00, 0x07, 0xF8, 0x00, 0x00, 0x00, 0x01, 0xFC,
  0x00, 0x00, 0x00, 0x00, 0x7F, 0xFF, 0xFF, 0xFF, 0xFC, 0x3F, 0xFF, 0xFF,
  0xFF, 0xFF, 0x8F, 0xFF, 0xFF, 0xFF, 0xFF, 0xF3, 0xFF, 0xFF, 0xFF, 0xFF,
  0xFE, 0xFF, 0xFF, 0xFF, 0xFF, 0xFF, 0xDF, 0xFF, 0xFF, 0xFF, 0xFF, 0xFB,
  0xFF, 0xFF, 0xFF, 0xFF, 0xFF, 0x00, 0x00, 0x3F, 0xF0, 0x00, 0x00, 0x00,
  0x3F, 0xFF, 0xF0, 0x00, 0x00, 0x0F, 0xFF, 0xFF, 0xC0, 0x00, 0x03, 0xFF,
  0xFF, 0xFF, 0x00, 0x00, 0x7F, 0xC0, 0x7F, 0xF8, 0x00, 0x1F, 0xE0, 0x01,
  0xFF, 0xC0, 0x03, 0xFC, 0x00, 0x0F, 0xFE, 0x00, 0x7F, 0xC0, 0x00, 0x7F,
  0xF0, 0x0F, 0xF8, 0x00, 0x03, 0xFF, 0x00, 0xFF, 0x80, 0x00, 0x3F, 0xF8,
  0x1F, 0xF8, 0x00, 0x01, 0xFF, 0x81, 0xFF, 0x00, 0x00, 0x1F, 0xF8, 0x1F,
  0xF0, 0x00, 0x01, 0xFF, 0xC1, 0xFF, 0x00, 0x00, 0x0F, 0xFC, 0x1F, 0xF0,
  0x00, 0x00, 0xFF, 0xC1, 0xFF, 0x00, 0x00, 0x0F, 0xFC, 0x1F, 0xE0, 0x00,
  0x00, 0xFF, 0xC0, 0xFE, 0x00, 0x00, 0x0F, 0xFC, 0x07, 0xE0, 0x00, 0x00,
  0xFF, 0xC0, 0x08, 0x00, 0x00, 0x0F, 0xFC, 0x00, 0x00, 0x00, 0x00, 0xFF,
  0x80, 0x00, 0x00, 0x00, 0x1F, 0xF8, 0x00, 0x00, 0x00, 0x01, 0xFF, 0x80,
  0x00, 0x00, 0x00, 0x1F, 0xF0, 0x00, 0x00, 0x00, 0x03, 0xFF, 0x00, 0x00,
  0x00, 0x00, 0x3F, 0xE0, 0x00, 0x00, 0x00, 0x07, 0xFC, 0x00, 0x00, 0x00,
  0x00, 0xFF, 0xC0, 0x00, 0x00, 0x00, 0x1F, 0xF0, 0x00, 0x00, 0x00, 0x03,
  0xFE, 0x00, 0x00, 0x00, 0x00, 0xFF, 0xC0, 0x00, 0x00, 0x00, 0x3F, 0xF8,
  0x00, 0x00, 0x00, 0xFF, 0xFE, 0x00, 0x00, 0x00, 0x1F, 0xFF, 0x80, 0x00,
  0x00, 0x01, 0xFF, 0xFC, 0x00, 0x00, 0x00, 0x0F, 0xFF, 0xF8, 0x00, 0x00,
  0x00, 0xFF, 0xFF, 0xF0, 0x00, 0x00, 0x00, 0x1F, 0xFF, 0x80, 0x00, 0x00,
  0x00, 0x3F, 0xFC, 0x00, 0x00, 0x00, 0x00, 0xFF, 0xF0, 0x00, 0x00, 0x00,
  0x07, 0xFF, 0x00, 0x00, 0x00, 0x00, 0x3F, 0xF8, 0x00, 0x00, 0x00, 0x01,
  0xFF, 0xC0, 0x00, 0x00, 0x00, 0x0F, 0xFC, 0x00, 0x00, 0x00, 0x00, 0x7F,
  0xE0, 0x00, 0x00, 0x00, 0x07, 0xFE, 0x00, 0x00, 0x00, 0x00, 0x3F, 0xE0,
  0x00, 0x00, 0x00, 0x03, 0xFF, 0x00, 0x00, 0x00, 0x00, 0x3F, 0xF0, 0x00,
  0x00, 0x00, 0x01, 0xFF, 0x00, 0x00, 0x00, 0x00, 0x1F, 0xF0, 0x60, 0x00,
  0x00, 0x01, 0xFF, 0x1F, 0xC0, 0x00, 0x00, 0x1F, 0xF3, 0xFC, 0x00, 0x00,
  0x01, 0xFF, 0x3F, 0xE0, 0x00, 0x00, 0x1F, 0xF7, 0xFE, 0x00, 0x00, 0x01,
  0xFF, 0x7F, 0xE0, 0x00, 0x00, 0x1F, 0xF7, 0xFC, 0x00, 0x00, 0x01, 0xFE,
  0xFF, 0xC0, 0x00, 0x00, 0x1F, 0xEF, 0xFC, 0x00, 0x00, 0x03, 0xFE, 0x7F,
  0x80, 0x00, 0x00, 0x3F, 0xE7, 0xF8, 0x00, 0x00, 0x03, 0xFC, 0x7F, 0x80,
  0x00, 0x00, 0x7F, 0xC7, 0xF8, 0x00, 0x00, 0x07, 0xF8, 0x3F, 0x80, 0x00,
  0x00, 0xFF, 0x83, 0xFC, 0x00, 0x00, 0x1F, 0xF0, 0x1F, 0xE0, 0x00, 0x03,
  0xFE, 0x00, 0xFF, 0x00, 0x00, 0x7F, 0xC0, 0x07, 0xF8, 0x00, 0x1F, 0xF8,
  0x00, 0x3F, 0xF0, 0x0F, 0xFF, 0x00, 0x00, 0xFF, 0xFF, 0xFF, 0xC0, 0x00,
  0x07, 0xFF, 0xFF, 0xF0, 0x00, 0x00, 0x0F, 0xFF, 0xFC, 0x00, 0x00, 0x00,
  0x0F, 0xFC, 0x00, 0x00, 0x00, 0x00, 0x00, 0x1E, 0x00, 0x00, 0x00, 0x00,
  0x00, 0x3F, 0x80, 0x00, 0x00, 0x00, 0x00, 0x7F, 0xC0, 0x00, 0x00, 0x00,
  0x00, 0x7F, 0xC0, 0x00, 0x00, 0x00, 0x00, 0xFF, 0xE0, 0x00, 0x00, 0x00,
  0x00, 0xFF, 0xC0, 0x00, 0x00, 0x00, 0x01, 0xFF, 0xC0, 0x00, 0x00, 0x00,
  0x01, 0xFF, 0x80, 0x00, 0x00, 0x00, 0x03, 0xFF, 0x80, 0x00, 0x00, 0x00,
  0x07, 0xFF, 0x00, 0x00, 0x00, 0x00, 0x07, 0xFE, 0x00, 0x00, 0x00, 0x00,
  0x0F, 0xFE, 0x00, 0x00, 0x00, 0x00, 0x0F, 0xFC, 0x00, 0x00, 0x00, 0x00,
  0x1F, 0xFC, 0x00, 0x00, 0x00, 0x00, 0x1F, 0xF8, 0x00, 0x00, 0x00, 0x00,
  0x3F, 0xF0, 0x00, 0x00, 0x00, 0x00, 0x3F, 0xF0, 0x00, 0x00, 0x00, 0x00,
  0x7F, 0xE0, 0x00, 0x00, 0x00, 0x00, 0x7F, 0xE0, 0x00, 0x00, 0x00, 0x00,
  0xFF, 0xC0, 0x00, 0x00, 0x00, 0x00, 0xFF, 0x80, 0x00, 0x00, 0x00, 0x01,
  0xFF, 0x80, 0x00, 0x00, 0x00, 0x01, 0xFF, 0x00, 0x00, 0x00, 0x00, 0x03,
  0xFF, 0x00, 0x00, 0x00, 0x00, 0x03, 0xFE, 0x00, 0x00, 0x00, 0x00, 0x07,
  0xFC, 0x00, 0x00, 0x00, 0x00, 0x07, 0xFC, 0x00, 0x00, 0x00, 0x00, 0x0F,
  0xF8, 0x00, 0x00, 0x00, 0x00, 0x0F, 0xF0, 0x00, 0x00, 0x00, 0x00, 0x1F,
  0xF0, 0x00, 0x00, 0x00, 0x00, 0x3F, 0xE0, 0x00, 0x00, 0x00, 0x00, 0x3F,
  0xE0, 0x01, 0xFC, 0x00, 0x00, 0x7F, 0xC0, 0x01, 0xFC, 0x00, 0x00, 0x7F,
  0x80, 0x01, 0xFC, 0x00, 0x00, 0xFF, 0x80, 0x01, 0xFC, 0x00, 0x00, 0xFF,
  0x00, 0x01, 0xFC, 0x00, 0x01, 0xFF, 0x00, 0x01, 0xFC, 0x00, 0x01, 0xFE,
  0x00, 0x01, 0xFC, 0x00, 0x03, 0xFC, 0x00, 0x01, 0xFC, 0x00, 0x03, 0xFC,
  0x00, 0x01, 0xFC, 0x00, 0x07, 0xF8, 0x00, 0x01, 0xFC, 0x00, 0x07, 0xF8,
  0x00, 0x01, 0xFC, 0x00, 0x0F, 0xF0, 0x00, 0x01, 0xFC, 0x00, 0x0F, 0xE0,
  0x00, 0x01, 0xFC, 0x00, 0x1F, 0xE0, 0x00, 0x01, 0xFC, 0x00, 0x1F, 0xC0,
  0x00, 0x01, 0xFC, 0x00, 0x3F, 0xC0, 0x00, 0x01, 0xFC, 0x00, 0x3F, 0x80,
  0x00, 0x01, 0xFC, 0x00, 0x7F, 0xFF, 0xFF, 0xFF, 0xFF, 0xFF, 0xFF, 0xFF,
  0xFF, 0xFF, 0xFF, 0xFF, 0xFF, 0xFF, 0xFF, 0xFF, 0xFF, 0xFF, 0xFF, 0xFF,
  0xFF, 0xFF, 0xFF, 0xFF, 0xFF, 0xFF, 0xFF, 0xFF, 0xFF, 0xFF, 0xFF, 0xFF,
  0xFF, 0xFF, 0xFF, 0xFF, 0x7F, 0xFF, 0xFF, 0xFF, 0xFF, 0xFF, 0x00, 0x00,
  0x00, 0x01, 0xFC, 0x00, 0x00, 0x00, 0x00, 0x01, 0xFC, 0x00, 0x00, 0x00,
  0x00, 0x01, 0xFC, 0x00, 0x00, 0x00, 0x00, 0x01, 0xFC, 0x00, 0x00, 0x00,
  0x00, 0x01, 0xFC, 0x00, 0x00, 0x00, 0x00, 0x01, 0xFC, 0x00, 0x00, 0x00,
  0x00, 0x01, 0xFC, 0x00, 0x00, 0x00, 0x00, 0x01, 0xFC, 0x00, 0x00, 0x00,
  0x00, 0x01, 0xFC, 0x00, 0x00, 0x00, 0x00, 0x01, 0xFC, 0x00, 0x00, 0x00,
  0x00, 0x01, 0xFC, 0x00, 0x00, 0x00, 0x00, 0x01, 0xFC, 0x00, 0x00, 0x00,
  0x00, 0x01, 0xFC, 0x00, 0x00, 0x00, 0x00, 0x01, 0xFC, 0x00, 0x00, 0x00,
  0x00, 0x01, 0xFC, 0x00, 0x00, 0x00, 0x00, 0x01, 0xFC, 0x00, 0x03, 0xFF,
  0xFF, 0xFF, 0xFF, 0x80, 0x7F, 0xFF, 0xFF, 0xFF, 0xF0, 0x1F, 0xFF, 0xFF,
  0xFF, 0xFE, 0x03, 0xFF, 0xFF, 0xFF, 0xFF, 0xC0, 0x7F, 0xFF, 0xFF, 0xFF,
  0xF8, 0x0F, 0xFF, 0xFF, 0xFF, 0xFF, 0x01, 0xFF, 0xFF, 0xFF, 0xFF, 0xE0,
  0x3F, 0xFF, 0xFF, 0xFF, 0xFC, 0x07, 0xF0, 0x00, 0x00, 0x00, 0x00, 0xFE,
  0x00, 0x00, 0x00, 0x00, 0x1F, 0xC0, 0x00, 0x00, 0x00, 0x03, 0xF8, 0x00,
  0x00, 0x00, 0x00, 0x7F, 0x00, 0x00, 0x00, 0x00, 0x0F, 0xE0, 0x00, 0x00,
  0x00, 0x01, 0xFC, 0x00, 0x00, 0x00, 0x00, 0x3F, 0x80, 0x00, 0x00, 0x00,
  0x07, 0xF0, 0x00, 0x00, 0x00, 0x00, 0xFE, 0x00, 0x00, 0x00, 0x00, 0x1F,
  0x80, 0x00, 0x00, 0x00, 0x03, 0xF0, 0x00, 0x00, 0x00, 0x00, 0x7E, 0x00,
  0x00, 0x00, 0x00, 0x0F, 0xC0, 0x00, 0x00, 0x00, 0x01, 0xF8, 0x00, 0x00,
  0x00, 0x00, 0x3F, 0x00, 0x00, 0x00, 0x00, 0x07, 0xE0, 0x00, 0x00, 0x00,
  0x00, 0xFC, 0x00, 0x00, 0x00, 0x00, 0x3F, 0x80, 0xFF, 0xC0, 0x00, 0x07,
  0xF0, 0xFF, 0xFF, 0x00, 0x00, 0xFE, 0x7F, 0xFF, 0xFC, 0x00, 0x1F, 0xBF,
  0xFF, 0xFF, 0xC0, 0x03, 0xFF, 0xFF, 0xFF, 0xFC, 0x00, 0x7F, 0xFC, 0x07,
  0xFF, 0xC0, 0x0F, 0xF8, 0x00, 0x1F, 0xFC, 0x01, 0xFC, 0x00, 0x01, 0xFF,
  0xC0, 0x3F, 0x00, 0x00, 0x1F, 0xFC, 0x07, 0xC0, 0x00, 0x01, 0xFF, 0x80,
  0x70, 0x00, 0x00, 0x1F, 0xF8, 0x00, 0x00, 0x00, 0x03, 0xFF, 0x00, 0x00,
  0x00, 0x00, 0x3F, 0xF0, 0x00, 0x00, 0x00, 0x07, 0xFE, 0x00, 0x00, 0x00,
  0x00, 0xFF, 0xC0, 0x00, 0x00, 0x00, 0x1F, 0xFC, 0x00, 0x00, 0x00, 0x01,
  0xFF, 0x80, 0x00, 0x00, 0x00, 0x3F, 0xF0, 0x00, 0x00, 0x00, 0x07, 0xFE,
  0x00, 0x00, 0x00, 0x00, 0xFF, 0xC0, 0x00, 0x00, 0x00, 0x1F, 0xF8, 0x00,
  0x00, 0x00, 0x03, 0xFF, 0x00, 0x00, 0x00, 0x00, 0x7F, 0xE0, 0x00, 0x00,
  0x00, 0x0F, 0xFC, 0x00, 0x00, 0x00, 0x01, 0xFF, 0x80, 0x00, 0x00, 0x00,
  0x3F, 0xF0, 0x60, 0x00, 0x00, 0x07, 0xFC, 0x3F, 0xC0, 0x00, 0x00, 0xFF,
  0x8F, 0xF8, 0x00, 0x00, 0x3F, 0xF3, 0xFF, 0x00, 0x00, 0x07, 0xFE, 0x7F,
  0xE0, 0x00, 0x00, 0xFF, 0x9F, 0xFC, 0x00, 0x00, 0x1F, 0xF3, 0xFF, 0x80,
  0x00, 0x07, 0xFE, 0x7F, 0xF0, 0x00, 0x00, 0xFF, 0x8F, 0xFE, 0x00, 0x00,
  0x1F, 0xF1, 0xFF, 0x80, 0x00, 0x07, 0xFC, 0x3F, 0xF0, 0x00, 0x00, 0xFF,
  0x83, 0xFE, 0x00, 0x00, 0x3F, 0xE0, 0x7F, 0xC0, 0x00, 0x07, 0xF8, 0x07,
  0xF8, 0x00, 0x01, 0xFE, 0x00, 0x7F, 0x00, 0x00, 0x7F, 0x80, 0x07, 0xF8,
  0x00, 0x1F, 0xE0, 0x00, 0x7F, 0xE0, 0x1F, 0xF8, 0x00, 0x07, 0xFF, 0xFF,
  0xFE, 0x00, 0x00, 0x3F, 0xFF, 0xFF, 0x00, 0x00, 0x00, 0xFF, 0xFF, 0x80,
  0x00, 0x00, 0x03, 0xFF, 0x00, 0x00, 0x00, 0x00, 0x00, 0x00, 0x00, 0x04,
  0x00, 0x00, 0x00, 0x00, 0x07, 0xC0, 0x00, 0x00, 0x00, 0x07, 0xFC, 0x00,
  0x00, 0x00, 0x01, 0xFF, 0xC0, 0x00, 0x00, 0x00, 0x7F, 0xFC, 0x00, 0x00,
  0x00, 0x1F, 0xFE, 0x00, 0x00, 0x00, 0x07, 0xFF, 0x00, 0x00, 0x00, 0x01,
  0xFF, 0xC0, 0x00, 0x00, 0x00, 0x3F, 0xF0, 0x00, 0x00, 0x00, 0x07, 0xFC,
  0x00, 0x00, 0x00, 0x00, 0xFF, 0x80, 0x00, 0x00, 0x00, 0x3F, 0xF0, 0x00,
  0x00, 0x00, 0x07, 0xFC, 0x00, 0x00, 0x00, 0x00, 0x7F, 0x80, 0x00, 0x00,
  0x00, 0x0F, 0xF0, 0x00, 0x00, 0x00, 0x01, 0xFE, 0x00, 0x00, 0x00, 0x00,
  0x3F, 0xE0, 0x00, 0x00, 0x00, 0x07, 0xFC, 0x00, 0x00, 0x00, 0x00, 0x7F,
  0x80, 0x00, 0x00, 0x00, 0x0F, 0xF8, 0x00, 0x00, 0x00, 0x01, 0xFF, 0x00,
  0x00, 0x00, 0x00, 0x1F, 0xE0, 0x00, 0x00, 0x00, 0x03, 0xFE, 0x00, 0x00,
  0x00, 0x00, 0x3F, 0xC0, 0x00, 0x00, 0x00, 0x07, 0xFC, 0x00, 0x00, 0x00,
  0x00, 0x7F, 0xC0, 0x00, 0x00, 0x00, 0x0F, 0xF8, 0x00, 0x00, 0x00, 0x00,
  0xFF, 0x80, 0x00, 0x00, 0x00, 0x1F, 0xF8, 0x0F, 0xFC, 0x00, 0x01, 0xFF,
  0x07, 0xFF, 0xF8, 0x00, 0x1F, 0xF1, 0xFF, 0xFF, 0xE0, 0x03, 0xFF, 0x3F,
  0xFF, 0xFF, 0x80, 0x3F, 0xE7, 0xFF, 0xFF, 0xFC, 0x03, 0xFF, 0xFF, 0x01,
  0xFF, 0xE0, 0x3F, 0xFF, 0x80, 0x07, 0xFF, 0x07, 0xFF, 0xE0, 0x00, 0x3F,
  0xF8, 0x7F, 0xFC, 0x00, 0x01, 0xFF, 0x87, 0xFF, 0x00, 0x00, 0x1F, 0xFC,
  0x7F, 0xE0, 0x00, 0x00, 0xFF, 0xC7, 0xFC, 0x00, 0x00, 0x0F, 0xFC, 0xFF,
  0xC0, 0x00, 0x00, 0x7F, 0xEF, 0xFC, 0x00, 0x00, 0x07, 0xFE, 0xFF, 0xC0,
  0x00, 0x00, 0x7F, 0xEF, 0xFC, 0x00, 0x00, 0x03, 0xFF, 0xFF, 0xC0, 0x00,
  0x00, 0x3F, 0xFF, 0xFC, 0x00, 0x00, 0x03, 0xFF, 0xFF, 0xC0, 0x00, 0x00,
  0x3F, 0xFF, 0xFC, 0x00, 0x00, 0x03, 0xFF, 0xFF, 0xC0, 0x00, 0x00, 0x3F,
  0xFF, 0xFC, 0x00, 0x00, 0x03, 0xFF, 0xFF, 0xC0, 0x00, 0x00, 0x3F, 0xFF,
  0xFC, 0x00, 0x00, 0x03, 0xFF, 0x7F, 0xC0, 0x00, 0x00, 0x3F, 0xF7, 0xFC,
  0x00, 0x00, 0x03, 0xFF, 0x7F, 0xC0, 0x00, 0x00, 0x3F, 0xE7, 0xFC, 0x00,
  0x00, 0x03, 0xFE, 0x3F, 0xE0, 0x00, 0x00, 0x7F, 0xE3, 0xFE, 0x00, 0x00,
  0x07, 0xFE, 0x3F, 0xE0, 0x00, 0x00, 0x7F, 0xC1, 0xFE, 0x00, 0x00, 0x07,
  0xFC, 0x1F, 0xE0, 0x00, 0x00, 0x7F, 0x80, 0xFF, 0x00, 0x00, 0x0F, 0xF8,
  0x07, 0xF0, 0x00, 0x00, 0xFF, 0x00, 0x7F, 0x80, 0x00, 0x1F, 0xF0, 0x03,
  0xFC, 0x00, 0x03, 0xFE, 0x00, 0x1F, 0xE0, 0x00, 0x3F, 0xC0, 0x00, 0xFF,
  0x00, 0x0F, 0xF8, 0x00, 0x07, 0xFC, 0x03, 0xFF, 0x00, 0x00, 0x1F, 0xFF,
  0xFF, 0xE0, 0x00, 0x00, 0xFF, 0xFF, 0xF8, 0x00, 0x00, 0x03, 0xFF, 0xFE,
  0x00, 0x00, 0x00, 0x07, 0xFE, 0x00, 0x00, 0x3F, 0xFF, 0xFF, 0xFF, 0xFF,
  0x07, 0xFF, 0xFF, 0xFF, 0xFF, 0xF1, 0xFF, 0xFF, 0xFF, 0xFF, 0xFF, 0x3F,
  0xFF, 0xFF, 0xFF, 0xFF, 0xE7, 0xFF, 0xFF, 0xFF, 0xFF, 0xFC, 0xFF, 0xFF,
  0xFF, 0xFF, 0xFF, 0x9F, 0xFF, 0xFF, 0xFF, 0xFF, 0xE3, 0xFE, 0x00, 0x00,
  0x00, 0xFC, 0x7F, 0x80, 0x00, 0x00, 0x1F, 0x8F, 0xE0, 0x00, 0x00, 0x07,
  0xE1, 0xF8, 0x00, 0x00, 0x00, 0xFC, 0x3F, 0x00, 0x00, 0x00, 0x3F, 0x07,
  0xC0, 0x00, 0x00, 0x07, 0xE1, 0xF8, 0x00, 0x00, 0x01, 0xFC, 0x3E, 0x00,
  0x00, 0x00, 0x3F, 0x07, 0xC0, 0x00, 0x00, 0x07, 0xE0, 0xF8, 0x00, 0x00,
  0x01, 0xFC, 0x1E, 0x00, 0x00, 0x00, 0x3F, 0x03, 0xC0, 0x00, 0x00, 0x0F,
  0xE0, 0x30, 0x00, 0x00, 0x01, 0xF8, 0x00, 0x00, 0x00, 0x00, 0x7F, 0x00,
  0x00, 0x00, 0x00, 0x0F, 0xE0, 0x00, 0x00, 0x00, 0x03, 0xF8, 0x00, 0x00,
  0x00, 0x00, 0x7F, 0x00, 0x00, 0x00, 0x00, 0x0F, 0xE0, 0x00, 0x00, 0x00,
  0x03, 0xF8, 0x00, 0x00, 0x00, 0x00, 0x7F, 0x00, 0x00, 0x00, 0x00, 0x1F,
  0xC0, 0x00, 0x00, 0x00, 0x03, 0xF8, 0x00, 0x00, 0x00, 0x00, 0xFF, 0x00,
  0x00, 0x00, 0x00, 0x1F, 0xC0, 0x00, 0x00, 0x00, 0x07, 0xF8, 0x00, 0x00,
  0x00, 0x00, 0xFF, 0x00, 0x00, 0x00, 0x00, 0x1F, 0xC0, 0x00, 0x00, 0x00,
  0x07, 0xF8, 0x00, 0x00, 0x00, 0x00, 0xFE, 0x00, 0x00, 0x00, 0x00, 0x3F,
  0xC0, 0x00, 0x00, 0x00, 0x07, 0xF8, 0x00, 0x00, 0x00, 0x01, 0xFE, 0x00,
  0x00, 0x00, 0x00, 0x3F, 0xC0, 0x00, 0x00, 0x00, 0x0F, 0xF8, 0x00, 0x00,
  0x00, 0x01, 0xFE, 0x00, 0x00, 0x00, 0x00, 0x3F, 0xC0, 0x00, 0x00, 0x00,
  0x0F, 0xF0, 0x00, 0x00, 0x00, 0x01, 0xFE, 0x00, 0x00, 0x00, 0x00, 0x7F,
  0xC0, 0x00, 0x00, 0x00, 0x0F, 0xF0, 0x00, 0x00, 0x00, 0x03, 0xFE, 0x00,
  0x00, 0x00, 0x00, 0x7F, 0xC0, 0x00, 0x00, 0x00, 0x0F, 0xF0, 0x00, 0x00,
  0x00, 0x03, 0xFE, 0x00, 0x00, 0x00, 0x00, 0x7F, 0x80, 0x00, 0x00, 0x00,
  0x1F, 0xF0, 0x00, 0x00, 0x00, 0x03, 0xFE, 0x00, 0x00, 0x00, 0x00, 0xFF,
  0x80, 0x00, 0x00, 0x00, 0x1F, 0xF0, 0x00, 0x00, 0x00, 0x07, 0xFE, 0x00,
  0x00, 0x00, 0x00, 0xFF, 0x80, 0x00, 0x00, 0x00, 0x1F, 0xF0, 0x00, 0x00,
  0x00, 0x07, 0xFE, 0x00, 0x00, 0x00, 0x00, 0xFF, 0x80, 0x00, 0x00, 0x00,
  0x3F, 0xF0, 0x00, 0x00, 0x00, 0x07, 0xFC, 0x00, 0x00, 0x00, 0x01, 0xFF,
  0x80, 0x00, 0x00, 0x00, 0x3F, 0xF0, 0x00, 0x00, 0x00, 0x0F, 0xFC, 0x00,
  0x00, 0x00, 0x01, 0xFF, 0x80, 0x00, 0x00, 0x00, 0x3F, 0xF0, 0x00, 0x00,
  0x00, 0x0F, 0xFC, 0x00, 0x00, 0x00, 0x01, 0xFF, 0x80, 0x00, 0x00, 0x00,
  0x7F, 0xE0, 0x00, 0x00, 0x00, 0x00, 0x00, 0x7F, 0xF0, 0x00, 0x00, 0x00,
  0x7F, 0xFF, 0xE0, 0x00, 0x00, 0x3F, 0xFF, 0xFF, 0x00, 0x00, 0x1F, 0xFF,
  0xFF, 0xF0, 0x00, 0x07, 0xFC, 0x07, 0xFF, 0x00, 0x01, 0xFE, 0x00, 0x1F,
  0xF0, 0x00, 0x7F, 0x80, 0x01, 0xFF, 0x00, 0x1F, 0xE0, 0x00, 0x1F, 0xF0,
  0x07, 0xF8, 0x00, 0x03, 0xFE, 0x00, 0xFF, 0x00, 0x00, 0x3F, 0xE0, 0x3F,
  0xE0, 0x00, 0x07, 0xFC, 0x07, 0xF8, 0x00, 0x00, 0xFF, 0x81, 0xFF, 0x00,
  0x00, 0x0F, 0xF8, 0x3F, 0xE0, 0x00, 0x01, 0xFF, 0x07, 0xFC, 0x00, 0x00,
  0x3F, 0xE0, 0xFF, 0x80, 0x00, 0x07, 0xFC, 0x1F, 0xF0, 0x00, 0x00, 0xFF,
  0x83, 0xFE, 0x00, 0x00, 0x1F, 0xF0, 0x7F, 0xC0, 0x00, 0x03, 0xFE, 0x0F,
  0xFC, 0x00, 0x00, 0x7F, 0xC0, 0xFF, 0x80, 0x00, 0x0F, 0xF0, 0x1F, 0xF8,
  0x00, 0x03, 0xFE, 0x03, 0xFF, 0x80, 0x00, 0x7F, 0xC0, 0x3F, 0xF8, 0x00,
  0x0F, 0xF0, 0x07, 0xFF, 0xC0, 0x03, 0xFC, 0x00, 0x7F, 0xFC, 0x00, 0x7F,
  0x80, 0x0F, 0xFF, 0xE0, 0x1F, 0xE0, 0x00, 0xFF, 0xFE, 0x07, 0xF8, 0x00,
  0x0F, 0xFF, 0xF1, 0xFE, 0x00, 0x00, 0xFF, 0xFF, 0xFF, 0x00, 0x00, 0x0F,
  0xFF, 0xFF, 0xC0, 0x00, 0x00, 0xFF, 0xFF, 0xF0, 0x00, 0x00, 0x0F, 0xFF,
  0xFE, 0x00, 0x00, 0x07, 0xFF, 0xFF, 0xF0, 0x00, 0x01, 0xFF, 0xFF, 0xFF,
  0x00, 0x00, 0xFF, 0x3F, 0xFF, 0xF0, 0x00, 0x3F, 0xC3, 0xFF, 0xFF, 0x00,
  0x0F, 0xF0, 0x1F, 0xFF, 0xF8, 0x03, 0xFC, 0x00, 0xFF, 0xFF, 0x80, 0xFF,
  0x80, 0x07, 0xFF, 0xF0, 0x1F, 0xE0, 0x00, 0x3F, 0xFF, 0x07, 0xFC, 0x00,
  0x03, 0xFF, 0xF1, 0xFF, 0x00, 0x00, 0x1F, 0xFE, 0x3F, 0xE0, 0x00, 0x01,
  0xFF, 0xE7, 0xFC, 0x00, 0x00, 0x1F, 0xFD, 0xFF, 0x00, 0x00, 0x01, 0xFF,
  0xBF, 0xE0, 0x00, 0x00, 0x3F, 0xFF, 0xFC, 0x00, 0x00, 0x03, 0xFF, 0xFF,
  0x80, 0x00, 0x00, 0x7F, 0xFF, 0xF0, 0x00, 0x00, 0x07, 0xFF, 0xFE, 0x00,
  0x00, 0x00, 0xFF, 0xFF, 0xC0, 0x00, 0x00, 0x1F, 0xFF, 0xF8, 0x00, 0x00,
  0x03, 0xFF, 0xFF, 0x00, 0x00, 0x00, 0x7F, 0xDF, 0xF0, 0x00, 0x00, 0x0F,
  0xF3, 0xFE, 0x00, 0x00, 0x01, 0xFE, 0x7F, 0xC0, 0x00, 0x00, 0x7F, 0xC7,
  0xFC, 0x00, 0x00, 0x0F, 0xF0, 0xFF, 0x80, 0x00, 0x01, 0xFE, 0x0F, 0xF8,
  0x00, 0x00, 0x7F, 0x80, 0xFF, 0x80, 0x00, 0x1F, 0xF0, 0x1F, 0xF8, 0x00,
  0x07, 0xFC, 0x01, 0xFF, 0xC0, 0x01, 0xFF, 0x00, 0x0F, 0xFE, 0x01, 0xFF,
  0xC0, 0x00, 0xFF, 0xFF, 0xFF, 0xE0, 0x00, 0x07, 0xFF, 0xFF, 0xF8, 0x00,
  0x00, 0x3F, 0xFF, 0xF8, 0x00, 0x00, 0x00, 0x7F, 0xF8, 0x00, 0x00, 0x00,
  0x00, 0x7F, 0xE0, 0x00, 0x00, 0x00, 0x7F, 0xFF, 0xC0, 0x00, 0x00, 0x1F,
  0xFF, 0xFF, 0x00, 0x00, 0x07, 0xFF, 0xFF, 0xF8, 0x00, 0x00, 0xFF, 0xC0,
  0x3F, 0xE0, 0x00, 0x1F, 0xF0, 0x00, 0xFF, 0x00, 0x03, 0xFC, 0x00, 0x07,
  0xF8, 0x00, 0x7F, 0xC0, 0x00, 0x3F, 0xC0, 0x0F, 0xF8, 0x00, 0x01, 0xFE,
  0x00, 0xFF, 0x00, 0x00, 0x0F, 0xE0, 0x1F, 0xF0, 0x00, 0x00, 0xFF, 0x03,
  0xFE, 0x00, 0x00, 0x0F, 0xF8, 0x3F, 0xE0, 0x00, 0x00, 0x7F, 0x83, 0xFE,
  0x00, 0x00, 0x07, 0xFC, 0x7F, 0xE0, 0x00, 0x00, 0x7F, 0xC7, 0xFC, 0x00,
  0x00, 0x07, 0xFC, 0x7F, 0xC0, 0x00, 0x00, 0x3F, 0xEF, 0xFC, 0x00, 0x00,
  0x03, 0xFE, 0xFF, 0xC0, 0x00, 0x00, 0x3F, 0xEF, 0xFC, 0x00, 0x00, 0x03,
  0xFE, 0xFF, 0xC0, 0x00, 0x00, 0x3F, 0xFF, 0xFC, 0x00, 0x00, 0x03, 0xFF,
  0xFF, 0xC0, 0x00, 0x00, 0x3F, 0xFF, 0xFC, 0x00, 0x00, 0x03, 0xFF, 0xFF,
  0xC0, 0x00, 0x00, 0x3F, 0xFF, 0xFC, 0x00, 0x00, 0x03, 0xFF, 0xFF, 0xC0,
  0x00, 0x00, 0x3F, 0xFF, 0xFC, 0x00, 0x00, 0x03, 0xFF, 0xFF, 0xC0, 0x00,
  0x00, 0x3F, 0xF7, 0xFE, 0x00, 0x00, 0x03, 0xFF, 0x7F, 0xE0, 0x00, 0x00,
  0x3F, 0xF7, 0xFE, 0x00, 0x00, 0x03, 0xFF, 0x3F, 0xF0, 0x00, 0x00, 0x7F,
  0xE3, 0xFF, 0x00, 0x00, 0x07, 0xFE, 0x3F, 0xF8, 0x00, 0x00, 0xFF, 0xE1,
  0xFF, 0x80, 0x00, 0x3F, 0xFE, 0x1F, 0xFC, 0x00, 0x07, 0xFF, 0xE0, 0xFF,
  0xE0, 0x01, 0xFF, 0xFC, 0x07, 0xFF, 0x80, 0x7F, 0xFF, 0xC0, 0x3F, 0xFF,
  0xFF, 0xF7, 0xFC, 0x01, 0xFF, 0xFF, 0xFC, 0xFF, 0xC0, 0x07, 0xFF, 0xFF,
  0x8F, 0xF8, 0x00, 0x1F, 0xFF, 0xE0, 0xFF, 0x80, 0x00, 0x3F, 0xF0, 0x1F,
  0xF8, 0x00, 0x00, 0x00, 0x01, 0xFF, 0x00, 0x00, 0x00, 0x00, 0x1F, 0xF0,
  0x00, 0x00, 0x00, 0x03, 0xFE, 0x00, 0x00, 0x00, 0x00, 0x3F, 0xE0, 0x00,
  0x00, 0x00, 0x03, 0xFC, 0x00, 0x00, 0x00, 0x00, 0x7F, 0xC0, 0x00, 0x00,
  0x00, 0x07, 0xF8, 0x00, 0x00, 0x00, 0x00, 0xFF, 0x80, 0x00, 0x00, 0x00,
  0x1F, 0xF0, 0x00, 0x00, 0x00, 0x01, 0xFE, 0x00, 0x00, 0x00, 0x00, 0x3F,
  0xE0, 0x00, 0x00, 0x00, 0x07, 0xFC, 0x00, 0x00, 0x00, 0x00, 0xFF, 0x80,
  0x00, 0x00, 0x00, 0x0F, 0xF0, 0x00, 0x00, 0x00, 0x01, 0xFE, 0x00, 0x00,
  0x00, 0x00, 0x3F, 0xC0, 0x00, 0x00, 0x00, 0x0F, 0xF8, 0x00, 0x00, 0x00,
  0x01, 0xFF, 0x00, 0x00, 0x00, 0x00, 0x3F, 0xE0, 0x00, 0x00, 0x00, 0x0F,
  0xFC, 0x00, 0x00, 0x00, 0x03, 0xFF, 0x00, 0x00, 0x00, 0x00, 0xFF, 0xE0,
  0x00, 0x00, 0x00, 0x7F, 0xF8, 0x00, 0x00, 0x00, 0x3F, 0xFE, 0x00, 0x00,
  0x00, 0x03, 0xFF, 0x80, 0x00, 0x00, 0x00, 0x3F, 0xE0, 0x00, 0x00, 0x00,
  0x03, 0xE0, 0x00, 0x00, 0x00, 0x00, 0x20, 0x00, 0x00, 0x00, 0x00, 0x0F,
  0x81, 0xFF, 0x1F, 0xFC, 0xFF, 0xEF, 0xFF, 0xFF, 0xFF, 0xFF, 0xFF, 0xFF,
  0xFF, 0xFB, 0xFF, 0x9F, 0xF8, 0x7F, 0xC0, 0xF8, 0x00, 0x00, 0x00, 0x00,
  0x00, 0x00, 0x00, 0x00, 0x00, 0x00, 0x00, 0x00, 0x00, 0x00, 0x00, 0x00,
  0x00, 0x00, 0x00, 0x00, 0x00, 0x00, 0x00, 0x00, 0x00, 0x00, 0x00, 0x00,
  0x00, 0x00, 0x00, 0x00, 0x00, 0x00, 0x03, 0xE0, 0x7F, 0xC7, 0xFF, 0x3F,
  0xFB, 0xFF, 0xFF, 0xFF, 0xFF, 0xFF, 0xFF, 0xFF, 0xFE, 0xFF, 0xE7, 0xFE,
  0x1F, 0xF0, 0x3E, 0x00, 0x07, 0xC0, 0x7F, 0xC3, 0xFF, 0x8F, 0xFE, 0x7F,
  0xFD, 0xFF, 0xF7, 0xFF, 0xDF, 0xFF, 0x7F, 0xFC, 0xFF, 0xE3, 0xFF, 0x87,
  0xFC, 0x07, 0xC0, 0x00, 0x00, 0x00, 0x00, 0x00, 0x00, 0x00, 0x00, 0x00,
  0x00, 0x00, 0x00, 0x00, 0x00, 0x00, 0x00, 0x00, 0x00, 0x00, 0x00, 0x00,
  0x00, 0x00, 0x00, 0x00, 0x00, 0x00, 0x00, 0x00, 0x00, 0x00, 0x00, 0x00,
  0x00, 0x00, 0x00, 0x00, 0x00, 0x07, 0xF0, 0x7F, 0xE1, 0xFF, 0xCF, 0xFF,
  0xBF, 0xFE, 0xFF, 0xFF, 0xFF, 0xFF, 0xFF, 0xFF, 0xFF, 0x7F, 0xFC, 0xFF,
  0xF0, 0x7F, 0xC0, 0xFF, 0x03, 0xF8, 0x0F, 0xE0, 0x3F, 0x80, 0xFE, 0x07,
  0xF0, 0x1F, 0xC0, 0x7E, 0x01, 0xF0, 0x0F, 0xC0, 0x3E, 0x01, 0xF8, 0x0F,
  0xC0, 0x7E, 0x01, 0xF0, 0x03, 0x80, 0x00, 0x00, 0x00, 0x00, 0x00, 0x00,
  0x00, 0x00, 0x00, 0x00, 0x00, 0x30, 0x00, 0x00, 0x00, 0x00, 0x3C, 0x00,
  0x00, 0x00, 0x00, 0x3F, 0x00, 0x00, 0x00, 0x00, 0x3F, 0xC0, 0x00, 0x00,
  0x00, 0x3F, 0xF0, 0x00, 0x00, 0x00, 0x3F, 0xFC, 0x00, 0x00, 0x00, 0x1F,
  0xFE, 0x00, 0x00, 0x00, 0x1F, 0xFE, 0x00, 0x00, 0x00, 0x1F, 0xFF, 0x00,
  0x00, 0x00, 0x1F, 0xFF, 0x00, 0x00, 0x00, 0x1F, 0xFF, 0x00, 0x00, 0x00,
  0x1F, 0xFF, 0x00, 0x00, 0x00, 0x1F, 0xFF, 0x00, 0x00, 0x00, 0x1F, 0xFF,
  0x00, 0x00, 0x00, 0x1F, 0xFF, 0x00, 0x00, 0x00, 0x1F, 0xFF, 0x00, 0x00,
  0x00, 0x0F, 0xFF, 0x00, 0x00, 0x00, 0x0F, 0xFF, 0x00, 0x00, 0x00, 0x0F,
  0xFF, 0x00, 0x00, 0x00, 0x0F, 0xFF, 0x00, 0x00, 0x00, 0x0F, 0xFF, 0x00,
  0x00, 0x00, 0x0F, 0xFF, 0x00, 0x00, 0x00, 0x03, 0xFF, 0x00, 0x00, 0x00,
  0x00, 0xFF, 0x00, 0x00, 0x00, 0x00, 0x3F, 0x80, 0x00, 0x00, 0x00, 0x0F,
  0xF8, 0x00, 0x00, 0x00, 0x03, 0xFF, 0x80, 0x00, 0x00, 0x00, 0x7F, 0xF8,
  0x00, 0x00, 0x00, 0x07, 0xFF, 0x80, 0x00, 0x00, 0x00, 0x7F, 0xF8, 0x00,
  0x00, 0x00, 0x07, 0xFF, 0x80, 0x00, 0x00, 0x00, 0xFF, 0xF8, 0x00, 0x00,
  0x00, 0x0F, 0xFF, 0x80, 0x00, 0x00, 0x00, 0xFF, 0xF8, 0x00, 0x00, 0x00,
  0x0F, 0xFF, 0x80, 0x00, 0x00, 0x00, 0xFF, 0xF8, 0x00, 0x00, 0x00, 0x0F,
  0xFF, 0x80, 0x00, 0x00, 0x00, 0xFF, 0xF0, 0x00, 0x00, 0x00, 0x0F, 0xFF,
  0x00, 0x00, 0x00, 0x00, 0xFF, 0xF0, 0x00, 0x00, 0x00, 0x0F, 0xFF, 0x00,
  0x00, 0x00, 0x00, 0xFF, 0xF0, 0x00, 0x00, 0x00, 0x1F, 0xFF, 0x00, 0x00,
  0x00, 0x01, 0xFF, 0xC0, 0x00, 0x00, 0x00, 0x1F, 0xF0, 0x00, 0x00, 0x00,
  0x01, 0xFC, 0x00, 0x00, 0x00, 0x00, 0x1F, 0x00, 0x00, 0x00, 0x00, 0x01,
  0xC0, 0x00, 0x00, 0x00, 0x00, 0x10, 0xFF, 0xFF, 0xFF, 0xFF, 0xFF, 0xFF,
  0xFF, 0xFF, 0xFF, 0xFF, 0xFF, 0xFF, 0xFF, 0xFF, 0xFF, 0xFF, 0xFF, 0xFF,
  0xFF, 0xFF, 0xFF, 0xFF, 0xFF, 0xFF, 0xFF, 0xFF, 0xFF, 0xFF, 0xFF, 0xFF,
  0xFF, 0xFF, 0xFF, 0xFF, 0xFF, 0xFF, 0xFF, 0xF8, 0x00, 0x00, 0x00, 0x00,
  0x00, 0x00, 0x00, 0x00, 0x00, 0x00, 0x00, 0x00, 0x00, 0x00, 0x00, 0x00,
  0x00, 0x00, 0x00, 0x00, 0x00, 0x00, 0x00, 0x00, 0x00, 0x00, 0x00, 0x00,
  0x00, 0x00, 0x00, 0x00, 0x00, 0x00, 0x00, 0x00, 0x00, 0x00, 0x00, 0x00,
  0x00, 0x00, 0x00, 0x00, 0x00, 0x00, 0x00, 0x00, 0x00, 0x00, 0x00, 0x00,
  0x00, 0x00, 0x00, 0x00, 0x00, 0x00, 0x00, 0x00, 0x00, 0x00, 0x00, 0x00,
  0x00, 0x00, 0x00, 0x00, 0x00, 0x00, 0x00, 0x00, 0x00, 0x00, 0x00, 0x00,
  0x00, 0x00, 0x00, 0x00, 0x00, 0x00, 0x00, 0x00, 0x00, 0x00, 0x00, 0x00,
  0x00, 0x00, 0x00, 0xFF, 0xFF, 0xFF, 0xFF, 0xFF, 0xFF, 0xFF, 0xFF, 0xFF,
  0xFF, 0xFF, 0xFF, 0xFF, 0xFF, 0xFF, 0xFF, 0xFF, 0xFF, 0xFF, 0xFF, 0xFF,
  0xFF, 0xFF, 0xFF, 0xFF, 0xFF, 0xFF, 0xFF, 0xFF, 0xFF, 0xFF, 0xFF, 0xFF,
  0xFF, 0xFF, 0xFF, 0xFF, 0xF8, 0x00, 0x00, 0x00, 0x00, 0x00, 0x30, 0x00,
  0x00, 0x00, 0x00, 0x0F, 0x00, 0x00, 0x00, 0x00, 0x03, 0xF0, 0x00, 0x00,
  0x00, 0x00, 0xFF, 0x00, 0x00, 0x00, 0x00, 0x3F, 0xF0, 0x00, 0x00, 0x00,
  0x0F, 0xFF, 0x00, 0x00, 0x00, 0x01, 0xFF, 0xE0, 0x00, 0x00, 0x00, 0x3F,
  0xFE, 0x00, 0x00, 0x00, 0x03, 0xFF, 0xE0, 0x00, 0x00, 0x00, 0x3F, 0xFE,
  0x00, 0x00, 0x00, 0x03, 0xFF, 0xE0, 0x00, 0x00, 0x00, 0x3F, 0xFE, 0x00,
  0x00, 0x00, 0x03, 0xFF, 0xE0, 0x00, 0x00, 0x00, 0x3F, 0xFE, 0x00, 0x00,
  0x00, 0x03, 0xFF, 0xE0, 0x00, 0x00, 0x00, 0x3F, 0xFE, 0x00, 0x00, 0x00,
  0x03, 0xFF, 0xC0, 0x00, 0x00, 0x00, 0x3F, 0xFC, 0x00, 0x00, 0x00, 0x03,
  0xFF, 0xC0, 0x00, 0x00, 0x00, 0x3F, 0xFC, 0x00, 0x00, 0x00, 0x03, 0xFF,
  0xC0, 0x00, 0x00, 0x00, 0x3F, 0xFC, 0x00, 0x00, 0x00, 0x03, 0xFF, 0x00,
  0x00, 0x00, 0x00, 0x3F, 0xC0, 0x00, 0x00, 0x00, 0x07, 0xF0, 0x00, 0x00,
  0x00, 0x07, 0xFC, 0x00, 0x00, 0x00, 0x07, 0xFF, 0x00, 0x00, 0x00, 0x07,
  0xFF, 0x80, 0x00, 0x00, 0x07, 0xFF, 0x80, 0x00, 0x00, 0x07, 0xFF, 0x80,
  0x00, 0x00, 0x07, 0xFF, 0x80, 0x00, 0x00, 0x07, 0xFF, 0xC0, 0x00, 0x00,
  0x07, 0xFF, 0xC0, 0x00, 0x00, 0x07, 0xFF, 0xC0, 0x00, 0x00, 0x07, 0xFF,
  0xC0, 0x00, 0x00, 0x07, 0xFF, 0xC0, 0x00, 0x00, 0x07, 0xFF, 0xC0, 0x00,
  0x00, 0x03, 0xFF, 0xC0, 0x00, 0x00, 0x03, 0xFF, 0xC0, 0x00, 0x00, 0x03,
  0xFF, 0xC0, 0x00, 0x00, 0x03, 0xFF, 0xC0, 0x00, 0x00, 0x03, 0xFF, 0xC0,
  0x00, 0x00, 0x03, 0xFF, 0xE0, 0x00, 0x00, 0x00, 0xFF, 0xE0, 0x00, 0x00,
  0x00, 0x3F, 0xE0, 0x00, 0x00, 0x00, 0x0F, 0xE0, 0x00, 0x00, 0x00, 0x03,
  0xE0, 0x00, 0x00, 0x00, 0x00, 0xE0, 0x00, 0x00, 0x00, 0x00, 0x20, 0x00,
  0x00, 0x00, 0x00, 0x00, 0x00, 0x01, 0xFF, 0xC0, 0x00, 0x00, 0x3F, 0xFF,
  0xF0, 0x00, 0x01, 0xFF, 0xFF, 0xF8, 0x00, 0x07, 0xFF, 0xFF, 0xF8, 0x00,
  0x3F, 0xF0, 0x1F, 0xF8, 0x00, 0xFF, 0x80, 0x0F, 0xF8, 0x03, 0xFC, 0x00,
  0x0F, 0xF8, 0x0F, 0xF0, 0x00, 0x0F, 0xF8, 0x1F, 0xC0, 0x00, 0x0F, 0xF8,
  0x7F, 0x80, 0x00, 0x1F, 0xF0, 0xFF, 0x00, 0x00, 0x1F, 0xF3, 0xFE, 0x00,
  0x00, 0x3F, 0xE7, 0xFC, 0x00, 0x00, 0x7F, 0xCF, 0xF0, 0x00, 0x00, 0x7F,
  0x9F, 0xE0, 0x00, 0x00, 0xFF, 0xFF, 0xC0, 0x00, 0x01, 0xFF, 0x7F, 0x80,
  0x00, 0x03, 0xFE, 0xFF, 0x00, 0x00, 0x07, 0xFD, 0xFE, 0x00, 0x00, 0x0F,
  0xF9, 0xF8, 0x00, 0x00, 0x1F, 0xF0, 0xF0, 0x00, 0x00, 0x3F, 0xE0, 0x00,
  0x00, 0x00, 0x7F, 0xC0, 0x00, 0x00, 0x01, 0xFF, 0x00, 0x00, 0x00, 0x03,
  0xFE, 0x00, 0x00, 0x00, 0x07, 0xF8, 0x00, 0x00, 0x00, 0x1F, 0xF0, 0x00,
  0x00, 0x00, 0x3F, 0xC0, 0x00, 0x00, 0x00, 0xFF, 0x80, 0x00, 0x00, 0x01,
  0xFE, 0x00, 0x00, 0x00, 0x07, 0xF8, 0x00, 0x00, 0x00, 0x1F, 0xE0, 0x00,
  0x00, 0x00, 0x7F, 0x80, 0x00, 0x00, 0x01, 0xFE, 0x00, 0x00, 0x00, 0x03,
  0xF8, 0x00, 0x00, 0x00, 0x0F, 0xE0, 0x00, 0x00, 0x00, 0x3F, 0x80, 0x00,
  0x00, 0x00, 0xFE, 0x00, 0x00, 0x00, 0x03, 0xF8, 0x00, 0x00, 0x00, 0x07,
  0xF0, 0x00, 0x00, 0x00, 0x1F, 0xC0, 0x00, 0x00, 0x00, 0x3F, 0x00, 0x00,
  0x00, 0x00, 0xFC, 0x00, 0x00, 0x00, 0x01, 0xF8, 0x00, 0x00, 0x00, 0x03,
  0xE0, 0x00, 0x00, 0x00, 0x0F, 0xC0, 0x00, 0x00, 0x00, 0x1F, 0x80, 0x00,
  0x00, 0x00, 0x3E, 0x00, 0x00, 0x00, 0x00, 0x7C, 0x00, 0x00, 0x00, 0x00,
  0xF8, 0x00, 0x00, 0x00, 0x01, 0xF0, 0x00, 0x00, 0x00, 0x03, 0xE0, 0x00,
  0x00, 0x00, 0x07, 0xC0, 0x00, 0x00, 0x00, 0x0F, 0x80, 0x00, 0x00, 0x00,
  0x00, 0x00, 0x00, 0x00, 0x00, 0x00, 0x00, 0x00, 0x00, 0x00, 0x00, 0x00,
  0x00, 0x00, 0x00, 0x00, 0x00, 0x00, 0x00, 0x00, 0x00, 0x00, 0x00, 0x00,
  0x00, 0x00, 0x00, 0x00, 0x00, 0x07, 0xC0, 0x00, 0x00, 0x00, 0x3F, 0xE0,
  0x00, 0x00, 0x00, 0xFF, 0xE0, 0x00, 0x00, 0x01, 0xFF, 0xC0, 0x00, 0x00,
  0x07, 0xFF, 0xC0, 0x00, 0x00, 0x0F, 0xFF, 0x80, 0x00, 0x00, 0x1F, 0xFF,
  0x00, 0x00, 0x00, 0x3F, 0xFE, 0x00, 0x00, 0x00, 0x7F, 0xFC, 0x00, 0x00,
  0x00, 0x7F, 0xF0, 0x00, 0x00, 0x00, 0xFF, 0xC0, 0x00, 0x00, 0x00, 0xFF,
  0x80, 0x00, 0x00, 0x00, 0x7C, 0x00, 0x00, 0x00, 0x00, 0x00, 0x00, 0x07,
  0xFF, 0xC0, 0x00, 0x00, 0x00, 0x00, 0x00, 0x00, 0x0F, 0xFF, 0xFF, 0xC0,
  0x00, 0x00, 0x00, 0x00, 0x00, 0x1F, 0xFF, 0xFF, 0xFF, 0x00, 0x00, 0x00,
  0x00, 0x00, 0x0F, 0xFF, 0xFF, 0xFF, 0xF8, 0x00, 0x00, 0x00, 0x00, 0x07,
  0xFF, 0xFF, 0xFF, 0xFF, 0xC0, 0x00, 0x00, 0x00, 0x03, 0xFF, 0xE0, 0x01,
  0xFF, 0xFE, 0x00, 0x00, 0x00, 0x01, 0xFF, 0xC0, 0x00, 0x01, 0xFF, 0xE0,
  0x00, 0x00, 0x00, 0xFF, 0xC0, 0x00, 0x00, 0x0F, 0xFF, 0x00, 0x00, 0x00,
  0x3F, 0xE0, 0x00, 0x00, 0x00, 0x7F, 0xF0, 0x00, 0x00, 0x0F, 0xF0, 0x00,
  0x00, 0x00, 0x03, 0xFF, 0x00, 0x00, 0x07, 0xF8, 0x00, 0x00, 0x00, 0x00,
  0x1F, 0xF0, 0x00, 0x01, 0xFE, 0x00, 0x00, 0x00, 0x00, 0x01, 0xFE, 0x00,
  0x00, 0x7F, 0x00, 0x00, 0x00, 0x00, 0x00, 0x1F, 0xE0, 0x00, 0x1F, 0xC0,
  0x00, 0x00, 0x00, 0x00, 0x01, 0xFE, 0x00, 0x07, 0xF0, 0x00, 0x00, 0x00,
  0x00, 0x00, 0x1F, 0xC0, 0x01, 0xFC, 0x00, 0x00, 0x00, 0x00, 0x00, 0x03,
  0xFC, 0x00, 0x3F, 0x00, 0x00, 0x00, 0x00, 0x00, 0x00, 0x3F, 0x80, 0x0F,
  0xC0, 0x00, 0x00, 0x00, 0x00, 0x00, 0x03, 0xF8, 0x03, 0xF0, 0x00, 0x00,
  0x7F, 0x00, 0x00, 0x00, 0x7F, 0x00, 0xFE, 0x00, 0x00, 0x7F, 0xF8, 0x3F,
  0xE0, 0x07, 0xE0, 0x1F, 0x80, 0x00, 0x3F, 0xFF, 0x87, 0xFC, 0x00, 0xFC,
  0x07, 0xE0, 0x00, 0x0F, 0xFF, 0xF8, 0xFF, 0x00, 0x1F, 0xC1, 0xF8, 0x00,
  0x07, 0xFF, 0xFF, 0xBF, 0xE0, 0x01, 0xF8, 0x3F, 0x00, 0x01, 0xFF, 0xFF,
  0xF7, 0xF8, 0x00, 0x3F, 0x0F, 0xC0, 0x00, 0x7F, 0xF8, 0x3E, 0xFF, 0x00,
  0x07, 0xE1, 0xF8, 0x00, 0x1F, 0xFC, 0x03, 0xFF, 0xE0, 0x00, 0xFC, 0x3E,
  0x00, 0x03, 0xFF, 0x00, 0x3F, 0xF8, 0x00, 0x1F, 0x8F, 0xC0, 0x00, 0xFF,
  0xC0, 0x07, 0xFF, 0x00, 0x03, 0xF1, 0xF0, 0x00, 0x3F, 0xF8, 0x00, 0x7F,
  0xE0, 0x00, 0x7E, 0x7E, 0x00, 0x07, 0xFE, 0x00, 0x0F, 0xF8, 0x00, 0x0F,
  0xCF, 0xC0, 0x01, 0xFF, 0x80, 0x01, 0xFF, 0x00, 0x01, 0xF9, 0xF0, 0x00,
  0x3F, 0xF0, 0x00, 0x3F, 0xE0, 0x00, 0x3F, 0x7E, 0x00, 0x0F, 0xFC, 0x00,
  0x0F, 0xF8, 0x00, 0x07, 0xEF, 0xC0, 0x01, 0xFF, 0x80, 0x01, 0xFF, 0x00,
  0x00, 0xFD, 0xF0, 0x00, 0x3F, 0xE0, 0x00, 0x3F, 0xE0, 0x00, 0x3F, 0xBE,
  0x00, 0x0F, 0xFC, 0x00, 0x0F, 0xF8, 0x00, 0x07, 0xE7, 0xC0, 0x01, 0xFF,
  0x80, 0x01, 0xFF, 0x00, 0x00, 0xFC, 0xF8, 0x00, 0x3F, 0xE0, 0x00, 0x3F,
  0xE0, 0x00, 0x1F, 0xBF, 0x00, 0x07, 0xFC, 0x00, 0x0F, 0xF8, 0x00, 0x07,
  0xF7, 0xC0, 0x01, 0xFF, 0x80, 0x01, 0xFF, 0x00, 0x00, 0xFC, 0xF8, 0x00,
  0x3F, 0xF0, 0x00, 0x3F, 0xC0, 0x00, 0x3F, 0x9F, 0x00, 0x07, 0xFC, 0x00,
  0x0F, 0xF8, 0x00, 0x07, 0xE3, 0xE0, 0x00, 0xFF, 0x80, 0x01, 0xFF, 0x00,
  0x01, 0xFC, 0x7C, 0x00, 0x1F, 0xF0, 0x00, 0x3F, 0xC0, 0x00, 0x3F, 0x8F,
  0x80, 0x03, 0xFE, 0x00, 0x0F, 0xF8, 0x00, 0x0F, 0xE1, 0xF0, 0x00, 0x7F,
  0xC0, 0x01, 0xFF, 0x00, 0x01, 0xF8, 0x3E, 0x00, 0x0F, 0xF8, 0x00, 0x3F,
  0xC0, 0x00, 0x7F, 0x07, 0xC0, 0x01, 0xFF, 0x00, 0x0F, 0xF8, 0x00, 0x1F,
  0xC0, 0xF8, 0x00, 0x3F, 0xE0, 0x03, 0xFF, 0x00, 0x07, 0xF0, 0x1F, 0x00,
  0x07, 0xFC, 0x00, 0x7F, 0xC0, 0x01, 0xFE, 0x03, 0xE0, 0x00, 0xFF, 0x80,
  0x1F, 0xF8, 0x00, 0x7F, 0x80, 0x7C, 0x00, 0x0F, 0xF8, 0x07, 0xFF, 0x00,
  0x3F, 0xE0, 0x0F, 0x80, 0x01, 0xFF, 0x01, 0xFF, 0xF0, 0x0F, 0xF8, 0x01,
  0xF0, 0x00, 0x3F, 0xF0, 0xFE, 0xFF, 0x07, 0xFE, 0x00, 0x3F, 0x00, 0x03,
  0xFF, 0xFF, 0xDF, 0xFF, 0xFF, 0x00, 0x03, 0xE0, 0x00, 0x3F, 0xFF, 0xF3,
  0xFF, 0xFF, 0xC0, 0x00, 0x7C, 0x00, 0x07, 0xFF, 0xFC, 0x3F, 0xFF, 0xE0,
  0x00, 0x0F, 0x80, 0x00, 0x3F, 0xFE, 0x03, 0xFF, 0xF8, 0x00, 0x01, 0xF8,
  0x00, 0x03, 0xFF, 0x80, 0x3F, 0xFC, 0x00, 0x00, 0x1F, 0x00, 0x00, 0x1F,
  0xC0, 0x01, 0xFC, 0x00, 0x00, 0x03, 0xF0, 0x00, 0x00, 0x00, 0x00, 0x00,
  0x00, 0x00, 0x00, 0x3E, 0x00, 0x00, 0x00, 0x00, 0x00, 0x00, 0x00, 0x00,
  0x07, 0xE0, 0x00, 0x00, 0x00, 0x00, 0x00, 0x00, 0x00, 0x00, 0x7C, 0x00,
  0x00, 0x00, 0x00, 0x00, 0x00, 0x00, 0x00, 0x0F, 0xC0, 0x00, 0x00, 0x00,
  0x00, 0x00, 0x00, 0x00, 0x00, 0xFC, 0x00, 0x00, 0x00, 0x00, 0x00, 0x00,
  0x00, 0x00, 0x0F, 0xC0, 0x00, 0x00, 0x00, 0x00, 0x00, 0x20, 0x00, 0x00,
  0xFC, 0x00, 0x00, 0x00, 0x00, 0x00, 0x0E, 0x00, 0x00, 0x1F, 0xC0, 0x00,
  0x00, 0x00, 0x00, 0x03, 0xE0, 0x00, 0x01, 0xFC, 0x00, 0x00, 0x00, 0x00,
  0x00, 0xFC, 0x00, 0x00, 0x1F, 0xE0, 0x00, 0x00, 0x00, 0x00, 0x7F, 0x00,
  0x00, 0x00, 0xFF, 0x00, 0x00, 0x00, 0x00, 0x1F, 0xC0, 0x00, 0x00, 0x0F,
  0xF8, 0x00, 0x00, 0x00, 0x0F, 0xF0, 0x00, 0x00, 0x00, 0xFF, 0xC0, 0x00,
  0x00, 0x07, 0xFC, 0x00, 0x00, 0x00, 0x07, 0xFF, 0x00, 0x00, 0x07, 0xFE,
  0x00, 0x00, 0x00, 0x00, 0x3F, 0xFF, 0x00, 0x0F, 0xFF, 0x00, 0x00, 0x00,
  0x00, 0x01, 0xFF, 0xFF, 0xFF, 0xFF, 0x80, 0x00, 0x00, 0x00, 0x00, 0x07,
  0xFF, 0xFF, 0xFF, 0xC0, 0x00, 0x00, 0x00, 0x00, 0x00, 0x1F, 0xFF, 0xFF,
  0xC0, 0x00, 0x00, 0x00, 0x00, 0x00, 0x00, 0x1F, 0xFF, 0x80, 0x00, 0x00,
  0x00, 0x00, 0x00, 0x00, 0x03, 0xF8, 0x00, 0x00, 0x00, 0x00, 0x00, 0x00,
  0x01, 0xFF, 0x00, 0x00, 0x00, 0x00, 0x00, 0x00, 0x00, 0x7F, 0xC0, 0x00,
  0x00, 0x00, 0x00, 0x00, 0x00, 0x1F, 0xF0, 0x00, 0x00, 0x00, 0x00, 0x00,
  0x00, 0x0F, 0xFE, 0x00, 0x00, 0x00, 0x00, 0x00, 0x00, 0x03, 0xFF, 0x80,
  0x00, 0x00, 0x00, 0x00, 0x00, 0x00, 0xFF, 0xE0, 0x00, 0x00, 0x00, 0x00,
  0x00, 0x00, 0x7F, 0xFC, 0x00, 0x00, 0x00, 0x00, 0x00, 0x00, 0x1F, 0xFF,
  0x00, 0x00, 0x00, 0x00, 0x00, 0x00, 0x07, 0xFF, 0xC0, 0x00, 0x00, 0x00,
  0x00, 0x00, 0x03, 0xFF, 0xF8, 0x00, 0x00, 0x00, 0x00, 0x00, 0x00, 0xFF,
  0xFE, 0x00, 0x00, 0x00, 0x00, 0x00, 0x00, 0x3F, 0xFF, 0x80, 0x00, 0x00,
  0x00, 0x00, 0x00, 0x1F, 0xBF, 0xF0, 0x00, 0x00, 0x00, 0x00, 0x00, 0x07,
  0xE7, 0xFC, 0x00, 0x00, 0x00, 0x00, 0x00, 0x03, 0xF1, 0xFF, 0x00, 0x00,
  0x00, 0x00, 0x00, 0x00, 0xFC, 0x7F, 0xE0, 0x00, 0x00, 0x00, 0x00, 0x00,
  0x3F, 0x0F, 0xF8, 0x00, 0x00, 0x00, 0x00, 0x00, 0x1F, 0x83, 0xFE, 0x00,
  0x00, 0x00, 0x00, 0x00, 0x07, 0xE0, 0xFF, 0xC0, 0x00, 0x00, 0x00, 0x00,
  0x01, 0xF8, 0x1F, 0xF0, 0x00, 0x00, 0x00, 0x00, 0x00, 0xFC, 0x07, 0xFC,
  0x00, 0x00, 0x00, 0x00, 0x00, 0x3F, 0x01, 0xFF, 0x80, 0x00, 0x00, 0x00,
  0x00, 0x0F, 0xC0, 0x3F, 0xE0, 0x00, 0x00, 0x00, 0x00, 0x07, 0xE0, 0x0F,
  0xFC, 0x00, 0x00, 0x00, 0x00, 0x01, 0xF8, 0x03, 0xFF, 0x00, 0x00, 0x00,
  0x00, 0x00, 0x7E, 0x00, 0xFF, 0xC0, 0x00, 0x00, 0x00, 0x00, 0x3F, 0x00,
  0x1F, 0xF8, 0x00, 0x00, 0x00, 0x00, 0x0F, 0xC0, 0x07, 0xFE, 0x00, 0x00,
  0x00, 0x00, 0x07, 0xF0, 0x01, 0xFF, 0x80, 0x00, 0x00, 0x00, 0x01, 0xF8,
  0x00, 0x3F, 0xF0, 0x00, 0x00, 0x00, 0x00, 0x7E, 0x00, 0x0F, 0xFC, 0x00,
  0x00, 0x00, 0x00, 0x3F, 0x00, 0x03, 0xFF, 0x00, 0x00, 0x00, 0x00, 0x0F,
  0xC0, 0x00, 0x7F, 0xE0, 0x00, 0x00, 0x00, 0x03, 0xF0, 0x00, 0x1F, 0xF8,
  0x00, 0x00, 0x00, 0x01, 0xF8, 0x00, 0x07, 0xFE, 0x00, 0x00, 0x00, 0x00,
  0x7E, 0x00, 0x00, 0xFF, 0xC0, 0x00, 0x00, 0x00, 0x1F, 0x80, 0x00, 0x3F,
  0xF0, 0x00, 0x00, 0x00, 0x0F, 0xC0, 0x00, 0x0F, 0xFC, 0x00, 0x00, 0x00,
  0x03, 0xF0, 0x00, 0x01, 0xFF, 0x80, 0x00, 0x00, 0x00, 0xFF, 0xFF, 0xFF,
  0xFF, 0xE0, 0x00, 0x00, 0x00, 0x7F, 0xFF, 0xFF, 0xFF, 0xF8, 0x00, 0x00,
  0x00, 0x1F, 0xFF, 0xFF, 0xFF, 0xFF, 0x00, 0x00, 0x00, 0x0F, 0xFF, 0xFF,
  0xFF, 0xFF, 0xC0, 0x00, 0x00, 0x03, 0xF0, 0x00, 0x00, 0x3F, 0xF0, 0x00,
  0x00, 0x00, 0xFC, 0x00, 0x00, 0x07, 0xFE, 0x00, 0x00, 0x00, 0x7F, 0x00,
  0x00, 0x01, 0xFF, 0x80, 0x00, 0x00, 0x1F, 0x80, 0x00, 0x00, 0x7F, 0xE0,
  0x00, 0x00, 0x07, 0xE0, 0x00, 0x00, 0x0F, 0xFC, 0x00, 0x00, 0x03, 0xF8,
  0x00, 0x00, 0x03, 0xFF, 0x00, 0x00, 0x00, 0xFC, 0x00, 0x00, 0x00, 0xFF,
  0xC0, 0x00, 0x00, 0x3F, 0x00, 0x00, 0x00, 0x1F, 0xF8, 0x00, 0x00, 0x1F,
  0xC0, 0x00, 0x00, 0x07, 0xFE, 0x00, 0x00, 0x07, 0xE0, 0x00, 0x00, 0x01,
  0xFF, 0x80, 0x00, 0x01, 0xF8, 0x00, 0x00, 0x00, 0x3F, 0xF0, 0x00, 0x00,
  0xFE, 0x00, 0x00, 0x00, 0x0F, 0xFC, 0x00, 0x00, 0x3F, 0x00, 0x00, 0x00,
  0x03, 0xFF, 0x00, 0x00, 0x1F, 0xC0, 0x00, 0x00, 0x00, 0xFF, 0xE0, 0x00,
  0x07, 0xF0, 0x00, 0x00, 0x00, 0x1F, 0xF8, 0x00, 0x01, 0xF8, 0x00, 0x00,
  0x00, 0x07, 0xFE, 0x00, 0x00, 0xFE, 0x00, 0x00, 0x00, 0x01, 0xFF, 0xC0,
  0x00, 0x3F, 0x80, 0x00, 0x00, 0x00, 0x3F, 0xF0, 0x00, 0x3F, 0xE0, 0x00,
  0x00, 0x00, 0x1F, 0xFF, 0x03, 0xFF, 0xFF, 0xF8, 0x00, 0x03, 0xFF, 0xFF,
  0xFF, 0xFF, 0xFF, 0xFE, 0x00, 0x00, 0xFF, 0xFF, 0xFF, 0xFF, 0xFF, 0xFF,
  0x80, 0x00, 0x3F, 0xFF, 0xFF, 0xF7, 0xFF, 0xFF, 0xC0, 0x00, 0x07, 0xFF,
  0xFF, 0xF8, 0x7F, 0xFF, 0xFF, 0xFF, 0xF0, 0x00, 0x01, 0xFF, 0xFF, 0xFF,
  0xFF, 0xFE, 0x00, 0x03, 0xFF, 0xFF, 0xFF, 0xFF, 0xFF, 0x80, 0x07, 0xFF,
  0xFF, 0xFF, 0xFF, 0xFF, 0xC0, 0x00, 0x3F, 0xFF, 0x00, 0x0F, 0xFF, 0xC0,
  0x00, 0x0F, 0xFE, 0x00, 0x03, 0xFF, 0xC0, 0x00, 0x0F, 0xFC, 0x00, 0x01,
  0xFF, 0xC0, 0x00, 0x1F, 0xF8, 0x00, 0x01, 0xFF, 0xC0, 0x00, 0x3F, 0xF0,
  0x00, 0x01, 0xFF, 0xC0, 0x00, 0x7F, 0xE0, 0x00, 0x01, 0xFF, 0x80, 0x00,
  0xFF, 0xC0, 0x00, 0x03, 0xFF, 0x00, 0x01, 0xFF, 0x80, 0x00, 0x07, 0xFF,
  0x00, 0x03, 0xFF, 0x00, 0x00, 0x07, 0xFE, 0x00, 0x07, 0xFE, 0x00, 0x00,
  0x0F, 0xFC, 0x00, 0x0F, 0xFC, 0x00, 0x00, 0x1F, 0xF8, 0x00, 0x1F, 0xF8,
  0x00, 0x00, 0x3F, 0xF0, 0x00, 0x3F, 0xF0, 0x00, 0x00, 0x7F, 0xE0, 0x00,
  0x7F, 0xE0, 0x00, 0x00, 0xFF, 0xC0, 0x00, 0xFF, 0xC0, 0x00, 0x01, 0xFF,
  0x80, 0x01, 0xFF, 0x80, 0x00, 0x03, 0xFE, 0x00, 0x03, 0xFF, 0x00, 0x00,
  0x0F, 0xFC, 0x00, 0x07, 0xFE, 0x00, 0x00, 0x1F, 0xF8, 0x00, 0x0F, 0xFC,
  0x00, 0x00, 0x3F, 0xE0, 0x00, 0x1F, 0xF8, 0x00, 0x00, 0xFF, 0xC0, 0x00,
  0x3F, 0xF0, 0x00, 0x03, 0xFF, 0x00, 0x00, 0x7F, 0xE0, 0x00, 0x0F, 0xFC,
  0x00, 0x00, 0xFF, 0xC0, 0x00, 0x3F, 0xF0, 0x00, 0x01, 0xFF, 0x80, 0x00,
  0xFF, 0xC0, 0x00, 0x03, 0xFF, 0x00, 0x0F, 0xFE, 0x00, 0x00, 0x07, 0xFF,
  0xFF, 0xFF, 0xF0, 0x00, 0x00, 0x0F, 0xFF, 0xFF, 0xFE, 0x00, 0x00, 0x00,
  0x1F, 0xFF, 0xFF, 0xFF, 0xF0, 0x00, 0x00, 0x3F, 0xFF, 0xFF, 0xFF, 0xFC,
  0x00, 0x00, 0x7F, 0xE0, 0x00, 0x1F, 0xFE, 0x00, 0x00, 0xFF, 0xC0, 0x00,
  0x07, 0xFE, 0x00, 0x01, 0xFF, 0x80, 0x00, 0x07, 0xFE, 0x00, 0x03, 0xFF,
  0x00, 0x00, 0x07, 0xFE, 0x00, 0x07, 0xFE, 0x00, 0x00, 0x07, 0xFE, 0x00,
  0x0F, 0xFC, 0x00, 0x00, 0x07, 0xFE, 0x00, 0x1F, 0xF8, 0x00, 0x00, 0x07,
  0xFC, 0x00, 0x3F, 0xF0, 0x00, 0x00, 0x0F, 0xFC, 0x00, 0x7F, 0xE0, 0x00,
  0x00, 0x1F, 0xF8, 0x00, 0xFF, 0xC0, 0x00, 0x00, 0x1F, 0xF8, 0x01, 0xFF,
  0x80, 0x00, 0x00, 0x3F, 0xF0, 0x03, 0xFF, 0x00, 0x00, 0x00, 0x7F, 0xE0,
  0x07, 0xFE, 0x00, 0x00, 0x00, 0xFF, 0xC0, 0x0F, 0xFC, 0x00, 0x00, 0x01,
  0xFF, 0x80, 0x1F, 0xF8, 0x00, 0x00, 0x03, 0xFF, 0x00, 0x3F, 0xF0, 0x00,
  0x00, 0x07, 0xFE, 0x00, 0x7F, 0xE0, 0x00, 0x00, 0x0F, 0xFC, 0x00, 0xFF,
  0xC0, 0x00, 0x00, 0x1F, 0xF8, 0x01, 0xFF, 0x80, 0x00, 0x00, 0x3F, 0xE0,
  0x03, 0xFF, 0x00, 0x00, 0x00, 0xFF, 0xC0, 0x07, 0xFE, 0x00, 0x00, 0x01,
  0xFF, 0x80, 0x0F, 0xFC, 0x00, 0x00, 0x07, 0xFE, 0x00, 0x1F, 0xF8, 0x00,
  0x00, 0x0F, 0xFC, 0x00, 0x3F, 0xF0, 0x00, 0x00, 0x3F, 0xF0, 0x00, 0x7F,
  0xE0, 0x00, 0x00, 0xFF, 0xE0, 0x00, 0xFF, 0xC0, 0x00, 0x03, 0xFF, 0x80,
  0x01, 0xFF, 0x80, 0x00, 0x0F, 0xFE, 0x00, 0x07, 0xFF, 0x00, 0x00, 0x7F,
  0xF8, 0x00, 0xFF, 0xFF, 0x80, 0x0F, 0xFF, 0xC0, 0x1F, 0xFF, 0xFF, 0xFF,
  0xFF, 0xFF, 0x00, 0x7F, 0xFF, 0xFF, 0xFF, 0xFF, 0xF8, 0x00, 0x7F, 0xFF,
  0xFF, 0xFF, 0xFF, 0x80, 0x00, 0xFF, 0xFF, 0xFF, 0xFF, 0xF0, 0x00, 0x00,
  0x00, 0x00, 0x00, 0x3F, 0xFF, 0x00, 0x00, 0x00, 0x00, 0x1F, 0xFF, 0xFF,
  0xC0, 0x00, 0x00, 0x07, 0xFF, 0xFF, 0xFF, 0xE0, 0x00, 0x00, 0xFF, 0xFF,
  0xFF, 0xFF, 0xE0, 0x00, 0x1F, 0xFC, 0x01, 0xFF, 0xFF, 0x00, 0x01, 0xFF,
  0x00, 0x01, 0xFF, 0xF8, 0x00, 0x3F, 0xE0, 0x00, 0x03, 0xFF, 0xC0, 0x03,
  0xFE, 0x00, 0x00, 0x0F, 0xFE, 0x00, 0x3F, 0xE0, 0x00, 0x00, 0x3F, 0xF0,
  0x03, 0xFE, 0x00, 0x00, 0x00, 0xFF, 0x80, 0x3F, 0xE0, 0x00, 0x00, 0x03,
  0xFC, 0x03, 0xFE, 0x00, 0x00, 0x00, 0x0F, 0xE0, 0x3F, 0xF0, 0x00, 0x00,
  0x00, 0x7F, 0x01, 0xFF, 0x00, 0x00, 0x00, 0x01, 0xF8, 0x1F, 0xF8, 0x00,
  0x00, 0x00, 0x0F, 0xC1, 0xFF, 0xC0, 0x00, 0x00, 0x00, 0x3E, 0x0F, 0xFC,
  0x00, 0x00, 0x00, 0x01, 0xF0, 0xFF, 0xE0, 0x00, 0x00, 0x00, 0x0F, 0x87,
  0xFF, 0x00, 0x00, 0x00, 0x00, 0x3C, 0x7F, 0xF0, 0x00, 0x00, 0x00, 0x01,
  0xC3, 0xFF, 0x80, 0x00, 0x00, 0x00, 0x00, 0x1F, 0xFC, 0x00, 0x00, 0x00,
  0x00, 0x01, 0xFF, 0xE0, 0x00, 0x00, 0x00, 0x00, 0x0F, 0xFF, 0x00, 0x00,
  0x00, 0x00, 0x00, 0x7F, 0xF8, 0x00, 0x00, 0x00, 0x00, 0x03, 0xFF, 0x80,
  0x00, 0x00, 0x00, 0x00, 0x1F, 0xFC, 0x00, 0x00, 0x00, 0x00, 0x01, 0xFF,
  0xE0, 0x00, 0x00, 0x00, 0x00, 0x0F, 0xFF, 0x00, 0x00, 0x00, 0x00, 0x00,
  0x7F, 0xF8, 0x00, 0x00, 0x00, 0x00, 0x03, 0xFF, 0xC0, 0x00, 0x00, 0x00,
  0x00, 0x1F, 0xFE, 0x00, 0x00, 0x00, 0x00, 0x00, 0xFF, 0xF0, 0x00, 0x00,
  0x00, 0x00, 0x07, 0xFF, 0x80, 0x00, 0x00, 0x00, 0x00, 0x3F, 0xFC, 0x00,
  0x00, 0x00, 0x00, 0x01, 0xFF, 0xE0, 0x00, 0x00, 0x00, 0x00, 0x0F, 0xFF,
  0x00, 0x00, 0x00, 0x00, 0x00, 0x7F, 0xF8, 0x00, 0x00, 0x00, 0x00, 0x03,
  0xFF, 0xC0, 0x00, 0x00, 0x00, 0x00, 0x1F, 0xFE, 0x00, 0x00, 0x00, 0x00,
  0x00, 0xFF, 0xF0, 0x00, 0x00, 0x00, 0x00, 0x07, 0xFF, 0x80, 0x00, 0x00,
  0x00, 0x00, 0x1F, 0xFC, 0x00, 0x00, 0x00, 0x00, 0x00, 0xFF, 0xF0, 0x00,
  0x00, 0x00, 0x00, 0x07, 0xFF, 0x80, 0x00, 0x00, 0x00, 0x00, 0x3F, 0xFC,
  0x00, 0x00, 0x00, 0x00, 0x01, 0xFF, 0xE0, 0x00, 0x00, 0x00, 0x00, 0x07,
  0xFF, 0x00, 0x00, 0x00, 0x00, 0x00, 0x3F, 0xFC, 0x00, 0x00, 0x00, 0x00,
  0xF1, 0xFF, 0xE0, 0x00, 0x00, 0x00, 0x07, 0xC7, 0xFF, 0x00, 0x00, 0x00,
  0x00, 0x3E, 0x3F, 0xFC, 0x00, 0x00, 0x00, 0x01, 0xE0, 0xFF, 0xE0, 0x00,
  0x00, 0x00, 0x1F, 0x07, 0xFF, 0x00, 0x00, 0x00, 0x00, 0xF8, 0x1F, 0xFC,
  0x00, 0x00, 0x00, 0x07, 0xC0, 0x7F, 0xF0, 0x00, 0x00, 0x00, 0x7E, 0x03,
  0xFF, 0x80, 0x00, 0x00, 0x03, 0xF0, 0x0F, 0xFE, 0x00, 0x00, 0x00, 0x3F,
  0x80, 0x3F, 0xF8, 0x00, 0x00, 0x03, 0xFC, 0x00, 0xFF, 0xE0, 0x00, 0x00,
  0x3F, 0xE0, 0x03, 0xFF, 0x80, 0x00, 0x03, 0xFE, 0x00, 0x0F, 0xFF, 0x00,
  0x00, 0x3F, 0xF0, 0x00, 0x1F, 0xFC, 0x00, 0x07, 0xFF, 0x80, 0x00, 0x7F,
  0xFE, 0x01, 0xFF, 0xF0, 0x00, 0x00, 0xFF, 0xFF, 0xFF, 0xFF, 0x00, 0x00,
  0x01, 0xFF, 0xFF, 0xFF, 0xC0, 0x00, 0x00, 0x01, 0xFF, 0xFF, 0xF0, 0x00,
  0x00, 0x00, 0x00, 0xFF, 0xFC, 0x00, 0x00, 0x7F, 0xFF, 0xFF, 0xFF, 0xF8,
  0x00, 0x00, 0x00, 0xFF, 0xFF, 0xFF, 0xFF, 0xFF, 0x80, 0x00, 0x03, 0xFF,
  0xFF, 0xFF, 0xFF, 0xFF, 0xE0, 0x00, 0x03, 0xFF, 0xFF, 0xFF, 0xFF, 0xFF,
  0xF0, 0x00, 0x00, 0x3F, 0xFE, 0x00, 0x03, 0xFF, 0xF8, 0x00, 0x00, 0x1F,
  0xFC, 0x00, 0x00, 0x7F, 0xFC, 0x00, 0x00, 0x1F, 0xF8, 0x00, 0x00, 0x3F,
  0xFC, 0x00, 0x00, 0x3F, 0xF0, 0x00, 0x00, 0x1F, 0xFC, 0x00, 0x00, 0x7F,
  0xE0, 0x00, 0x00, 0x1F, 0xFC, 0x00, 0x00, 0xFF, 0xC0, 0x00, 0x00, 0x0F,
  0xFC, 0x00, 0x01, 0xFF, 0x80, 0x00, 0x00, 0x0F, 0xFC, 0x00, 0x03, 0xFF,
  0x00, 0x00, 0x00, 0x1F, 0xFC, 0x00, 0x07, 0xFE, 0x00, 0x00, 0x00, 0x1F,
  0xFC, 0x00, 0x0F, 0xFC, 0x00, 0x00, 0x00, 0x1F, 0xF8, 0x00, 0x1F, 0xF8,
  0x00, 0x00, 0x00, 0x3F, 0xF8, 0x00, 0x3F, 0xF0, 0x00, 0x00, 0x00, 0x3F,
  0xF8, 0x00, 0x7F, 0xE0, 0x00, 0x00, 0x00, 0x7F, 0xF0, 0x00, 0xFF, 0xC0,
  0x00, 0x00, 0x00, 0x7F, 0xE0, 0x01, 0xFF, 0x80, 0x00, 0x00, 0x00, 0xFF,
  0xE0, 0x03, 0xFF, 0x00, 0x00, 0x00, 0x00, 0xFF, 0xC0, 0x07, 0xFE, 0x00,
  0x00, 0x00, 0x01, 0xFF, 0xC0, 0x0F, 0xFC, 0x00, 0x00, 0x00, 0x03, 0xFF,
  0x80, 0x1F, 0xF8, 0x00, 0x00, 0x00, 0x07, 0xFF, 0x00, 0x3F, 0xF0, 0x00,
  0x00, 0x00, 0x0F, 0xFE, 0x00, 0x7F, 0xE0, 0x00, 0x00, 0x00, 0x0F, 0xFC,
  0x00, 0xFF, 0xC0, 0x00, 0x00, 0x00, 0x1F, 0xFC, 0x01, 0xFF, 0x80, 0x00,
  0x00, 0x00, 0x3F, 0xF8, 0x03, 0xFF, 0x00, 0x00, 0x00, 0x00, 0x7F, 0xF0,
  0x07, 0xFE, 0x00, 0x00, 0x00, 0x00, 0xFF, 0xE0, 0x0F, 0xFC, 0x00, 0x00,
  0x00, 0x01, 0xFF, 0xC0, 0x1F, 0xF8, 0x00, 0x00, 0x00, 0x03, 0xFF, 0x80,
  0x3F, 0xF0, 0x00, 0x00, 0x00, 0x07, 0xFF, 0x00, 0x7F, 0xE0, 0x00, 0x00,
  0x00, 0x0F, 0xFE, 0x00, 0xFF, 0xC0, 0x00, 0x00, 0x00, 0x1F, 0xFC, 0x01,
  0xFF, 0x80, 0x00, 0x00, 0x00, 0x3F, 0xF8, 0x03, 0xFF, 0x00, 0x00, 0x00,
  0x00, 0x7F, 0xF0, 0x07, 0xFE, 0x00, 0x00, 0x00, 0x00, 0xFF, 0xE0, 0x0F,
  0xFC, 0x00, 0x00, 0x00, 0x01, 0xFF, 0xC0, 0x1F, 0xF8, 0x00, 0x00, 0x00,
  0x03, 0xFF, 0x00, 0x3F, 0xF0, 0x00, 0x00, 0x00, 0x07, 0xFE, 0x00, 0x7F,
  0xE0, 0x00, 0x00, 0x00, 0x1F, 0xFC, 0x00, 0xFF, 0xC0, 0x00, 0x00, 0x00,
  0x3F, 0xF8, 0x01, 0xFF, 0x80, 0x00, 0x00, 0x00, 0x7F, 0xF0, 0x03, 0xFF,
  0x00, 0x00, 0x00, 0x00, 0xFF, 0xC0, 0x07, 0xFE, 0x00, 0x00, 0x00, 0x01,
  0xFF, 0x80, 0x0F, 0xFC, 0x00, 0x00, 0x00, 0x03, 0xFE, 0x00, 0x1F, 0xF8,
  0x00, 0x00, 0x00, 0x0F, 0xFC, 0x00, 0x3F, 0xF0, 0x00, 0x00, 0x00, 0x1F,
  0xF8, 0x00, 0x7F, 0xE0, 0x00, 0x00, 0x00, 0x3F, 0xE0, 0x00, 0xFF, 0xC0,
  0x00, 0x00, 0x00, 0xFF, 0xC0, 0x01, 0xFF, 0x80, 0x00, 0x00, 0x01, 0xFF,
  0x00, 0x03, 0xFF, 0x00, 0x00, 0x00, 0x07, 0xFC, 0x00, 0x07, 0xFE, 0x00,
  0x00, 0x00, 0x0F, 0xF8, 0x00, 0x0F, 0xFC, 0x00, 0x00, 0x00, 0x3F, 0xE0,
  0x00, 0x1F, 0xF8, 0x00, 0x00, 0x00, 0xFF, 0x80, 0x00, 0x3F, 0xF0, 0x00,
  0x00, 0x03, 0xFE, 0x00, 0x00, 0x7F, 0xE0, 0x00, 0x00, 0x0F, 0xF8, 0x00,
  0x00, 0xFF, 0xC0, 0x00, 0x00, 0x3F, 0xE0, 0x00, 0x01, 0xFF, 0x80, 0x00,
  0x01, 0xFF, 0x80, 0x00, 0x07, 0xFF, 0x80, 0x00, 0x0F, 0xFE, 0x00, 0x00,
  0x7F, 0xFF, 0xE0, 0x01, 0xFF, 0xF0, 0x00, 0x0F, 0xFF, 0xFF, 0xFF, 0xFF,
  0xFF, 0x80, 0x00, 0x1F, 0xFF, 0xFF, 0xFF, 0xFF, 0xFC, 0x00, 0x00, 0x3F,
  0xFF, 0xFF, 0xFF, 0xFF, 0xC0, 0x00, 0x00, 0x3F, 0xFF, 0xFF, 0xFF, 0xF8,
  0x00, 0x00, 0x00, 0x7F, 0xFF, 0xFF, 0xFF, 0xFF, 0xFE, 0x03, 0xFF, 0xFF,
  0xFF, 0xFF, 0xFF, 0xF0, 0x3F, 0xFF, 0xFF, 0xFF, 0xFF, 0xFF, 0x80, 0xFF,
  0xFF, 0xFF, 0xFF, 0xFF, 0xFC, 0x00, 0x3F, 0xFE, 0x00, 0x00, 0x7F, 0xE0,
  0x00, 0x7F, 0xF0, 0x00, 0x00, 0xFF, 0x00, 0x01, 0xFF, 0x80, 0x00, 0x07,
  0xF8, 0x00, 0x0F, 0xFC, 0x00, 0x00, 0x1F, 0xE0, 0x00, 0x7F, 0xE0, 0x00,
  0x00, 0x7F, 0x00, 0x03, 0xFF, 0x00, 0x00, 0x03, 0xF8, 0x00, 0x1F, 0xF8,
  0x00, 0x00, 0x0F, 0xC0, 0x00, 0xFF, 0xC0, 0x00, 0x00, 0x7E, 0x00, 0x07,
  0xFE, 0x00, 0x00, 0x01, 0xF0, 0x00, 0x3F, 0xF0, 0x00, 0x00, 0x0F, 0x80,
  0x01, 0xFF, 0x80, 0x00, 0x00, 0x3C, 0x00, 0x0F, 0xFC, 0x00, 0x00, 0x01,
  0xE0, 0x00, 0x7F, 0xE0, 0x00, 0x00, 0x00, 0x00, 0x03, 0xFF, 0x00, 0x00,
  0x00, 0x00, 0x00, 0x1F, 0xF8, 0x00, 0x00, 0x00, 0x00, 0x00, 0xFF, 0xC0,
  0x00, 0x00, 0x00, 0x00, 0x07, 0xFE, 0x00, 0x01, 0x80, 0x00, 0x00, 0x3F,
  0xF0, 0x00, 0x1E, 0x00, 0x00, 0x01, 0xFF, 0x80, 0x00, 0xF0, 0x00, 0x00,
  0x0F, 0xFC, 0x00, 0x07, 0x80, 0x00, 0x00, 0x7F, 0xE0, 0x00, 0x7C, 0x00,
  0x00, 0x03, 0xFF, 0x00, 0x03, 0xE0, 0x00, 0x00, 0x1F, 0xF8, 0x00, 0x3F,
  0x00, 0x00, 0x00, 0xFF, 0xC0, 0x01, 0xF8, 0x00, 0x00, 0x07, 0xFE, 0x00,
  0x1F, 0xC0, 0x00, 0x00, 0x3F, 0xFF, 0xFF, 0xFE, 0x00, 0x00, 0x01, 0xFF,
  0xFF, 0xFF, 0xF0, 0x00, 0x00, 0x0F, 0xFF, 0xFF, 0xFF, 0x80, 0x00, 0x00,
  0x7F, 0xFF, 0xFF, 0xFC, 0x00, 0x00, 0x03, 0xFF, 0x00, 0x0F, 0xE0, 0x00,
  0x00, 0x1F, 0xF8, 0x00, 0x7F, 0x00, 0x00, 0x00, 0xFF, 0xC0, 0x01, 0xF8,
  0x00, 0x00, 0x07, 0xFE, 0x00, 0x07, 0xC0, 0x00, 0x00, 0x3F, 0xF0, 0x00,
  0x3E, 0x00, 0x00, 0x01, 0xFF, 0x80, 0x01, 0xF0, 0x00, 0x00, 0x0F, 0xFC,
  0x00, 0x07, 0x80, 0x00, 0x00, 0x7F, 0xE0, 0x00, 0x3C, 0x00, 0x00, 0x03,
  0xFF, 0x00, 0x01, 0xE0, 0x00, 0x00, 0x1F, 0xF8, 0x00, 0x07, 0x00, 0x00,
  0x00, 0xFF, 0xC0, 0x00, 0x00, 0x00, 0x00, 0x07, 0xFE, 0x00, 0x00, 0x00,
  0x00, 0x00, 0x3F, 0xF0, 0x00, 0x00, 0x00, 0x00, 0x01, 0xFF, 0x80, 0x00,
  0x00, 0x01, 0xC0, 0x0F, 0xFC, 0x00, 0x00, 0x00, 0x1F, 0x00, 0x7F, 0xE0,
  0x00, 0x00, 0x00, 0xF8, 0x03, 0xFF, 0x00, 0x00, 0x00, 0x0F, 0xC0, 0x1F,
  0xF8, 0x00, 0x00, 0x00, 0x7E, 0x00, 0xFF, 0xC0, 0x00, 0x00, 0x03, 0xF0,
  0x07, 0xFE, 0x00, 0x00, 0x00, 0x3F, 0x00, 0x3F, 0xF0, 0x00, 0x00, 0x01,
  0xF8, 0x01, 0xFF, 0x80, 0x00, 0x00, 0x0F, 0xC0, 0x0F, 0xFC, 0x00, 0x00,
  0x00, 0xFE, 0x00, 0x7F, 0xE0, 0x00, 0x00, 0x0F, 0xF0, 0x03, 0xFF, 0x00,
  0x00, 0x00, 0x7F, 0x80, 0x1F, 0xF8, 0x00, 0x00, 0x07, 0xFC, 0x01, 0xFF,
  0xE0, 0x00, 0x00, 0xFF, 0xE0, 0x7F, 0xFF, 0x80, 0x00, 0x1F, 0xFE, 0x3F,
  0xFF, 0xFF, 0xFF, 0xFF, 0xFF, 0xF1, 0xFF, 0xFF, 0xFF, 0xFF, 0xFF, 0xFF,
  0x8F, 0xFF, 0xFF, 0xFF, 0xFF, 0xFF, 0xFC, 0x7F, 0xFF, 0xFF, 0xFF, 0xFF,
  0xFF, 0xE0, 0x7F, 0xFF, 0xFF, 0xFF, 0xFF, 0xFF, 0x8F, 0xFF, 0xFF, 0xFF,
  0xFF, 0xFF, 0xF9, 0xFF, 0xFF, 0xFF, 0xFF, 0xFF, 0xFF, 0x1F, 0xFF, 0xFF,
  0xFF, 0xFF, 0xFF, 0xE0, 0x0F, 0xFF, 0x00, 0x00, 0x0F, 0xFC, 0x00, 0xFF,
  0xE0, 0x00, 0x00, 0xFF, 0x80, 0x0F, 0xFC, 0x00, 0x00, 0x0F, 0xF0, 0x01,
  0xFF, 0x80, 0x00, 0x00, 0xFE, 0x00, 0x3F, 0xF0, 0x00, 0x00, 0x0F, 0xC0,
  0x07, 0xFE, 0x00, 0x00, 0x01, 0xF8, 0x00, 0xFF, 0xC0, 0x00, 0x00, 0x1F,
  0x80, 0x1F, 0xF8, 0x00, 0x00, 0x01, 0xF0, 0x03, 0xFF, 0x00, 0x00, 0x00,
  0x3E, 0x00, 0x7F, 0xE0, 0x00, 0x00, 0x07, 0xC0, 0x0F, 0xFC, 0x00, 0x00,
  0x00, 0x78, 0x01, 0xFF, 0x80, 0x00, 0x00, 0x0F, 0x00, 0x3F, 0xF0, 0x00,
  0x00, 0x00, 0xE0, 0x07, 0xFE, 0x00, 0x00, 0x00, 0x00, 0x00, 0xFF, 0xC0,
  0x00, 0x00, 0x00, 0x00, 0x1F, 0xF8, 0x00, 0x00, 0x00, 0x00, 0x03, 0xFF,
  0x00, 0x00, 0x00, 0x00, 0x00, 0x7F, 0xE0, 0x00, 0x0E, 0x00, 0x00, 0x0F,
  0xFC, 0x00, 0x01, 0xE0, 0x00, 0x01, 0xFF, 0x80, 0x00, 0x3C, 0x00, 0x00,
  0x3F, 0xF0, 0x00, 0x0F, 0x80, 0x00, 0x07, 0xFE, 0x00, 0x01, 0xF0, 0x00,
  0x00, 0xFF, 0xC0, 0x00, 0x3E, 0x00, 0x00, 0x1F, 0xF8, 0x00, 0x0F, 0xC0,
  0x00, 0x03, 0xFF, 0x00, 0x01, 0xF8, 0x00, 0x00, 0x7F, 0xE0, 0x00, 0x7F,
  0x00, 0x00, 0x0F, 0xFC, 0x00, 0x1F, 0xE0, 0x00, 0x01, 0xFF, 0xFF, 0xFF,
  0xFC, 0x00, 0x00, 0x3F, 0xFF, 0xFF, 0xFF, 0x80, 0x00, 0x07, 0xFF, 0xFF,
  0xFF, 0xF0, 0x00, 0x00, 0xFF, 0xFF, 0xFF, 0xFE, 0x00, 0x00, 0x1F, 0xF8,
  0x00, 0x3F, 0xC0, 0x00, 0x03, 0xFF, 0x00, 0x03, 0xF8, 0x00, 0x00, 0x7F,
  0xE0, 0x00, 0x3F, 0x00, 0x00, 0x0F, 0xFC, 0x00, 0x07, 0xE0, 0x00, 0x01,
  0xFF, 0x80, 0x00, 0x7C, 0x00, 0x00, 0x3F, 0xF0, 0x00, 0x0F, 0x80, 0x00,
  0x07, 0xFE, 0x00, 0x01, 0xF0, 0x00, 0x00, 0xFF, 0xC0, 0x00, 0x1E, 0x00,
  0x00, 0x1F, 0xF8, 0x00, 0x03, 0xC0, 0x00, 0x03, 0xFF, 0x00, 0x00, 0x00,
  0x00, 0x00, 0x7F, 0xE0, 0x00, 0x00, 0x00, 0x00, 0x0F, 0xFC, 0x00, 0x00,
  0x00, 0x00, 0x01, 0xFF, 0x80, 0x00, 0x00, 0x00, 0x00, 0x3F, 0xF0, 0x00,
  0x00, 0x00, 0x00, 0x07, 0xFE, 0x00, 0x00, 0x00, 0x00, 0x00, 0xFF, 0xC0,
  0x00, 0x00, 0x00, 0x00, 0x1F, 0xF8, 0x00, 0x00, 0x00, 0x00, 0x03, 0xFF,
  0x00, 0x00, 0x00, 0x00, 0x00, 0x7F, 0xE0, 0x00, 0x00, 0x00, 0x00, 0x0F,
  0xFC, 0x00, 0x00, 0x00, 0x00, 0x01, 0xFF, 0x80, 0x00, 0x00, 0x00, 0x00,
  0x3F, 0xF0, 0x00, 0x00, 0x00, 0x00, 0x07, 0xFE, 0x00, 0x00, 0x00, 0x00,
  0x00, 0xFF, 0xE0, 0x00, 0x00, 0x00, 0x00, 0x3F, 0xFF, 0x00, 0x00, 0x00,
  0x00, 0x3F, 0xFF, 0xFC, 0x00, 0x00, 0x00, 0xFF, 0xFF, 0xFF, 0xFE, 0x00,
  0x00, 0x1F, 0xFF, 0xFF, 0xFF, 0xC0, 0x00, 0x03, 0xFF, 0xFF, 0xFF, 0xF8,
  0x00, 0x00, 0x3F, 0xFF, 0xFF, 0xFE, 0x00, 0x00, 0x00, 0x00, 0x00, 0x00,
  0x1F, 0xFF, 0xC0, 0x00, 0x00, 0x00, 0x00, 0x07, 0xFF, 0xFF, 0xF8, 0x00,
  0x00, 0x00, 0x00, 0xFF, 0xFF, 0xFF, 0xFC, 0x00, 0x00, 0x00, 0x1F, 0xFF,
  0xFF, 0xFF, 0xFE, 0x00, 0x00, 0x00, 0xFF, 0xE0, 0x0F, 0xFF, 0xFC, 0x00,
  0x00, 0x0F, 0xFC, 0x00, 0x07, 0xFF, 0xF0, 0x00, 0x00, 0xFF, 0xC0, 0x00,
  0x07, 0xFF, 0xC0, 0x00, 0x07, 0xFE, 0x00, 0x00, 0x07, 0xFF, 0x00, 0x00,
  0x3F, 0xF0, 0x00, 0x00, 0x0F, 0xFC, 0x00, 0x01, 0xFF, 0x80, 0x00, 0x00,
  0x1F, 0xF0, 0x00, 0x0F, 0xFC, 0x00, 0x00, 0x00, 0x3F, 0xC0, 0x00, 0x7F,
  0xE0, 0x00, 0x00, 0x00, 0x7F, 0x00, 0x03, 0xFF, 0x00, 0x00, 0x00, 0x01,
  0xFC, 0x00, 0x0F, 0xF8, 0x00, 0x00, 0x00, 0x03, 0xF0, 0x00, 0x7F, 0xE0,
  0x00, 0x00, 0x00, 0x0F, 0xC0, 0x03, 0xFF, 0x00, 0x00, 0x00, 0x00, 0x1F,
  0x00, 0x0F, 0xFC, 0x00, 0x00, 0x00, 0x00, 0x7C, 0x00, 0x7F, 0xF0, 0x00,
  0x00, 0x00, 0x00, 0xF0, 0x01, 0xFF, 0x80, 0x00, 0x00, 0x00, 0x03, 0xC0,
  0x07, 0xFE, 0x00, 0x00, 0x00, 0x00, 0x0E, 0x00, 0x3F, 0xF8, 0x00, 0x00,
  0x00, 0x00, 0x00, 0x00, 0xFF, 0xC0, 0x00, 0x00, 0x00, 0x00, 0x00, 0x07,
  0xFF, 0x00, 0x00, 0x00, 0x00, 0x00, 0x00, 0x1F, 0xFC, 0x00, 0x00, 0x00,
  0x00, 0x00, 0x00, 0x7F, 0xF0, 0x00, 0x00, 0x00, 0x00, 0x00, 0x01, 0xFF,
  0xC0, 0x00, 0x00, 0x00, 0x00, 0x00, 0x07, 0xFE, 0x00, 0x00, 0x00, 0x00,
  0x00, 0x00, 0x3F, 0xF8, 0x00, 0x00, 0x00, 0x00, 0x00, 0x00, 0xFF, 0xE0,
  0x00, 0x00, 0x00, 0x00, 0x00, 0x03, 0xFF, 0x80, 0x00, 0x00, 0x00, 0x00,
  0x00, 0x0F, 0xFE, 0x00, 0x00, 0x00, 0x00, 0x00, 0x00, 0x3F, 0xF8, 0x00,
  0x00, 0x00, 0x00, 0x00, 0x00, 0xFF, 0xE0, 0x00, 0x00, 0x00, 0x00, 0x00,
  0x03, 0xFF, 0x80, 0x00, 0x00, 0x00, 0x00, 0x00, 0x0F, 0xFE, 0x00, 0x00,
  0x00, 0x00, 0x00, 0x00, 0x3F, 0xF8, 0x00, 0x00, 0x00, 0x00, 0x00, 0x00,
  0xFF, 0xE0, 0x00, 0x00, 0x00, 0x00, 0x00, 0x03, 0xFF, 0x80, 0x00, 0x00,
  0x3F, 0xFF, 0xFF, 0xEF, 0xFE, 0x00, 0x00, 0x01, 0xFF, 0xFF, 0xFF, 0xFF,
  0xF8, 0x00, 0x00, 0x07, 0xFF, 0xFF, 0xFF, 0xFF, 0xE0, 0x00, 0x00, 0x1F,
  0xFF, 0xFF, 0xFF, 0xFF, 0x80, 0x00, 0x00, 0x01, 0xFF, 0xFF, 0x87, 0xFF,
  0x00, 0x00, 0x00, 0x00, 0xFF, 0xF0, 0x1F, 0xFC, 0x00, 0x00, 0x00, 0x01,
  0xFF, 0x80, 0x7F, 0xF0, 0x00, 0x00, 0x00, 0x07, 0xFE, 0x01, 0xFF, 0xC0,
  0x00, 0x00, 0x00, 0x1F, 0xF8, 0x03, 0xFF, 0x80, 0x00, 0x00, 0x00, 0x7F,
  0xE0, 0x0F, 0xFE, 0x00, 0x00, 0x00, 0x01, 0xFF, 0x80, 0x3F, 0xF8, 0x00,
  0x00, 0x00, 0x07, 0xFE, 0x00, 0x7F, 0xF0, 0x00, 0x00, 0x00, 0x1F, 0xF8,
  0x01, 0xFF, 0xC0, 0x00, 0x00, 0x00, 0x7F, 0xE0, 0x03, 0xFF, 0x80, 0x00,
  0x00, 0x01, 0xFF, 0x80, 0x0F, 0xFE, 0x00, 0x00, 0x00, 0x07, 0xFE, 0x00,
  0x1F, 0xFC, 0x00, 0x00, 0x00, 0x1F, 0xF8, 0x00, 0x7F, 0xF0, 0x00, 0x00,
  0x00, 0x7F, 0xE0, 0x00, 0xFF, 0xE0, 0x00, 0x00, 0x01, 0xFF, 0x80, 0x01,
  0xFF, 0xC0, 0x00, 0x00, 0x07, 0xFE, 0x00, 0x03, 0xFF, 0x80, 0x00, 0x00,
  0x1F, 0xF8, 0x00, 0x0F, 0xFF, 0x00, 0x00, 0x00, 0x7F, 0xE0, 0x00, 0x1F,
  0xFE, 0x00, 0x00, 0x01, 0xFF, 0x80, 0x00, 0x1F, 0xFC, 0x00, 0x00, 0x0F,
  0xFE, 0x00, 0x00, 0x3F, 0xFC, 0x00, 0x00, 0x7F, 0xF8, 0x00, 0x00, 0x7F,
  0xFC, 0x00, 0x07, 0xFF, 0xC0, 0x00, 0x00, 0x7F, 0xFE, 0x00, 0xFF, 0xFC,
  0x00, 0x00, 0x00, 0xFF, 0xFF, 0xFF, 0xFF, 0xC0, 0x00, 0x00, 0x00, 0x7F,
  0xFF, 0xFF, 0xF8, 0x00, 0x00, 0x00, 0x00, 0x7F, 0xFF, 0xFF, 0x00, 0x00,
  0x00, 0x00, 0x00, 0x1F, 0xFF, 0x80, 0x00, 0x00, 0x7F, 0xFF, 0xFF, 0x80,
  0x00, 0x1F, 0xFF, 0xFF, 0xEF, 0xFF, 0xFF, 0xFC, 0x00, 0x03, 0xFF, 0xFF,
  0xFF, 0xFF, 0xFF, 0xFF, 0xC0, 0x00, 0x3F, 0xFF, 0xFF, 0xFF, 0xFF, 0xFF,
  0xFC, 0x00, 0x03, 0xFF, 0xFF, 0xFF, 0x0F, 0xFF, 0xFC, 0x00, 0x00, 0x03,
  0xFF, 0xFF, 0x00, 0x1F, 0xFE, 0x00, 0x00, 0x00, 0x07, 0xFF, 0x80, 0x00,
  0xFF, 0xC0, 0x00, 0x00, 0x00, 0x3F, 0xF0, 0x00, 0x0F, 0xFC, 0x00, 0x00,
  0x00, 0x03, 0xFF, 0x00, 0x00, 0xFF, 0xC0, 0x00, 0x00, 0x00, 0x3F, 0xF0,
  0x00, 0x0F, 0xFC, 0x00, 0x00, 0x00, 0x03, 0xFF, 0x00, 0x00, 0xFF, 0xC0,
  0x00, 0x00, 0x00, 0x3F, 0xF0, 0x00, 0x0F, 0xFC, 0x00, 0x00, 0x00, 0x03,
  0xFF, 0x00, 0x00, 0xFF, 0xC0, 0x00, 0x00, 0x00, 0x3F, 0xF0, 0x00, 0x0F,
  0xFC, 0x00, 0x00, 0x00, 0x03, 0xFF, 0x00, 0x00, 0xFF, 0xC0, 0x00, 0x00,
  0x00, 0x3F, 0xF0, 0x00, 0x0F, 0xFC, 0x00, 0x00, 0x00, 0x03, 0xFF, 0x00,
  0x00, 0xFF, 0xC0, 0x00, 0x00, 0x00, 0x3F, 0xF0, 0x00, 0x0F, 0xFC, 0x00,
  0x00, 0x00, 0x03, 0xFF, 0x00, 0x00, 0xFF, 0xC0, 0x00, 0x00, 0x00, 0x3F,
  0xF0, 0x00, 0x0F, 0xFC, 0x00, 0x00, 0x00, 0x03, 0xFF, 0x00, 0x00, 0xFF,
  0xC0, 0x00, 0x00, 0x00, 0x3F, 0xF0, 0x00, 0x0F, 0xFC, 0x00, 0x00, 0x00,
  0x03, 0xFF, 0x00, 0x00, 0xFF, 0xC0, 0x00, 0x00, 0x00, 0x3F, 0xF0, 0x00,
  0x0F, 0xFC, 0x00, 0x00, 0x00, 0x03, 0xFF, 0x00, 0x00, 0xFF, 0xC0, 0x00,
  0x00, 0x00, 0x3F, 0xF0, 0x00, 0x0F, 0xFC, 0x00, 0x00, 0x00, 0x03, 0xFF,
  0x00, 0x00, 0xFF, 0xC0, 0x00, 0x00, 0x00, 0x3F, 0xF0, 0x00, 0x0F, 0xFC,
  0x00, 0x00, 0x00, 0x03, 0xFF, 0x00, 0x00, 0xFF, 0xC0, 0x00, 0x00, 0x00,
  0x3F, 0xF0, 0x00, 0x0F, 0xFF, 0xFF, 0xFF, 0xFF, 0xFF, 0xFF, 0x00, 0x00,
  0xFF, 0xFF, 0xFF, 0xFF, 0xFF, 0xFF, 0xF0, 0x00, 0x0F, 0xFF, 0xFF, 0xFF,
  0xFF, 0xFF, 0xFF, 0x00, 0x00, 0xFF, 0xFF, 0xFF, 0xFF, 0xFF, 0xFF, 0xF0,
  0x00, 0x0F, 0xFF, 0xFF, 0xFF, 0xFF, 0xFF, 0xFF, 0x00, 0x00, 0xFF, 0xC0,
  0x00, 0x00, 0x00, 0x3F, 0xF0, 0x00, 0x0F, 0xFC, 0x00, 0x00, 0x00, 0x03,
  0xFF, 0x00, 0x00, 0xFF, 0xC0, 0x00, 0x00, 0x00, 0x3F, 0xF0, 0x00, 0x0F,
  0xFC, 0x00, 0x00, 0x00, 0x03, 0xFF, 0x00, 0x00, 0xFF, 0xC0, 0x00, 0x00,
  0x00, 0x3F, 0xF0, 0x00, 0x0F, 0xFC, 0x00, 0x00, 0x00, 0x03, 0xFF, 0x00,
  0x00, 0xFF, 0xC0, 0x00, 0x00, 0x00, 0x3F, 0xF0, 0x00, 0x0F, 0xFC, 0x00,
  0x00, 0x00, 0x03, 0xFF, 0x00, 0x00, 0xFF, 0xC0, 0x00, 0x00, 0x00, 0x3F,
  0xF0, 0x00, 0x0F, 0xFC, 0x00, 0x00, 0x00, 0x03, 0xFF, 0x00, 0x00, 0xFF,
  0xC0, 0x00, 0x00, 0x00, 0x3F, 0xF0, 0x00, 0x0F, 0xFC, 0x00, 0x00, 0x00,
  0x03, 0xFF, 0x00, 0x00, 0xFF, 0xC0, 0x00, 0x00, 0x00, 0x3F, 0xF0, 0x00,
  0x0F, 0xFC, 0x00, 0x00, 0x00, 0x03, 0xFF, 0x00, 0x00, 0xFF, 0xC0, 0x00,
  0x00, 0x00, 0x3F, 0xF0, 0x00, 0x0F, 0xFC, 0x00, 0x00, 0x00, 0x03, 0xFF,
  0x00, 0x00, 0xFF, 0xC0, 0x00, 0x00, 0x00, 0x3F, 0xF0, 0x00, 0x0F, 0xFC,
  0x00, 0x00, 0x00, 0x03, 0xFF, 0x00, 0x00, 0xFF, 0xC0, 0x00, 0x00, 0x00,
  0x3F, 0xF0, 0x00, 0x0F, 0xFC, 0x00, 0x00, 0x00, 0x03, 0xFF, 0x00, 0x00,
  0xFF, 0xC0, 0x00, 0x00, 0x00, 0x3F, 0xF0, 0x00, 0x0F, 0xFC, 0x00, 0x00,
  0x00, 0x03, 0xFF, 0x00, 0x00, 0xFF, 0xC0, 0x00, 0x00, 0x00, 0x3F, 0xF0,
  0x00, 0x0F, 0xFC, 0x00, 0x00, 0x00, 0x03, 0xFF, 0x00, 0x00, 0xFF, 0xC0,
  0x00, 0x00, 0x00, 0x3F, 0xF0, 0x00, 0x0F, 0xFC, 0x00, 0x00, 0x00, 0x03,
  0xFF, 0x00, 0x01, 0xFF, 0xE0, 0x00, 0x00, 0x00, 0x7F, 0xF8, 0x00, 0xFF,
  0xFF, 0xC0, 0x00, 0x00, 0x3F, 0xFF, 0xF0, 0xFF, 0xFF, 0xFF, 0xC0, 0x00,
  0x3F, 0xFF, 0xFF, 0xFF, 0xFF, 0xFF, 0xFC, 0x00, 0x03, 0xFF, 0xFF, 0xFF,
  0xFF, 0xFF, 0xFF, 0xC0, 0x00, 0x3F, 0xFF, 0xFF, 0xF7, 0xFF, 0xFF, 0xF8,
  0x00, 0x01, 0xFF, 0xFF, 0xFE, 0x7F, 0xFF, 0xFF, 0x9F, 0xFF, 0xFF, 0xFB,
  0xFF, 0xFF, 0xFF, 0x7F, 0xFF, 0xFF, 0xE0, 0xFF, 0xFF, 0xC0, 0x03, 0xFF,
  0xC0, 0x00, 0x3F, 0xF0, 0x00, 0x07, 0xFE, 0x00, 0x00, 0xFF, 0xC0, 0x00,
  0x1F, 0xF8, 0x00, 0x03, 0xFF, 0x00, 0x00, 0x7F, 0xE0, 0x00, 0x0F, 0xFC,
  0x00, 0x01, 0xFF, 0x80, 0x00, 0x3F, 0xF0, 0x00, 0x07, 0xFE, 0x00, 0x00,
  0xFF, 0xC0, 0x00, 0x1F, 0xF8, 0x00, 0x03, 0xFF, 0x00, 0x00, 0x7F, 0xE0,
  0x00, 0x0F, 0xFC, 0x00, 0x01, 0xFF, 0x80, 0x00, 0x3F, 0xF0, 0x00, 0x07,
  0xFE, 0x00, 0x00, 0xFF, 0xC0, 0x00, 0x1F, 0xF8, 0x00, 0x03, 0xFF, 0x00,
  0x00, 0x7F, 0xE0, 0x00, 0x0F, 0xFC, 0x00, 0x01, 0xFF, 0x80, 0x00, 0x3F,
  0xF0, 0x00, 0x07, 0xFE, 0x00, 0x00, 0xFF, 0xC0, 0x00, 0x1F, 0xF8, 0x00,
  0x03, 0xFF, 0x00, 0x00, 0x7F, 0xE0, 0x00, 0x0F, 0xFC, 0x00, 0x01, 0xFF,
  0x80, 0x00, 0x3F, 0xF0, 0x00, 0x07, 0xFE, 0x00, 0x00, 0xFF, 0xC0, 0x00,
  0x1F, 0xF8, 0x00, 0x03, 0xFF, 0x00, 0x00, 0x7F, 0xE0, 0x00, 0x0F, 0xFC,
  0x00, 0x01, 0xFF, 0x80, 0x00, 0x3F, 0xF0, 0x00, 0x07, 0xFE, 0x00, 0x00,
  0xFF, 0xC0, 0x00, 0x1F, 0xF8, 0x00, 0x03, 0xFF, 0x00, 0x00, 0x7F, 0xE0,
  0x00, 0x0F, 0xFC, 0x00, 0x01, 0xFF, 0x80, 0x00, 0x3F, 0xF0, 0x00, 0x07,
  0xFE, 0x00, 0x00, 0xFF, 0xC0, 0x00, 0x1F, 0xF8, 0x00, 0x03, 0xFF, 0x00,
  0x00, 0x7F, 0xF0, 0x00, 0x1F, 0xFF, 0x00, 0x0F, 0xFF, 0xFC, 0x1F, 0xFF,
  0xFF, 0xFB, 0xFF, 0xFF, 0xFF, 0x7F, 0xFF, 0xFF, 0xE7, 0xFF, 0xFF, 0xF8,
  0x00, 0x00, 0x0F, 0xFF, 0xFF, 0xC0, 0x00, 0x03, 0xFF, 0xFF, 0xFC, 0x00,
  0x00, 0x7F, 0xFF, 0xFF, 0x80, 0x00, 0x0F, 0xFF, 0xFF, 0xF0, 0x00, 0x00,
  0x0F, 0xFF, 0xE0, 0x00, 0x00, 0x00, 0xFF, 0xF0, 0x00, 0x00, 0x00, 0x0F,
  0xFC, 0x00, 0x00, 0x00, 0x01, 0xFF, 0x80, 0x00, 0x00, 0x00, 0x3F, 0xF0,
  0x00, 0x00, 0x00, 0x07, 0xFE, 0x00, 0x00, 0x00, 0x00, 0xFF, 0xC0, 0x00,
  0x00, 0x00, 0x1F, 0xF8, 0x00, 0x00, 0x00, 0x03, 0xFF, 0x00, 0x00, 0x00,
  0x00, 0x7F, 0xE0, 0x00, 0x00, 0x00, 0x0F, 0xFC, 0x00, 0x00, 0x00, 0x01,
  0xFF, 0x80, 0x00, 0x00, 0x00, 0x3F, 0xF0, 0x00, 0x00, 0x00, 0x07, 0xFE,
  0x00, 0x00, 0x00, 0x00, 0xFF, 0xC0, 0x00, 0x00, 0x00, 0x1F, 0xF8, 0x00,
  0x00, 0x00, 0x03, 0xFF, 0x00, 0x00, 0x00, 0x00, 0x7F, 0xE0, 0x00, 0x00,
  0x00, 0x0F, 0xFC, 0x00, 0x00, 0x00, 0x01, 0xFF, 0x80, 0x00, 0x00, 0x00,
  0x3F, 0xF0, 0x00, 0x00, 0x00, 0x07, 0xFE, 0x00, 0x00, 0x00, 0x00, 0xFF,
  0xC0, 0x00, 0x00, 0x00, 0x1F, 0xF8, 0x00, 0x00, 0x00, 0x03, 0xFF, 0x00,
  0x00, 0x00, 0x00, 0x7F, 0xE0, 0x00, 0x00, 0x00, 0x0F, 0xFC, 0x00, 0x00,
  0x00, 0x01, 0xFF, 0x80, 0x00, 0x00, 0x00, 0x3F, 0xF0, 0x00, 0x00, 0x00,
  0x07, 0xFE, 0x00, 0x00, 0x00, 0x00, 0xFF, 0xC0, 0x00, 0x00, 0x00, 0x1F,
  0xF8, 0x00, 0x00, 0x00, 0x03, 0xFF, 0x00, 0x00, 0x00, 0x00, 0x7F, 0xE0,
  0x00, 0x00, 0x00, 0x0F, 0xFC, 0x00, 0x00, 0x00, 0x01, 0xFF, 0x80, 0x00,
  0x00, 0x00, 0x3F, 0xF0, 0x00, 0x00, 0x00, 0x07, 0xFE, 0x00, 0x00, 0x00,
  0x00, 0xFF, 0xC0, 0x00, 0x00, 0x00, 0x1F, 0xF8, 0x00, 0xFC, 0x00, 0x03,
  0xFF, 0x00, 0x3F, 0xC0, 0x00, 0x7F, 0xE0, 0x0F, 0xF0, 0x00, 0x0F, 0xFC,
  0x03, 0xFE, 0x00, 0x01, 0xFF, 0x80, 0x7F, 0xC0, 0x00, 0x3F, 0xF0, 0x1F,
  0xF8, 0x00, 0x07, 0xFE, 0x03, 0xFF, 0x00, 0x00, 0xFF, 0xC0, 0x7F, 0xE0,
  0x00, 0x1F, 0xF0, 0x0F, 0xFC, 0x00, 0x03, 0xFE, 0x01, 0xFF, 0x80, 0x00,
  0xFF, 0xC0, 0x3F, 0xE0, 0x00, 0x1F, 0xF8, 0x07, 0xFC, 0x00, 0x03, 0xFE,
  0x00, 0x7F, 0x80, 0x00, 0x7F, 0xC0, 0x0F, 0xF0, 0x00, 0x1F, 0xF0, 0x01,
  0xFE, 0x00, 0x03, 0xFE, 0x00, 0x1F, 0xC0, 0x00, 0xFF, 0x80, 0x03, 0xF8,
  0x00, 0x3F, 0xE0, 0x00, 0x3F, 0x80, 0x0F, 0xFC, 0x00, 0x03, 0xFC, 0x07,
  0xFE, 0x00, 0x00, 0x1F, 0xFF, 0xFF, 0x80, 0x00, 0x01, 0xFF, 0xFF, 0xC0,
  0x00, 0x00, 0x0F, 0xFF, 0xE0, 0x00, 0x00, 0x00, 0x3F, 0xE0, 0x00, 0x00,
  0x00, 0x7F, 0xFF, 0xFF, 0x80, 0x0F, 0xFF, 0xFF, 0xC7, 0xFF, 0xFF, 0xFE,
  0x00, 0xFF, 0xFF, 0xFF, 0x3F, 0xFF, 0xFF, 0xF0, 0x07, 0xFF, 0xFF, 0xF9,
  0xFF, 0xFF, 0xFF, 0x80, 0x3F, 0xFF, 0xFF, 0xC0, 0x7F, 0xFF, 0x80, 0x00,
  0x0F, 0xFF, 0xC0, 0x00, 0xFF, 0xF0, 0x00, 0x00, 0x1F, 0xF0, 0x00, 0x03,
  0xFF, 0x00, 0x00, 0x01, 0xFE, 0x00, 0x00, 0x1F, 0xF8, 0x00, 0x00, 0x0F,
  0xE0, 0x00, 0x00, 0xFF, 0xC0, 0x00, 0x00, 0xFE, 0x00, 0x00, 0x07, 0xFE,
  0x00, 0x00, 0x0F, 0xE0, 0x00, 0x00, 0x3F, 0xF0, 0x00, 0x00, 0xFE, 0x00,
  0x00, 0x01, 0xFF, 0x80, 0x00, 0x0F, 0xF0, 0x00, 0x00, 0x0F, 0xFC, 0x00,
  0x00, 0xFF, 0x00, 0x00, 0x00, 0x7F, 0xE0, 0x00, 0x07, 0xF0, 0x00, 0x00,
  0x03, 0xFF, 0x00, 0x00, 0x7F, 0x00, 0x00, 0x00, 0x1F, 0xF8, 0x00, 0x07,
  0xF0, 0x00, 0x00, 0x00, 0xFF, 0xC0, 0x00, 0x7F, 0x00, 0x00, 0x00, 0x07,
  0xFE, 0x00, 0x07, 0xF0, 0x00, 0x00, 0x00, 0x3F, 0xF0, 0x00, 0x3F, 0x80,
  0x00, 0x00, 0x01, 0xFF, 0x80, 0x03, 0xF8, 0x00, 0x00, 0x00, 0x0F, 0xFC,
  0x00, 0x3F, 0x80, 0x00, 0x00, 0x00, 0x7F, 0xE0, 0x03, 0xF8, 0x00, 0x00,
  0x00, 0x03, 0xFF, 0x00, 0x3F, 0x80, 0x00, 0x00, 0x00, 0x1F, 0xF8, 0x01,
  0xF8, 0x00, 0x00, 0x00, 0x00, 0xFF, 0xC0, 0x1F, 0xC0, 0x00, 0x00, 0x00,
  0x07, 0xFE, 0x01, 0xFC, 0x00, 0x00, 0x00, 0x00, 0x3F, 0xF0, 0x1F, 0xC0,
  0x00, 0x00, 0x00, 0x01, 0xFF, 0x81, 0xFC, 0x00, 0x00, 0x00, 0x00, 0x0F,
  0xFC, 0x0F, 0xC0, 0x00, 0x00, 0x00, 0x00, 0x7F, 0xE0, 0xFF, 0x00, 0x00,
  0x00, 0x00, 0x03, 0xFF, 0x0F, 0xFC, 0x00, 0x00, 0x00, 0x00, 0x1F, 0xF8,
  0xFF, 0xF0, 0x00, 0x00, 0x00, 0x00, 0xFF, 0xCF, 0xFF, 0xC0, 0x00, 0x00,
  0x00, 0x07, 0xFE, 0x3F, 0xFF, 0x00, 0x00, 0x00, 0x00, 0x3F, 0xF0, 0x7F,
  0xFC, 0x00, 0x00, 0x00, 0x01, 0xFF, 0x81, 0xFF, 0xF0, 0x00, 0x00, 0x00,
  0x0F, 0xFC, 0x07, 0xFF, 0xC0, 0x00, 0x00, 0x00, 0x7F, 0xE0, 0x1F, 0xFE,
  0x00, 0x00, 0x00, 0x03, 0xFF, 0x00, 0x7F, 0xF8, 0x00, 0x00, 0x00, 0x1F,
  0xF8, 0x01, 0xFF, 0xE0, 0x00, 0x00, 0x00, 0xFF, 0xC0, 0x0F, 0xFF, 0x00,
  0x00, 0x00, 0x07, 0xFE, 0x00, 0x3F, 0xFC, 0x00, 0x00, 0x00, 0x3F, 0xF0,
  0x00, 0xFF, 0xF0, 0x00, 0x00, 0x01, 0xFF, 0x80, 0x07, 0xFF, 0xC0, 0x00,
  0x00, 0x0F, 0xFC, 0x00, 0x1F, 0xFE, 0x00, 0x00, 0x00, 0x7F, 0xE0, 0x00,
  0x7F, 0xF8, 0x00, 0x00, 0x03, 0xFF, 0x00, 0x03, 0xFF, 0xE0, 0x00, 0x00,
  0x1F, 0xF8, 0x00, 0x0F, 0xFF, 0x00, 0x00, 0x00, 0xFF, 0xC0, 0x00, 0x3F,
  0xFC, 0x00, 0x00, 0x07, 0xFE, 0x00, 0x01, 0xFF, 0xF0, 0x00, 0x00, 0x3F,
  0xF0, 0x00, 0x07, 0xFF, 0x80, 0x00, 0x01, 0xFF, 0x80, 0x00, 0x3F, 0xFE,
  0x00, 0x00, 0x0F, 0xFC, 0x00, 0x00, 0xFF, 0xF8, 0x00, 0x00, 0x7F, 0xE0,
  0x00, 0x03, 0xFF, 0xC0, 0x00, 0x03, 0xFF, 0x00, 0x00, 0x1F, 0xFF, 0x00,
  0x00, 0x1F, 0xF8, 0x00, 0x00, 0x7F, 0xFC, 0x00, 0x00, 0xFF, 0xC0, 0x00,
  0x03, 0xFF, 0xF0, 0x00, 0x07, 0xFE, 0x00, 0x00, 0x0F, 0xFF, 0xC0, 0x00,
  0x3F, 0xF0, 0x00, 0x00, 0x3F, 0xFF, 0x00, 0x01, 0xFF, 0xC0, 0x00, 0x01,
  0xFF, 0xFC, 0x00, 0x3F, 0xFF, 0x00, 0x00, 0x07, 0xFF, 0xF8, 0x3F, 0xFF,
  0xFF, 0xC0, 0x00, 0x1F, 0xFF, 0xFB, 0xFF, 0xFF, 0xFF, 0x00, 0x00, 0xFF,
  0xFF, 0xFF, 0xFF, 0xFF, 0xF8, 0x00, 0x03, 0xFF, 0xFF, 0xFF, 0xFF, 0xFF,
  0xC0, 0x00, 0x0F, 0xFF, 0xF9, 0xFF, 0xFF, 0xFC, 0x00, 0x00, 0x0F, 0xFF,
  0x80, 0x7F, 0xFF, 0xFF, 0xC0, 0x00, 0x00, 0x3F, 0xFF, 0xFF, 0xF8, 0x00,
  0x00, 0x0F, 0xFF, 0xFF, 0xFE, 0x00, 0x00, 0x03, 0xFF, 0xFF, 0xFF, 0x80,
  0x00, 0x00, 0x0F, 0xFF, 0xFC, 0x00, 0x00, 0x00, 0x00, 0x7F, 0xFC, 0x00,
  0x00, 0x00, 0x00, 0x0F, 0xFE, 0x00, 0x00, 0x00, 0x00, 0x03, 0xFF, 0x00,
  0x00, 0x00, 0x00, 0x00, 0xFF, 0xC0, 0x00, 0x00, 0x00, 0x00, 0x3F, 0xF0,
  0x00, 0x00, 0x00, 0x00, 0x0F, 0xFC, 0x00, 0x00, 0x00, 0x00, 0x03, 0xFF,
  0x00, 0x00, 0x00, 0x00, 0x00, 0xFF, 0xC0, 0x00, 0x00, 0x00, 0x00, 0x3F,
  0xF0, 0x00, 0x00, 0x00, 0x00, 0x0F, 0xFC, 0x00, 0x00, 0x00, 0x00, 0x03,
  0xFF, 0x00, 0x00, 0x00, 0x00, 0x00, 0xFF, 0xC0, 0x00, 0x00, 0x00, 0x00,
  0x3F, 0xF0, 0x00, 0x00, 0x00, 0x00, 0x0F, 0xFC, 0x00, 0x00, 0x00, 0x00,
  0x03, 0xFF, 0x00, 0x00, 0x00, 0x00, 0x00, 0xFF, 0xC0, 0x00, 0x00, 0x00,
  0x00, 0x3F, 0xF0, 0x00, 0x00, 0x00, 0x00, 0x0F, 0xFC, 0x00, 0x00, 0x00,
  0x00, 0x03, 0xFF, 0x00, 0x00, 0x00, 0x00, 0x00, 0xFF, 0xC0, 0x00, 0x00,
  0x00, 0x00, 0x3F, 0xF0, 0x00, 0x00, 0x00, 0x00, 0x0F, 0xFC, 0x00, 0x00,
  0x00, 0x00, 0x03, 0xFF, 0x00, 0x00, 0x00, 0x00, 0x00, 0xFF, 0xC0, 0x00,
  0x00, 0x00, 0x00, 0x3F, 0xF0, 0x00, 0x00, 0x00, 0x00, 0x0F, 0xFC, 0x00,
  0x00, 0x00, 0x00, 0x03, 0xFF, 0x00, 0x00, 0x00, 0x00, 0x00, 0xFF, 0xC0,
  0x00, 0x00, 0x00, 0x00, 0x3F, 0xF0, 0x00, 0x00, 0x00, 0x00, 0x0F, 0xFC,
  0x00, 0x00, 0x00, 0x00, 0x03, 0xFF, 0x00, 0x00, 0x00, 0x00, 0x00, 0xFF,
  0xC0, 0x00, 0x00, 0x00, 0x00, 0x3F, 0xF0, 0x00, 0x00, 0x00, 0x00, 0x0F,
  0xFC, 0x00, 0x00, 0x00, 0x00, 0x03, 0xFF, 0x00, 0x00, 0x00, 0x00, 0x00,
  0xFF, 0xC0, 0x00, 0x00, 0x00, 0x00, 0x3F, 0xF0, 0x00, 0x00, 0x00, 0x00,
  0x0F, 0xFC, 0x00, 0x00, 0x00, 0x00, 0x03, 0xFF, 0x00, 0x00, 0x00, 0x00,
  0x00, 0xFF, 0xC0, 0x00, 0x00, 0x00, 0x80, 0x3F, 0xF0, 0x00, 0x00, 0x00,
  0x70, 0x0F, 0xFC, 0x00, 0x00, 0x00, 0x3C, 0x03, 0xFF, 0x00, 0x00, 0x00,
  0x0F, 0x00, 0xFF, 0xC0, 0x00, 0x00, 0x07, 0xC0, 0x3F, 0xF0, 0x00, 0x00,
  0x01, 0xF0, 0x0F, 0xFC, 0x00, 0x00, 0x00, 0x7C, 0x03, 0xFF, 0x00, 0x00,
  0x00, 0x3F, 0x00, 0xFF, 0xC0, 0x00, 0x00, 0x0F, 0xC0, 0x3F, 0xF0, 0x00,
  0x00, 0x07, 0xE0, 0x0F, 0xFC, 0x00, 0x00, 0x01, 0xF8, 0x03, 0xFF, 0x00,
  0x00, 0x00, 0xFE, 0x00, 0xFF, 0xC0, 0x00, 0x00, 0x3F, 0x80, 0x3F, 0xF0,
  0x00, 0x00, 0x1F, 0xE0, 0x0F, 0xFC, 0x00, 0x00, 0x07, 0xF8, 0x03, 0xFF,
  0x00, 0x00, 0x03, 0xFE, 0x01, 0xFF, 0xE0, 0x00, 0x01, 0xFF, 0x81, 0xFF,
  0xFC, 0x00, 0x00, 0xFF, 0xE7, 0xFF, 0xFF, 0xFF, 0xFF, 0xFF, 0xF3, 0xFF,
  0xFF, 0xFF, 0xFF, 0xFF, 0xFC, 0x7F, 0xFF, 0xFF, 0xFF, 0xFF, 0xFF, 0x1F,
  0xFF, 0xFF, 0xFF, 0xFF, 0xFF, 0xC0, 0x7F, 0xFF, 0xFF, 0x80, 0x00, 0x00,
  0x00, 0x7F, 0xFF, 0xFC, 0xFF, 0xFF, 0xFF, 0x80, 0x00, 0x00, 0x00, 0x7F,
  0xFF, 0xFE, 0xFF, 0xFF, 0xFF, 0x80, 0x00, 0x00, 0x00, 0xFF, 0xFF, 0xFE,
  0xFF, 0xFF, 0xFF, 0xC0, 0x00, 0x00, 0x00, 0xFF, 0xFF, 0xFE, 0x03, 0xFF,
  0xFF, 0xC0, 0x00, 0x00, 0x00, 0xFF, 0xFF, 0xE0, 0x00, 0x7F, 0xFF, 0xC0,
  0x00, 0x00, 0x01, 0xFF, 0xFF, 0x00, 0x00, 0x3C, 0xFF, 0xE0, 0x00, 0x00,
  0x01, 0xE7, 0xFE, 0x00, 0x00, 0x3C, 0xFF, 0xE0, 0x00, 0x00, 0x01, 0xE7,
  0xFE, 0x00, 0x00, 0x3C, 0x7F, 0xE0, 0x00, 0x00, 0x03, 0xE7, 0xFE, 0x00,
  0x00, 0x3C, 0x7F, 0xF0, 0x00, 0x00, 0x03, 0xC7, 0xFE, 0x00, 0x00, 0x3C,
  0x7F, 0xF0, 0x00, 0x00, 0x03, 0xC7, 0xFE, 0x00, 0x00, 0x3C, 0x3F, 0xF0,
  0x00, 0x00, 0x07, 0xC7, 0xFE, 0x00, 0x00, 0x3C, 0x3F, 0xF8, 0x00, 0x00,
  0x07, 0x87, 0xFE, 0x00, 0x00, 0x3C, 0x1F, 0xF8, 0x00, 0x00, 0x07, 0x87,
  0xFE, 0x00, 0x00, 0x3C, 0x1F, 0xF8, 0x00, 0x00, 0x0F, 0x87, 0xFE, 0x00,
  0x00, 0x3C, 0x1F, 0xFC, 0x00, 0x00, 0x0F, 0x07, 0xFE, 0x00, 0x00, 0x3C,
  0x0F, 0xFC, 0x00, 0x00, 0x0F, 0x07, 0xFE, 0x00, 0x00, 0x3C, 0x0F, 0xFC,
  0x00, 0x00, 0x1F, 0x07, 0xFE, 0x00, 0x00, 0x3C, 0x0F, 0xFE, 0x00, 0x00,
  0x1E, 0x07, 0xFE, 0x00, 0x00, 0x3C, 0x07, 0xFE, 0x00, 0x00, 0x1E, 0x07,
  0xFE, 0x00, 0x00, 0x3C, 0x07, 0xFE, 0x00, 0x00, 0x3E, 0x07, 0xFE, 0x00,
  0x00, 0x3C, 0x03, 0xFF, 0x00, 0x00, 0x3C, 0x07, 0xFE, 0x00, 0x00, 0x3C,
  0x03, 0xFF, 0x00, 0x00, 0x3C, 0x07, 0xFE, 0x00, 0x00, 0x3C, 0x03, 0xFF,
  0x00, 0x00, 0x7C, 0x07, 0xFE, 0x00, 0x00, 0x3C, 0x01, 0xFF, 0x80, 0x00,
  0x7C, 0x07, 0xFE, 0x00, 0x00, 0x3C, 0x01, 0xFF, 0x80, 0x00, 0x78, 0x07,
  0xFE, 0x00, 0x00, 0x3C, 0x01, 0xFF, 0x80, 0x00, 0xF8, 0x07, 0xFE, 0x00,
  0x00, 0x3C, 0x00, 0xFF, 0xC0, 0x00, 0xF8, 0x07, 0xFE, 0x00, 0x00, 0x3C,
  0x00, 0xFF, 0xC0, 0x00, 0xF0, 0x07, 0xFE, 0x00, 0x00, 0x3C, 0x00, 0x7F,
  0xC0, 0x01, 0xF0, 0x07, 0xFE, 0x00, 0x00, 0x3C, 0x00, 0x7F, 0xE0, 0x01,
  0xF0, 0x07, 0xFE, 0x00, 0x00, 0x3C, 0x00, 0x7F, 0xE0, 0x01, 0xE0, 0x07,
  0xFE, 0x00, 0x00, 0x3C, 0x00, 0x3F, 0xE0, 0x01, 0xE0, 0x07, 0xFE, 0x00,
  0x00, 0x3C, 0x00, 0x3F, 0xF0, 0x03, 0xE0, 0x07, 0xFE, 0x00, 0x00, 0x3C,
  0x00, 0x3F, 0xF0, 0x03, 0xC0, 0x07, 0xFE, 0x00, 0x00, 0x3C, 0x00, 0x1F,
  0xF0, 0x03, 0xC0, 0x07, 0xFE, 0x00, 0x00, 0x3C, 0x00, 0x1F, 0xF8, 0x07,
  0xC0, 0x07, 0xFE, 0x00, 0x00, 0x3C, 0x00, 0x0F, 0xF8, 0x07, 0x80, 0x07,
  0xFE, 0x00, 0x00, 0x3C, 0x00, 0x0F, 0xF8, 0x07, 0x80, 0x07, 0xFE, 0x00,
  0x00, 0x3C, 0x00, 0x0F, 0xFC, 0x0F, 0x80, 0x07, 0xFE, 0x00, 0x00, 0x3C,
  0x00, 0x07, 0xFC, 0x0F, 0x00, 0x07, 0xFE, 0x00, 0x00, 0x3C, 0x00, 0x07,
  0xFC, 0x0F, 0x00, 0x07, 0xFE, 0x00, 0x00, 0x3C, 0x00, 0x07, 0xFE, 0x1F,
  0x00, 0x07, 0xFE, 0x00, 0x00, 0x3C, 0x00, 0x03, 0xFE, 0x1E, 0x00, 0x07,
  0xFE, 0x00, 0x00, 0x3C, 0x00, 0x03, 0xFE, 0x1E, 0x00, 0x07, 0xFE, 0x00,
  0x00, 0x3C, 0x00, 0x01, 0xFF, 0x3E, 0x00, 0x07, 0xFE, 0x00, 0x00, 0x3C,
  0x00, 0x01, 0xFF, 0x3C, 0x00, 0x07, 0xFE, 0x00, 0x00, 0x3C, 0x00, 0x01,
  0xFF, 0x3C, 0x00, 0x07, 0xFE, 0x00, 0x00, 0x3C, 0x00, 0x00, 0xFF, 0xFC,
  0x00, 0x07, 0xFE, 0x00, 0x00, 0x3C, 0x00, 0x00, 0xFF, 0xF8, 0x00, 0x07,
  0xFE, 0x00, 0x00, 0x3C, 0x00, 0x00, 0xFF, 0xF8, 0x00, 0x07, 0xFE, 0x00,
  0x00, 0x3C, 0x00, 0x00, 0x7F, 0xF8, 0x00, 0x07, 0xFE, 0x00, 0x00, 0x3C,
  0x00, 0x00, 0x7F, 0xF0, 0x00, 0x07, 0xFE, 0x00, 0x00, 0x3C, 0x00, 0x00,
  0x7F, 0xF0, 0x00, 0x07, 0xFE, 0x00, 0x00, 0x3C, 0x00, 0x00, 0x3F, 0xF0,
  0x00, 0x07, 0xFE, 0x00, 0x00, 0x3C, 0x00, 0x00, 0x3F, 0xF0, 0x00, 0x07,
  0xFE, 0x00, 0x00, 0x3C, 0x00, 0x00, 0x1F, 0xE0, 0x00, 0x07, 0xFE, 0x00,
  0x00, 0x3C, 0x00, 0x00, 0x1F, 0xE0, 0x00, 0x07, 0xFE, 0x00, 0x00, 0x3C,
  0x00, 0x00, 0x1F, 0xE0, 0x00, 0x07, 0xFE, 0x00, 0x00, 0x7E, 0x00, 0x00,
  0x0F, 0xC0, 0x00, 0x07, 0xFF, 0x00, 0x00, 0xFF, 0x80, 0x00, 0x0F, 0xC0,
  0x00, 0x1F, 0xFF, 0xC0, 0x3F, 0xFF, 0xFF, 0x00, 0x0F, 0xC0, 0x03, 0xFF,
  0xFF, 0xFE, 0x7F, 0xFF, 0xFF, 0x80, 0x07, 0x80, 0x07, 0xFF, 0xFF, 0xFF,
  0x7F, 0xFF, 0xFF, 0x80, 0x07, 0x80, 0x07, 0xFF, 0xFF, 0xFF, 0x7F, 0xFF,
  0xFF, 0x80, 0x03, 0x80, 0x07, 0xFF, 0xFF, 0xFF, 0x3F, 0xFF, 0xFF, 0x00,
  0x03, 0x00, 0x03, 0xFF, 0xFF, 0xFE, 0x7F, 0xFF, 0xC0, 0x00, 0x00, 0x07,
  0xFF, 0xFF, 0xE7, 0xFF, 0xFE, 0x00, 0x00, 0x00, 0xFF, 0xFF, 0xFF, 0xFF,
  0xFF, 0xF0, 0x00, 0x00, 0x0F, 0xFF, 0xFF, 0xF7, 0xFF, 0xFF, 0x80, 0x00,
  0x00, 0xFF, 0xFF, 0xFF, 0x07, 0xFF, 0xF8, 0x00, 0x00, 0x00, 0x7F, 0xFF,
  0x00, 0x0F, 0xFF, 0xC0, 0x00, 0x00, 0x00, 0xFF, 0x80, 0x00, 0x7F, 0xFE,
  0x00, 0x00, 0x00, 0x07, 0xF0, 0x00, 0x03, 0xFF, 0xE0, 0x00, 0x00, 0x00,
  0x3E, 0x00, 0x00, 0x3F, 0xFF, 0x00, 0x00, 0x00, 0x03, 0xE0, 0x00, 0x03,
  0xFF, 0xF8, 0x00, 0x00, 0x00, 0x3E, 0x00, 0x00, 0x3F, 0xFF, 0x80, 0x00,
  0x00, 0x03, 0xE0, 0x00, 0x03, 0xFF, 0xFC, 0x00, 0x00, 0x00, 0x3E, 0x00,
  0x00, 0x3F, 0xFF, 0xE0, 0x00, 0x00, 0x03, 0xE0, 0x00, 0x03, 0xEF, 0xFF,
  0x00, 0x00, 0x00, 0x3E, 0x00, 0x00, 0x3E, 0x7F, 0xF0, 0x00, 0x00, 0x03,
  0xE0, 0x00, 0x03, 0xE7, 0xFF, 0x80, 0x00, 0x00, 0x3E, 0x00, 0x00, 0x3E,
  0x3F, 0xFC, 0x00, 0x00, 0x03, 0xE0, 0x00, 0x03, 0xE1, 0xFF, 0xC0, 0x00,
  0x00, 0x3E, 0x00, 0x00, 0x3E, 0x0F, 0xFE, 0x00, 0x00, 0x03, 0xE0, 0x00,
  0x03, 0xE0, 0xFF, 0xF0, 0x00, 0x00, 0x3E, 0x00, 0x00, 0x3E, 0x07, 0xFF,
  0x80, 0x00, 0x03, 0xE0, 0x00, 0x03, 0xE0, 0x3F, 0xF8, 0x00, 0x00, 0x3E,
  0x00, 0x00, 0x3E, 0x03, 0xFF, 0xC0, 0x00, 0x03, 0xE0, 0x00, 0x03, 0xE0,
  0x1F, 0xFE, 0x00, 0x00, 0x3E, 0x00, 0x00, 0x3E, 0x00, 0xFF, 0xE0, 0x00,
  0x03, 0xE0, 0x00, 0x03, 0xE0, 0x07, 0xFF, 0x00, 0x00, 0x3E, 0x00, 0x00,
  0x3E, 0x00, 0x7F, 0xF8, 0x00, 0x03, 0xE0, 0x00, 0x03, 0xE0, 0x03, 0xFF,
  0x80, 0x00, 0x3E, 0x00, 0x00, 0x3E, 0x00, 0x1F, 0xFC, 0x00, 0x03, 0xE0,
  0x00, 0x03, 0xE0, 0x01, 0xFF, 0xE0, 0x00, 0x3E, 0x00, 0x00, 0x3E, 0x00,
  0x0F, 0xFF, 0x00, 0x03, 0xE0, 0x00, 0x03, 0xE0, 0x00, 0x7F, 0xF0, 0x00,
  0x3E, 0x00, 0x00, 0x3E, 0x00, 0x03, 0xFF, 0x80, 0x03, 0xE0, 0x00, 0x03,
  0xE0, 0x00, 0x3F, 0xFC, 0x00, 0x3E, 0x00, 0x00, 0x3E, 0x00, 0x01, 0xFF,
  0xC0, 0x03, 0xE0, 0x00, 0x03, 0xE0, 0x00, 0x0F, 0xFE, 0x00, 0x3E, 0x00,
  0x00, 0x3E, 0x00, 0x00, 0x7F, 0xF0, 0x03, 0xE0, 0x00, 0x03, 0xE0, 0x00,
  0x07, 0xFF, 0x00, 0x3E, 0x00, 0x00, 0x3E, 0x00, 0x00, 0x3F, 0xF8, 0x03,
  0xE0, 0x00, 0x03, 0xE0, 0x00, 0x01, 0xFF, 0xC0, 0x3E, 0x00, 0x00, 0x3E,
  0x00, 0x00, 0x1F, 0xFE, 0x03, 0xE0, 0x00, 0x03, 0xE0, 0x00, 0x00, 0xFF,
  0xE0, 0x3E, 0x00, 0x00, 0x3E, 0x00, 0x00, 0x07, 0xFF, 0x03, 0xE0, 0x00,
  0x03, 0xE0, 0x00, 0x00, 0x3F, 0xF8, 0x3E, 0x00, 0x00, 0x3E, 0x00, 0x00,
  0x03, 0xFF, 0x83, 0xE0, 0x00, 0x03, 0xE0, 0x00, 0x00, 0x1F, 0xFC, 0x3E,
  0x00, 0x00, 0x3E, 0x00, 0x00, 0x00, 0xFF, 0xE3, 0xE0, 0x00, 0x03, 0xE0,
  0x00, 0x00, 0x07, 0xFF, 0x3E, 0x00, 0x00, 0x3E, 0x00, 0x00, 0x00, 0x7F,
  0xF3, 0xE0, 0x00, 0x03, 0xE0, 0x00, 0x00, 0x03, 0xFF, 0xBE, 0x00, 0x00,
  0x3E, 0x00, 0x00, 0x00, 0x1F, 0xFF, 0xE0, 0x00, 0x03, 0xE0, 0x00, 0x00,
  0x01, 0xFF, 0xFE, 0x00, 0x00, 0x3E, 0x00, 0x00, 0x00, 0x0F, 0xFF, 0xE0,
  0x00, 0x03, 0xE0, 0x00, 0x00, 0x00, 0x7F, 0xFE, 0x00, 0x00, 0x3E, 0x00,
  0x00, 0x00, 0x03, 0xFF, 0xE0, 0x00, 0x03, 0xE0, 0x00, 0x00, 0x00, 0x3F,
  0xFE, 0x00, 0x00, 0x3E, 0x00, 0x00, 0x00, 0x01, 0xFF, 0xE0, 0x00, 0x03,
  0xE0, 0x00, 0x00, 0x00, 0x0F, 0xFE, 0x00, 0x00, 0x3E, 0x00, 0x00, 0x00,
  0x00, 0xFF, 0xE0, 0x00, 0x07, 0xF0, 0x00, 0x00, 0x00, 0x07, 0xFE, 0x00,
  0x00, 0xFF, 0xC0, 0x00, 0x00, 0x00, 0x3F, 0xE0, 0x03, 0xFF, 0xFF, 0xE0,
  0x00, 0x00, 0x01, 0xFE, 0x00, 0x7F, 0xFF, 0xFF, 0x00, 0x00, 0x00, 0x1F,
  0xE0, 0x07, 0xFF, 0xFF, 0xF0, 0x00, 0x00, 0x00, 0xFE, 0x00, 0x7F, 0xFF,
  0xFF, 0x00, 0x00, 0x00, 0x07, 0xE0, 0x01, 0xFF, 0xFF, 0xE0, 0x00, 0x00,
  0x00, 0x3E, 0x00, 0x00, 0x00, 0x00, 0x00, 0x00, 0x00, 0x03, 0xC0, 0x00,
  0x00, 0x00, 0x00, 0x7F, 0xF8, 0x00, 0x00, 0x00, 0x00, 0x00, 0x3F, 0xFF,
  0xFC, 0x00, 0x00, 0x00, 0x00, 0x0F, 0xFF, 0xFF, 0xFC, 0x00, 0x00, 0x00,
  0x01, 0xFF, 0xFF, 0xFF, 0xF8, 0x00, 0x00, 0x00, 0x3F, 0xF8, 0x00, 0xFF,
  0xE0, 0x00, 0x00, 0x03, 0xFE, 0x00, 0x00, 0xFF, 0xC0, 0x00, 0x00, 0x3F,
  0xC0, 0x00, 0x01, 0xFF, 0x00, 0x00, 0x07, 0xFC, 0x00, 0x00, 0x07, 0xFC,
  0x00, 0x00, 0x7F, 0x80, 0x00, 0x00, 0x1F, 0xF0, 0x00, 0x07, 0xF8, 0x00,
  0x00, 0x00, 0x7F, 0xC0, 0x00, 0x3F, 0xC0, 0x00, 0x00, 0x01, 0xFF, 0x00,
  0x03, 0xFC, 0x00, 0x00, 0x00, 0x07, 0xF8, 0x00, 0x3F, 0xC0, 0x00, 0x00,
  0x00, 0x3F, 0xE0, 0x03, 0xFE, 0x00, 0x00, 0x00, 0x00, 0xFF, 0x80, 0x1F,
  0xF0, 0x00, 0x00, 0x00, 0x07, 0xFC, 0x01, 0xFF, 0x00, 0x00, 0x00, 0x00,
  0x1F, 0xF0, 0x0F, 0xF8, 0x00, 0x00, 0x00, 0x00, 0xFF, 0x80, 0xFF, 0xC0,
  0x00, 0x00, 0x00, 0x07, 0xFE, 0x07, 0xFC, 0x00, 0x00, 0x00, 0x00, 0x3F,
  0xF0, 0x7F, 0xE0, 0x00, 0x00, 0x00, 0x00, 0xFF, 0xC3, 0xFF, 0x00, 0x00,
  0x00, 0x00, 0x07, 0xFE, 0x1F, 0xF8, 0x00, 0x00, 0x00, 0x00, 0x3F, 0xF1,
  0xFF, 0xC0, 0x00, 0x00, 0x00, 0x01, 0xFF, 0xCF, 0xFE, 0x00, 0x00, 0x00,
  0x00, 0x0F, 0xFE, 0x7F, 0xE0, 0x00, 0x00, 0x00, 0x00, 0x7F, 0xF3, 0xFF,
  0x00, 0x00, 0x00, 0x00, 0x01, 0xFF, 0x9F, 0xF8, 0x00, 0x00, 0x00, 0x00,
  0x0F, 0xFD, 0xFF, 0xC0, 0x00, 0x00, 0x00, 0x00, 0x7F, 0xFF, 0xFE, 0x00,
  0x00, 0x00, 0x00, 0x03, 0xFF, 0xFF, 0xF0, 0x00, 0x00, 0x00, 0x00, 0x1F,
  0xFF, 0xFF, 0x80, 0x00, 0x00, 0x00, 0x00, 0xFF, 0xFF, 0xFC, 0x00, 0x00,
  0x00, 0x00, 0x07, 0xFF, 0xFF, 0xE0, 0x00, 0x00, 0x00, 0x00, 0x3F, 0xFF,
  0xFF, 0x00, 0x00, 0x00, 0x00, 0x01, 0xFF, 0xFF, 0xF8, 0x00, 0x00, 0x00,
  0x00, 0x0F, 0xFF, 0xFF, 0xC0, 0x00, 0x00, 0x00, 0x00, 0x7F, 0xFF, 0xFE,
  0x00, 0x00, 0x00, 0x00, 0x03, 0xFF, 0xFF, 0xF0, 0x00, 0x00, 0x00, 0x00,
  0x1F, 0xFF, 0xFF, 0x80, 0x00, 0x00, 0x00, 0x00, 0xFF, 0xFF, 0xFC, 0x00,
  0x00, 0x00, 0x00, 0x07, 0xFF, 0xFF, 0xE0, 0x00, 0x00, 0x00, 0x00, 0x3F,
  0xF3, 0xFF, 0x00, 0x00, 0x00, 0x00, 0x01, 0xFF, 0x9F, 0xF8, 0x00, 0x00,
  0x00, 0x00, 0x0F, 0xFC, 0xFF, 0xE0, 0x00, 0x00, 0x00, 0x00, 0xFF, 0xE7,
  0xFF, 0x00, 0x00, 0x00, 0x00, 0x07, 0xFF, 0x1F, 0xF8, 0x00, 0x00, 0x00,
  0x00, 0x3F, 0xF0, 0xFF, 0xC0, 0x00, 0x00, 0x00, 0x01, 0xFF, 0x87, 0xFE,
  0x00, 0x00, 0x00, 0x00, 0x0F, 0xFC, 0x1F, 0xF0, 0x00, 0x00, 0x00, 0x00,
  0x7F, 0xC0, 0xFF, 0xC0, 0x00, 0x00, 0x00, 0x07, 0xFE, 0x07, 0xFE, 0x00,
  0x00, 0x00, 0x00, 0x3F, 0xF0, 0x1F, 0xF0, 0x00, 0x00, 0x00, 0x01, 0xFF,
  0x00, 0xFF, 0x80, 0x00, 0x00, 0x00, 0x0F, 0xF8, 0x03, 0xFE, 0x00, 0x00,
  0x00, 0x00, 0xFF, 0x80, 0x1F, 0xF0, 0x00, 0x00, 0x00, 0x07, 0xF8, 0x00,
  0x7F, 0xC0, 0x00, 0x00, 0x00, 0x7F, 0xC0, 0x01, 0xFE, 0x00, 0x00, 0x00,
  0x03, 0xFC, 0x00, 0x07, 0xF8, 0x00, 0x00, 0x00, 0x3F, 0xC0, 0x00, 0x3F,
  0xE0, 0x00, 0x00, 0x03, 0xFC, 0x00, 0x00, 0xFF, 0x80, 0x00, 0x00, 0x3F,
  0xC0, 0x00, 0x03, 0xFE, 0x00, 0x00, 0x03, 0xFC, 0x00, 0x00, 0x0F, 0xF8,
  0x00, 0x00, 0x3F, 0xC0, 0x00, 0x00, 0x1F, 0xF0, 0x00, 0x07, 0xFC, 0x00,
  0x00, 0x00, 0x7F, 0xF0, 0x01, 0xFF, 0xC0, 0x00, 0x00, 0x00, 0xFF, 0xFF,
  0xFF, 0xF8, 0x00, 0x00, 0x00, 0x01, 0xFF, 0xFF, 0xFF, 0x00, 0x00, 0x00,
  0x00, 0x03, 0xFF, 0xFF, 0xC0, 0x00, 0x00, 0x00, 0x00, 0x01, 0xFF, 0xF0,
  0x00, 0x00, 0x00, 0x00, 0x01, 0xFF, 0xFF, 0xC0, 0x00, 0x1F, 0xFF, 0xFF,
  0xFF, 0xFF, 0x00, 0x07, 0xFF, 0xFF, 0xFF, 0xFF, 0xF0, 0x01, 0xFF, 0xFF,
  0xFF, 0xFF, 0xFF, 0x00, 0x3F, 0xFF, 0xE0, 0x07, 0xFF, 0xE0, 0x00, 0x7F,
  0xF8, 0x00, 0x3F, 0xFE, 0x00, 0x0F, 0xFE, 0x00, 0x03, 0xFF, 0x80, 0x01,
  0xFF, 0x80, 0x00, 0x7F, 0xF0, 0x00, 0x7F, 0xE0, 0x00, 0x0F, 0xFE, 0x00,
  0x1F, 0xF8, 0x00, 0x01, 0xFF, 0xC0, 0x07, 0xFE, 0x00, 0x00, 0x3F, 0xF0,
  0x01, 0xFF, 0x80, 0x00, 0x0F, 0xFE, 0x00, 0x7F, 0xE0, 0x00, 0x01, 0xFF,
  0x80, 0x1F, 0xF8, 0x00, 0x00, 0x7F, 0xE0, 0x07, 0xFE, 0x00, 0x00, 0x1F,
  0xFC, 0x01, 0xFF, 0x80, 0x00, 0x03, 0xFF, 0x00, 0x7F, 0xE0, 0x00, 0x00,
  0xFF, 0xC0, 0x1F, 0xF8, 0x00, 0x00, 0x3F, 0xF0, 0x07, 0xFE, 0x00, 0x00,
  0x0F, 0xFC, 0x01, 0xFF, 0x80, 0x00, 0x03, 0xFF, 0x00, 0x7F, 0xE0, 0x00,
  0x00, 0xFF, 0xC0, 0x1F, 0xF8, 0x00, 0x00, 0x3F, 0xF0, 0x07, 0xFE, 0x00,
  0x00, 0x0F, 0xFC, 0x01, 0xFF, 0x80, 0x00, 0x03, 0xFF, 0x00, 0x7F, 0xE0,
  0x00, 0x00, 0xFF, 0xC0, 0x1F, 0xF8, 0x00, 0x00, 0x7F, 0xE0, 0x07, 0xFE,
  0x00, 0x00, 0x1F, 0xF8, 0x01, 0xFF, 0x80, 0x00, 0x07, 0xFE, 0x00, 0x7F,
  0xE0, 0x00, 0x03, 0xFF, 0x00, 0x1F, 0xF8, 0x00, 0x00, 0xFF, 0xC0, 0x07,
  0xFE, 0x00, 0x00, 0x7F, 0xE0, 0x01, 0xFF, 0x80, 0x00, 0x1F, 0xF8, 0x00,
  0x7F, 0xE0, 0x00, 0x0F, 0xFC, 0x00, 0x1F, 0xF8, 0x00, 0x07, 0xFE, 0x00,
  0x07, 0xFE, 0x00, 0x07, 0xFF, 0x00, 0x01, 0xFF, 0x80, 0x03, 0xFF, 0x80,
  0x00, 0x7F, 0xE0, 0x07, 0xFF, 0xC0, 0x00, 0x1F, 0xFF, 0xFF, 0xFF, 0xC0,
  0x00, 0x07, 0xFF, 0xFF, 0xFF, 0xC0, 0x00, 0x01, 0xFF, 0xFF, 0xFF, 0xC0,
  0x00, 0x00, 0x7F, 0xFF, 0xFF, 0x80, 0x00, 0x00, 0x1F, 0xF8, 0x00, 0x00,
  0x00, 0x00, 0x07, 0xFE, 0x00, 0x00, 0x00, 0x00, 0x01, 0xFF, 0x80, 0x00,
  0x00, 0x00, 0x00, 0x7F, 0xE0, 0x00, 0x00, 0x00, 0x00, 0x1F, 0xF8, 0x00,
  0x00, 0x00, 0x00, 0x07, 0xFE, 0x00, 0x00, 0x00, 0x00, 0x01, 0xFF, 0x80,
  0x00, 0x00, 0x00, 0x00, 0x7F, 0xE0, 0x00, 0x00, 0x00, 0x00, 0x1F, 0xF8,
  0x00, 0x00, 0x00, 0x00, 0x07, 0xFE, 0x00, 0x00, 0x00, 0x00, 0x01, 0xFF,
  0x80, 0x00, 0x00, 0x00, 0x00, 0x7F, 0xE0, 0x00, 0x00, 0x00, 0x00, 0x1F,
  0xF8, 0x00, 0x00, 0x00, 0x00, 0x07, 0xFE, 0x00, 0x00, 0x00, 0x00, 0x01,
  0xFF, 0x80, 0x00, 0x00, 0x00, 0x00, 0x7F, 0xE0, 0x00, 0x00, 0x00, 0x00,
  0x1F, 0xF8, 0x00, 0x00, 0x00, 0x00, 0x07, 0xFE, 0x00, 0x00, 0x00, 0x00,
  0x01, 0xFF, 0x80, 0x00, 0x00, 0x00, 0x00, 0x7F, 0xF0, 0x00, 0x00, 0x00,
  0x00, 0x7F, 0xFF, 0x00, 0x00, 0x00, 0x03, 0xFF, 0xFF, 0xFF, 0x80, 0x00,
  0x01, 0xFF, 0xFF, 0xFF, 0xF0, 0x00, 0x00, 0x7F, 0xFF, 0xFF, 0xFC, 0x00,
  0x00, 0x1F, 0xFF, 0xFF, 0xFF, 0x00, 0x00, 0x01, 0xFF, 0xFF, 0xFF, 0x80,
  0x00, 0x00, 0x00, 0x00, 0x00, 0x7F, 0xF8, 0x00, 0x00, 0x00, 0x00, 0x00,
  0x3F, 0xFF, 0xFC, 0x00, 0x00, 0x00, 0x00, 0x0F, 0xFF, 0xFF, 0xFC, 0x00,
  0x00, 0x00, 0x01, 0xFF, 0xFF, 0xFF, 0xF8, 0x00, 0x00, 0x00, 0x3F, 0xF8,
  0x00, 0xFF, 0xE0, 0x00, 0x00, 0x03, 0xFE, 0x00, 0x00, 0xFF, 0xC0, 0x00,
  0x00, 0x3F, 0xC0, 0x00, 0x01, 0xFF, 0x00, 0x00, 0x07, 0xF8, 0x00, 0x00,
  0x07, 0xFC, 0x00, 0x00, 0x7F, 0x80, 0x00, 0x00, 0x1F, 0xF0, 0x00, 0x07,
  0xFC, 0x00, 0x00, 0x00, 0x7F, 0xC0, 0x00, 0x3F, 0xC0, 0x00, 0x00, 0x01,
  0xFF, 0x00, 0x03, 0xFC, 0x00, 0x00, 0x00, 0x07, 0xF8, 0x00, 0x3F, 0xC0,
  0x00, 0x00, 0x00, 0x3F, 0xE0, 0x03, 0xFE, 0x00, 0x00, 0x00, 0x00, 0xFF,
  0x80, 0x1F, 0xF0, 0x00, 0x00, 0x00, 0x07, 0xFC, 0x01, 0xFF, 0x00, 0x00,
  0x00, 0x00, 0x1F, 0xF0, 0x0F, 0xF8, 0x00, 0x00, 0x00, 0x00, 0xFF, 0x80,
  0xFF, 0xC0, 0x00, 0x00, 0x00, 0x07, 0xFE, 0x07, 0xFC, 0x00, 0x00, 0x00,
  0x00, 0x3F, 0xF0, 0x7F, 0xE0, 0x00, 0x00, 0x00, 0x00, 0xFF, 0xC3, 0xFF,
  0x00, 0x00, 0x00, 0x00, 0x07, 0xFE, 0x1F, 0xF8, 0x00, 0x00, 0x00, 0x00,
  0x3F, 0xF1, 0xFF, 0xC0, 0x00, 0x00, 0x00, 0x01, 0xFF, 0xCF, 0xFE, 0x00,
  0x00, 0x00, 0x00, 0x0F, 0xFE, 0x7F, 0xE0, 0x00, 0x00, 0x00, 0x00, 0x7F,
  0xF3, 0xFF, 0x00, 0x00, 0x00, 0x00, 0x01, 0xFF, 0x9F, 0xF8, 0x00, 0x00,
  0x00, 0x00, 0x0F, 0xFD, 0xFF, 0xC0, 0x00, 0x00, 0x00, 0x00, 0x7F, 0xFF,
  0xFE, 0x00, 0x00, 0x00, 0x00, 0x03, 0xFF, 0xFF, 0xF0, 0x00, 0x00, 0x00,
  0x00, 0x1F, 0xFF, 0xFF, 0x80, 0x00, 0x00, 0x00, 0x00, 0xFF, 0xFF, 0xFC,
  0x00, 0x00, 0x00, 0x00, 0x07, 0xFF, 0xFF, 0xE0, 0x00, 0x00, 0x00, 0x00,
  0x3F, 0xFF, 0xFF, 0x00, 0x00, 0x00, 0x00, 0x01, 0xFF, 0xFF, 0xF8, 0x00,
  0x00, 0x00, 0x00, 0x0F, 0xFF, 0xFF, 0xC0, 0x00, 0x00, 0x00, 0x00, 0x7F,
  0xFF, 0xFE, 0x00, 0x00, 0x00, 0x00, 0x03, 0xFF, 0xFF, 0xF0, 0x00, 0x00,
  0x00, 0x00, 0x1F, 0xFF, 0xFF, 0x80, 0x00, 0x00, 0x00, 0x00, 0xFF, 0xFF,
  0xFC, 0x00, 0x00, 0x00, 0x00, 0x07, 0xFF, 0xFF, 0xE0, 0x00, 0x00, 0x00,
  0x00, 0x3F, 0xFB, 0xFF, 0x00, 0x00, 0x00, 0x00, 0x01, 0xFF, 0x9F, 0xF8,
  0x00, 0x00, 0x00, 0x00, 0x0F, 0xFC, 0xFF, 0xE0, 0x00, 0x00, 0x00, 0x00,
  0xFF, 0xE7, 0xFF, 0x00, 0x00, 0x00, 0x00, 0x07, 0xFF, 0x1F, 0xF8, 0x00,
  0x00, 0x00, 0x00, 0x3F, 0xF0, 0xFF, 0xC0, 0x00, 0x00, 0x00, 0x01, 0xFF,
  0x87, 0xFE, 0x00, 0x00, 0x00, 0x00, 0x0F, 0xFC, 0x3F, 0xF0, 0x00, 0x00,
  0x00, 0x00, 0x7F, 0xC0, 0xFF, 0xC0, 0x00, 0x00, 0x00, 0x07, 0xFE, 0x07,
  0xFE, 0x00, 0x00, 0x00, 0x00, 0x3F, 0xF0, 0x1F, 0xF0, 0x00, 0x00, 0x00,
  0x01, 0xFF, 0x00, 0xFF, 0xC0, 0x00, 0x00, 0x00, 0x0F, 0xF8, 0x03, 0xFE,
  0x00, 0x00, 0x00, 0x00, 0xFF, 0x80, 0x1F, 0xF0, 0x00, 0x00, 0x00, 0x07,
  0xFC, 0x00, 0x7F, 0xC0, 0x00, 0x00, 0x00, 0x7F, 0xC0, 0x01, 0xFF, 0x00,
  0x00, 0x00, 0x03, 0xFC, 0x00, 0x0F, 0xF8, 0x00, 0x00, 0x00, 0x3F, 0xC0,
  0x00, 0x3F, 0xE0, 0x00, 0x00, 0x03, 0xFE, 0x00, 0x00, 0xFF, 0x80, 0x00,
  0x00, 0x3F, 0xE0, 0x00, 0x03, 0xFE, 0x00, 0x00, 0x03, 0xFE, 0x00, 0x00,
  0x0F, 0xFC, 0x00, 0x00, 0x3F, 0xE0, 0x00, 0x00, 0x1F, 0xF8, 0x00, 0x0F,
  0xFC, 0x00, 0x00, 0x00, 0x7F, 0xFC, 0x07, 0xFF, 0xC0, 0x00, 0x00, 0x01,
  0xFF, 0xFF, 0xFF, 0xF8, 0x00, 0x00, 0x00, 0x03, 0xFF, 0xFF, 0xFF, 0x00,
  0x00, 0x00, 0x00, 0x03, 0xFF, 0xFF, 0xE0, 0x00, 0x00, 0x00, 0x00, 0x01,
  0xFF, 0xF0, 0x00, 0x00, 0x00, 0x00, 0x00, 0x03, 0xFF, 0xC0, 0x00, 0x00,
  0x00, 0x00, 0x00, 0x1F, 0xFE, 0x00, 0x00, 0x00, 0x00, 0x00, 0x00, 0x7F,
  0xF0, 0x00, 0x00, 0x00, 0x00, 0x00, 0x03, 0xFF, 0xC0, 0x00, 0x00, 0x00,
  0x00, 0x00, 0x1F, 0xFE, 0x00, 0x00, 0x00, 0x00, 0x00, 0x00, 0xFF, 0xF8,
  0x00, 0x00, 0x00, 0x00, 0x00, 0x03, 0xFF, 0xC0, 0x00, 0x00, 0x00, 0x00,
  0x00, 0x1F, 0xFF, 0x00, 0x00, 0x00, 0x00, 0x00, 0x00, 0x7F, 0xFC, 0x00,
  0x00, 0x00, 0x00, 0x00, 0x01, 0xFF, 0xF0, 0x00, 0x00, 0x00, 0x00, 0x00,
  0x0F, 0xFF, 0xC0, 0x00, 0x00, 0x00, 0x00, 0x00, 0x3F, 0xFF, 0x80, 0x00,
  0x00, 0x00, 0x00, 0x00, 0xFF, 0xFF, 0x80, 0x00, 0x00, 0x00, 0x00, 0x03,
  0xFF, 0xFF, 0xC0, 0x00, 0x00, 0x00, 0x00, 0x0F, 0xFF, 0xFF, 0xF0, 0x00,
  0x00, 0x00, 0x00, 0x1F, 0xFF, 0xFF, 0x80, 0x00, 0x00, 0x00, 0x00, 0x3F,
  0xFF, 0xFC, 0x00, 0x00, 0x00, 0x00, 0x00, 0x3F, 0xFF, 0x80, 0x00, 0x00,
  0x00, 0x00, 0x00, 0x03, 0x00, 0x00, 0x7F, 0xFF, 0xFF, 0xFF, 0x80, 0x00,
  0x00, 0x07, 0xFF, 0xFF, 0xFF, 0xFF, 0xE0, 0x00, 0x00, 0x3F, 0xFF, 0xFF,
  0xFF, 0xFF, 0xE0, 0x00, 0x01, 0xFF, 0xFF, 0xFF, 0xFF, 0xFF, 0xC0, 0x00,
  0x00, 0xFF, 0xFC, 0x00, 0x3F, 0xFF, 0x00, 0x00, 0x00, 0xFF, 0xE0, 0x00,
  0x3F, 0xFC, 0x00, 0x00, 0x07, 0xFF, 0x00, 0x00, 0x7F, 0xF0, 0x00, 0x00,
  0x1F, 0xF8, 0x00, 0x01, 0xFF, 0xC0, 0x00, 0x00, 0xFF, 0xC0, 0x00, 0x07,
  0xFF, 0x00, 0x00, 0x07, 0xFE, 0x00, 0x00, 0x1F, 0xF8, 0x00, 0x00, 0x3F,
  0xF0, 0x00, 0x00, 0xFF, 0xE0, 0x00, 0x01, 0xFF, 0x80, 0x00, 0x03, 0xFF,
  0x00, 0x00, 0x0F, 0xFC, 0x00, 0x00, 0x1F, 0xF8, 0x00, 0x00, 0x7F, 0xE0,
  0x00, 0x00, 0xFF, 0xE0, 0x00, 0x03, 0xFF, 0x00, 0x00, 0x03, 0xFF, 0x00,
  0x00, 0x1F, 0xF8, 0x00, 0x00, 0x1F, 0xF8, 0x00, 0x00, 0xFF, 0xC0, 0x00,
  0x00, 0xFF, 0xC0, 0x00, 0x07, 0xFE, 0x00, 0x00, 0x07, 0xFE, 0x00, 0x00,
  0x3F, 0xF0, 0x00, 0x00, 0x3F, 0xF0, 0x00, 0x01, 0xFF, 0x80, 0x00, 0x01,
  0xFF, 0x80, 0x00, 0x0F, 0xFC, 0x00, 0x00, 0x0F, 0xFC, 0x00, 0x00, 0x7F,
  0xE0, 0x00, 0x00, 0x7F, 0xE0, 0x00, 0x03, 0xFF, 0x00, 0x00, 0x03, 0xFE,
  0x00, 0x00, 0x1F, 0xF8, 0x00, 0x00, 0x1F, 0xF0, 0x00, 0x00, 0xFF, 0xC0,
  0x00, 0x01, 0xFF, 0x80, 0x00, 0x07, 0xFE, 0x00, 0x00, 0x0F, 0xF8, 0x00,
  0x00, 0x3F, 0xF0, 0x00, 0x00, 0x7F, 0xC0, 0x00, 0x01, 0xFF, 0x80, 0x00,
  0x07, 0xFC, 0x00, 0x00, 0x0F, 0xFC, 0x00, 0x00, 0x7F, 0xE0, 0x00, 0x00,
  0x7F, 0xE0, 0x00, 0x07, 0xFE, 0x00, 0x00, 0x03, 0xFF, 0x00, 0x00, 0x7F,
  0xE0, 0x00, 0x00, 0x1F, 0xF8, 0x00, 0x0F, 0xFE, 0x00, 0x00, 0x00, 0xFF,
  0xC0, 0x03, 0xFF, 0xC0, 0x00, 0x00, 0x07, 0xFF, 0xFF, 0xFF, 0xF8, 0x00,
  0x00, 0x00, 0x3F, 0xFF, 0xFF, 0xFF, 0x00, 0x00, 0x00, 0x01, 0xFF, 0xFF,
  0xFF, 0xC0, 0x00, 0x00, 0x00, 0x0F, 0xFF, 0xFF, 0xFF, 0xE0, 0x00, 0x00,
  0x00, 0x7F, 0xE0, 0x03, 0xFF, 0xC0, 0x00, 0x00, 0x03, 0xFF, 0x00, 0x07,
  0xFF, 0x80, 0x00, 0x00, 0x1F, 0xF8, 0x00, 0x1F, 0xFE, 0x00, 0x00, 0x00,
  0xFF, 0xC0, 0x00, 0x7F, 0xF0, 0x00, 0x00, 0x07, 0xFE, 0x00, 0x01, 0xFF,
  0xC0, 0x00, 0x00, 0x3F, 0xF0, 0x00, 0x0F, 0xFF, 0x00, 0x00, 0x01, 0xFF,
  0x80, 0x00, 0x3F, 0xF8, 0x00, 0x00, 0x0F, 0xFC, 0x00, 0x00, 0xFF, 0xE0,
  0x00, 0x00, 0x7F, 0xE0, 0x00, 0x07, 0xFF, 0x00, 0x00, 0x03, 0xFF, 0x00,
  0x00, 0x3F, 0xFC, 0x00, 0x00, 0x1F, 0xF8, 0x00, 0x00, 0xFF, 0xE0, 0x00,
  0x00, 0xFF, 0xC0, 0x00, 0x07, 0xFF, 0x00, 0x00, 0x07, 0xFE, 0x00, 0x00,
  0x1F, 0xFC, 0x00, 0x00, 0x3F, 0xF0, 0x00, 0x00, 0xFF, 0xE0, 0x00, 0x01,
  0xFF, 0x80, 0x00, 0x07, 0xFF, 0x80, 0x00, 0x0F, 0xFC, 0x00, 0x00, 0x1F,
  0xFC, 0x00, 0x00, 0x7F, 0xE0, 0x00, 0x00, 0xFF, 0xE0, 0x00, 0x03, 0xFF,
  0x00, 0x00, 0x07, 0xFF, 0x80, 0x00, 0x1F, 0xF8, 0x00, 0x00, 0x1F, 0xFC,
  0x00, 0x00, 0xFF, 0xC0, 0x00, 0x00, 0xFF, 0xF0, 0x00, 0x07, 0xFE, 0x00,
  0x00, 0x07, 0xFF, 0xC0, 0x00, 0x3F, 0xF0, 0x00, 0x00, 0x1F, 0xFE, 0x00,
  0x01, 0xFF, 0x80, 0x00, 0x00, 0xFF, 0xF8, 0x00, 0x1F, 0xFE, 0x00, 0x00,
  0x03, 0xFF, 0xE0, 0x07, 0xFF, 0xFE, 0x00, 0x00, 0x1F, 0xFF, 0xC3, 0xFF,
  0xFF, 0xFF, 0x80, 0x00, 0x7F, 0xFF, 0xDF, 0xFF, 0xFF, 0xFC, 0x00, 0x03,
  0xFF, 0xFE, 0xFF, 0xFF, 0xFF, 0xE0, 0x00, 0x0F, 0xFF, 0xF3, 0xFF, 0xFF,
  0xFE, 0x00, 0x00, 0x3F, 0xFF, 0x80, 0x00, 0x00, 0xFF, 0xE0, 0x00, 0x00,
  0x00, 0x7F, 0xFF, 0xC1, 0xE0, 0x00, 0x1F, 0xFF, 0xFF, 0xBF, 0x00, 0x07,
  0xFF, 0xFF, 0xFF, 0xF0, 0x00, 0xFF, 0xC0, 0x7F, 0xFF, 0x00, 0x1F, 0xE0,
  0x00, 0xFF, 0xF0, 0x03, 0xFC, 0x00, 0x03, 0xFF, 0x00, 0x7F, 0x80, 0x00,
  0x1F, 0xF0, 0x0F, 0xF0, 0x00, 0x00, 0xFF, 0x00, 0xFF, 0x00, 0x00, 0x07,
  0xF0, 0x1F, 0xF0, 0x00, 0x00, 0x7F, 0x01, 0xFE, 0x00, 0x00, 0x03, 0xF0,
  0x1F, 0xE0, 0x00, 0x00, 0x3F, 0x83, 0xFE, 0x00, 0x00, 0x01, 0xF8, 0x3F,
  0xE0, 0x00, 0x00, 0x1F, 0x83, 0xFE, 0x00, 0x00, 0x00, 0xF8, 0x3F, 0xE0,
  0x00, 0x00, 0x0F, 0x83, 0xFE, 0x00, 0x00, 0x00, 0xF8, 0x3F, 0xF0, 0x00,
  0x00, 0x0F, 0x83, 0xFF, 0x00, 0x00, 0x00, 0x70, 0x3F, 0xF8, 0x00, 0x00,
  0x00, 0x03, 0xFF, 0xC0, 0x00, 0x00, 0x00, 0x1F, 0xFE, 0x00, 0x00, 0x00,
  0x01, 0xFF, 0xF0, 0x00, 0x00, 0x00, 0x1F, 0xFF, 0x80, 0x00, 0x00, 0x00,
  0xFF, 0xFE, 0x00, 0x00, 0x00, 0x0F, 0xFF, 0xF0, 0x00, 0x00, 0x00, 0x7F,
  0xFF, 0xC0, 0x00, 0x00, 0x03, 0xFF, 0xFE, 0x00, 0x00, 0x00, 0x1F, 0xFF,
  0xF8, 0x00, 0x00, 0x01, 0xFF, 0xFF, 0xE0, 0x00, 0x00, 0x07, 0xFF, 0xFF,
  0x00, 0x00, 0x00, 0x3F, 0xFF, 0xFC, 0x00, 0x00, 0x01, 0xFF, 0xFF, 0xF0,
  0x00, 0x00, 0x07, 0xFF, 0xFF, 0x80, 0x00, 0x00, 0x3F, 0xFF, 0xFE, 0x00,
  0x00, 0x00, 0xFF, 0xFF, 0xF0, 0x00, 0x00, 0x03, 0xFF, 0xFF, 0x80, 0x00,
  0x00, 0x0F, 0xFF, 0xFC, 0x00, 0x00, 0x00, 0x7F, 0xFF, 0xE0, 0x00, 0x00,
  0x01, 0xFF, 0xFF, 0x00, 0x00, 0x00, 0x07, 0xFF, 0xF8, 0x00, 0x00, 0x00,
  0x3F, 0xFF, 0xC0, 0x00, 0x00, 0x00, 0xFF, 0xFC, 0x70, 0x00, 0x00, 0x07,
  0xFF, 0xEF, 0x80, 0x00, 0x00, 0x3F, 0xFE, 0xF8, 0x00, 0x00, 0x01, 0xFF,
  0xFF, 0x80, 0x00, 0x00, 0x0F, 0xFF, 0xF8, 0x00, 0x00, 0x00, 0xFF, 0xFF,
  0xC0, 0x00, 0x00, 0x07, 0xFF, 0xFC, 0x00, 0x00, 0x00, 0x7F, 0xFF, 0xC0,
  0x00, 0x00, 0x03, 0xFF, 0xFE, 0x00, 0x00, 0x00, 0x3F, 0xFF, 0xE0, 0x00,
  0x00, 0x03, 0xFF, 0x7F, 0x00, 0x00, 0x00, 0x3F, 0xF7, 0xF0, 0x00, 0x00,
  0x03, 0xFE, 0x7F, 0x80, 0x00, 0x00, 0x3F, 0xE7, 0xF8, 0x00, 0x00, 0x03,
  0xFE, 0x7F, 0xC0, 0x00, 0x00, 0x7F, 0xC7, 0xFE, 0x00, 0x00, 0x07, 0xFC,
  0x7F, 0xF0, 0x00, 0x00, 0xFF, 0x87, 0xFF, 0x80, 0x00, 0x0F, 0xF8, 0x7F,
  0xFC, 0x00, 0x01, 0xFF, 0x07, 0xFF, 0xF0, 0x00, 0x7F, 0xE0, 0x7C, 0x7F,
  0xE0, 0x1F, 0xFC, 0x07, 0x81, 0xFF, 0xFF, 0xFF, 0x00, 0x30, 0x07, 0xFF,
  0xFF, 0xE0, 0x00, 0x00, 0x1F, 0xFF, 0xF0, 0x00, 0x00, 0x00, 0x3F, 0xF8,
  0x00, 0x00, 0x7F, 0xFF, 0xFF, 0xFF, 0xFF, 0xFF, 0xF8, 0xFF, 0xFF, 0xFF,
  0xFF, 0xFF, 0xFF, 0xF9, 0xFF, 0xFF, 0xFF, 0xFF, 0xFF, 0xFF, 0xF3, 0xFF,
  0xFF, 0xFF, 0xFF, 0xFF, 0xFF, 0xE7, 0xFC, 0x00, 0x1F, 0xF8, 0x00, 0x3F,
  0xCF, 0xE0, 0x00, 0x3F, 0xF0, 0x00, 0x3F, 0x9F, 0xC0, 0x00, 0x7F, 0xE0,
  0x00, 0x3F, 0x3F, 0x00, 0x00, 0xFF, 0xC0, 0x00, 0x7E, 0x7E, 0x00, 0x01,
  0xFF, 0x80, 0x00, 0x7C, 0xF8, 0x00, 0x03, 0xFF, 0x00, 0x00, 0xF9, 0xF0,
  0x00, 0x07, 0xFE, 0x00, 0x01, 0xF3, 0xE0, 0x00, 0x0F, 0xFC, 0x00, 0x03,
  0xEF, 0xC0, 0x00, 0x1F, 0xF8, 0x00, 0x03, 0xDF, 0x00, 0x00, 0x3F, 0xF0,
  0x00, 0x07, 0xFE, 0x00, 0x00, 0x7F, 0xE0, 0x00, 0x0F, 0xFC, 0x00, 0x00,
  0xFF, 0xC0, 0x00, 0x1F, 0xF8, 0x00, 0x01, 0xFF, 0x80, 0x00, 0x3F, 0xF0,
  0x00, 0x03, 0xFF, 0x00, 0x00, 0x7F, 0xE0, 0x00, 0x07, 0xFE, 0x00, 0x00,
  0x7B, 0x80, 0x00, 0x0F, 0xFC, 0x00, 0x00, 0xE0, 0x00, 0x00, 0x1F, 0xF8,
  0x00, 0x00, 0x00, 0x00, 0x00, 0x3F, 0xF0, 0x00, 0x00, 0x00, 0x00, 0x00,
  0x7F, 0xE0, 0x00, 0x00, 0x00, 0x00, 0x00, 0xFF, 0xC0, 0x00, 0x00, 0x00,
  0x00, 0x01, 0xFF, 0x80, 0x00, 0x00, 0x00, 0x00, 0x03, 0xFF, 0x00, 0x00,
  0x00, 0x00, 0x00, 0x07, 0xFE, 0x00, 0x00, 0x00, 0x00, 0x00, 0x0F, 0xFC,
  0x00, 0x00, 0x00, 0x00, 0x00, 0x1F, 0xF8, 0x00, 0x00, 0x00, 0x00, 0x00,
  0x3F, 0xF0, 0x00, 0x00, 0x00, 0x00, 0x00, 0x7F, 0xE0, 0x00, 0x00, 0x00,
  0x00, 0x00, 0xFF, 0xC0, 0x00, 0x00, 0x00, 0x00, 0x01, 0xFF, 0x80, 0x00,
  0x00, 0x00, 0x00, 0x03, 0xFF, 0x00, 0x00, 0x00, 0x00, 0x00, 0x07, 0xFE,
  0x00, 0x00, 0x00, 0x00, 0x00, 0x0F, 0xFC, 0x00, 0x00, 0x00, 0x00, 0x00,
  0x1F, 0xF8, 0x00, 0x00, 0x00, 0x00, 0x00, 0x3F, 0xF0, 0x00, 0x00, 0x00,
  0x00, 0x00, 0x7F, 0xE0, 0x00, 0x00, 0x00, 0x00, 0x00, 0xFF, 0xC0, 0x00,
  0x00, 0x00, 0x00, 0x01, 0xFF, 0x80, 0x00, 0x00, 0x00, 0x00, 0x03, 0xFF,
  0x00, 0x00, 0x00, 0x00, 0x00, 0x07, 0xFE, 0x00, 0x00, 0x00, 0x00, 0x00,
  0x0F, 0xFC, 0x00, 0x00, 0x00, 0x00, 0x00, 0x1F, 0xF8, 0x00, 0x00, 0x00,
  0x00, 0x00, 0x3F, 0xF0, 0x00, 0x00, 0x00, 0x00, 0x00, 0x7F, 0xE0, 0x00,
  0x00, 0x00, 0x00, 0x00, 0xFF, 0xC0, 0x00, 0x00, 0x00, 0x00, 0x01, 0xFF,
  0x80, 0x00, 0x00, 0x00, 0x00, 0x03, 0xFF, 0x00, 0x00, 0x00, 0x00, 0x00,
  0x07, 0xFE, 0x00, 0x00, 0x00, 0x00, 0x00, 0x0F, 0xFC, 0x00, 0x00, 0x00,
  0x00, 0x00, 0x1F, 0xF8, 0x00, 0x00, 0x00, 0x00, 0x00, 0x3F, 0xF0, 0x00,
  0x00, 0x00, 0x00, 0x00, 0x7F, 0xE0, 0x00, 0x00, 0x00, 0x00, 0x00, 0xFF,
  0xC0, 0x00, 0x00, 0x00, 0x00, 0x01, 0xFF, 0x80, 0x00, 0x00, 0x00, 0x00,
  0x03, 0xFF, 0x00, 0x00, 0x00, 0x00, 0x00, 0x0F, 0xFF, 0x00, 0x00, 0x00,
  0x00, 0x00, 0x3F, 0xFF, 0x00, 0x00, 0x00, 0x00, 0x01, 0xFF, 0xFF, 0x80,
  0x00, 0x00, 0x01, 0xFF, 0xFF, 0xFF, 0xFC, 0x00, 0x00, 0x03, 0xFF, 0xFF,
  0xFF, 0xF8, 0x00, 0x00, 0x07, 0xFF, 0xFF, 0xFF, 0xF0, 0x00, 0x00, 0x07,
  0xFF, 0xFF, 0xFF, 0xC0, 0x00, 0x7F, 0xFF, 0xFF, 0xC0, 0x00, 0x3F, 0xFF,
  0xFF, 0x7F, 0xFF, 0xFF, 0xF0, 0x00, 0x3F, 0xFF, 0xFF, 0xFF, 0xFF, 0xFF,
  0xF8, 0x00, 0x1F, 0xFF, 0xFF, 0xFF, 0xFF, 0xFF, 0xFC, 0x00, 0x0F, 0xFF,
  0xFF, 0xF0, 0x7F, 0xFF, 0x80, 0x00, 0x00, 0x3F, 0xFF, 0x00, 0x0F, 0xFF,
  0x00, 0x00, 0x00, 0x03, 0xFE, 0x00, 0x03, 0xFF, 0x00, 0x00, 0x00, 0x00,
  0xFE, 0x00, 0x01, 0xFF, 0x80, 0x00, 0x00, 0x00, 0x3E, 0x00, 0x00, 0xFF,
  0xC0, 0x00, 0x00, 0x00, 0x1F, 0x00, 0x00, 0x7F, 0xE0, 0x00, 0x00, 0x00,
  0x0F, 0x80, 0x00, 0x3F, 0xF0, 0x00, 0x00, 0x00, 0x07, 0xC0, 0x00, 0x1F,
  0xF8, 0x00, 0x00, 0x00, 0x03, 0xE0, 0x00, 0x0F, 0xFC, 0x00, 0x00, 0x00,
  0x01, 0xF0, 0x00, 0x07, 0xFE, 0x00, 0x00, 0x00, 0x00, 0xF8, 0x00, 0x03,
  0xFF, 0x00, 0x00, 0x00, 0x00, 0x7C, 0x00, 0x01, 0xFF, 0x80, 0x00, 0x00,
  0x00, 0x3E, 0x00, 0x00, 0xFF, 0xC0, 0x00, 0x00, 0x00, 0x1F, 0x00, 0x00,
  0x7F, 0xE0, 0x00, 0x00, 0x00, 0x0F, 0x80, 0x00, 0x3F, 0xF0, 0x00, 0x00,
  0x00, 0x07, 0xC0, 0x00, 0x1F, 0xF8, 0x00, 0x00, 0x00, 0x03, 0xE0, 0x00,
  0x0F, 0xFC, 0x00, 0x00, 0x00, 0x01, 0xF0, 0x00, 0x07, 0xFE, 0x00, 0x00,
  0x00, 0x00, 0xF8, 0x00, 0x03, 0xFF, 0x00, 0x00, 0x00, 0x00, 0x7C, 0x00,
  0x01, 0xFF, 0x80, 0x00, 0x00, 0x00, 0x3E, 0x00, 0x00, 0xFF, 0xC0, 0x00,
  0x00, 0x00, 0x1F, 0x00, 0x00, 0x7F, 0xE0, 0x00, 0x00, 0x00, 0x0F, 0x80,
  0x00, 0x3F, 0xF0, 0x00, 0x00, 0x00, 0x07, 0xC0, 0x00, 0x1F, 0xF8, 0x00,
  0x00, 0x00, 0x03, 0xE0, 0x00, 0x0F, 0xFC, 0x00, 0x00, 0x00, 0x01, 0xF0,
  0x00, 0x07, 0xFE, 0x00, 0x00, 0x00, 0x00, 0xF8, 0x00, 0x03, 0xFF, 0x00,
  0x00, 0x00, 0x00, 0x7C, 0x00, 0x01, 0xFF, 0x80, 0x00, 0x00, 0x00, 0x3E,
  0x00, 0x00, 0xFF, 0xC0, 0x00, 0x00, 0x00, 0x1F, 0x00, 0x00, 0x7F, 0xE0,
  0x00, 0x00, 0x00, 0x0F, 0x80, 0x00, 0x3F, 0xF0, 0x00, 0x00, 0x00, 0x07,
  0xC0, 0x00, 0x1F, 0xF8, 0x00, 0x00, 0x00, 0x03, 0xE0, 0x00, 0x0F, 0xFC,
  0x00, 0x00, 0x00, 0x01, 0xF0, 0x00, 0x07, 0xFE, 0x00, 0x00, 0x00, 0x00,
  0xF8, 0x00, 0x03, 0xFF, 0x00, 0x00, 0x00, 0x00, 0x7C, 0x00, 0x01, 0xFF,
  0x80, 0x00, 0x00, 0x00, 0x3E, 0x00, 0x00, 0xFF, 0xC0, 0x00, 0x00, 0x00,
  0x1F, 0x00, 0x00, 0x7F, 0xE0, 0x00, 0x00, 0x00, 0x0F, 0x80, 0x00, 0x3F,
  0xF0, 0x00, 0x00, 0x00, 0x07, 0xC0, 0x00, 0x1F, 0xF8, 0x00, 0x00, 0x00,
  0x03, 0xE0, 0x00, 0x0F, 0xFC, 0x00, 0x00, 0x00, 0x01, 0xF0, 0x00, 0x07,
  0xFE, 0x00, 0x00, 0x00, 0x00, 0xF8, 0x00, 0x03, 0xFF, 0x00, 0x00, 0x00,
  0x00, 0x7C, 0x00, 0x01, 0xFF, 0x80, 0x00, 0x00, 0x00, 0x3E, 0x00, 0x00,
  0x7F, 0xC0, 0x00, 0x00, 0x00, 0x3E, 0x00, 0x00, 0x3F, 0xF0, 0x00, 0x00,
  0x00, 0x1F, 0x00, 0x00, 0x1F, 0xF8, 0x00, 0x00, 0x00, 0x0F, 0x80, 0x00,
  0x0F, 0xFC, 0x00, 0x00, 0x00, 0x07, 0xC0, 0x00, 0x03, 0xFE, 0x00, 0x00,
  0x00, 0x03, 0xC0, 0x00, 0x01, 0xFF, 0x80, 0x00, 0x00, 0x03, 0xE0, 0x00,
  0x00, 0xFF, 0xC0, 0x00, 0x00, 0x01, 0xF0, 0x00, 0x00, 0x3F, 0xE0, 0x00,
  0x00, 0x01, 0xF0, 0x00, 0x00, 0x1F, 0xF8, 0x00, 0x00, 0x00, 0xF8, 0x00,
  0x00, 0x07, 0xFC, 0x00, 0x00, 0x00, 0xF8, 0x00, 0x00, 0x01, 0xFF, 0x00,
  0x00, 0x00, 0xF8, 0x00, 0x00, 0x00, 0xFF, 0xC0, 0x00, 0x00, 0xFC, 0x00,
  0x00, 0x00, 0x3F, 0xF0, 0x00, 0x00, 0xFC, 0x00, 0x00, 0x00, 0x0F, 0xFE,
  0x00, 0x01, 0xFC, 0x00, 0x00, 0x00, 0x01, 0xFF, 0xE0, 0x0F, 0xFC, 0x00,
  0x00, 0x00, 0x00, 0x7F, 0xFF, 0xFF, 0xF8, 0x00, 0x00, 0x00, 0x00, 0x0F,
  0xFF, 0xFF, 0xF0, 0x00, 0x00, 0x00, 0x00, 0x01, 0xFF, 0xFF, 0xE0, 0x00,
  0x00, 0x00, 0x00, 0x00, 0x0F, 0xFF, 0x00, 0x00, 0x00, 0x00, 0x7F, 0xFF,
  0xFF, 0xC0, 0x00, 0x0F, 0xFF, 0xFF, 0xDF, 0xFF, 0xFF, 0xFC, 0x00, 0x03,
  0xFF, 0xFF, 0xFF, 0xFF, 0xFF, 0xFF, 0x80, 0x00, 0x7F, 0xFF, 0xFF, 0xFF,
  0xFF, 0xFF, 0xF0, 0x00, 0x0F, 0xFF, 0xFF, 0xF0, 0x3F, 0xFE, 0x00, 0x00,
  0x00, 0x07, 0xFF, 0x00, 0x01, 0xFF, 0xC0, 0x00, 0x00, 0x00, 0x3F, 0xC0,
  0x00, 0x1F, 0xF8, 0x00, 0x00, 0x00, 0x03, 0xF0, 0x00, 0x03, 0xFF, 0x80,
  0x00, 0x00, 0x00, 0x7E, 0x00, 0x00, 0x7F, 0xF0, 0x00, 0x00, 0x00, 0x1F,
  0xC0, 0x00, 0x07, 0xFE, 0x00, 0x00, 0x00, 0x03, 0xF0, 0x00, 0x00, 0xFF,
  0xE0, 0x00, 0x00, 0x00, 0x7E, 0x00, 0x00, 0x1F, 0xFC, 0x00, 0x00, 0x00,
  0x1F, 0xC0, 0x00, 0x01, 0xFF, 0x80, 0x00, 0x00, 0x03, 0xF0, 0x00, 0x00,
  0x3F, 0xF8, 0x00, 0x00, 0x00, 0x7E, 0x00, 0x00, 0x03, 0xFF, 0x00, 0x00,
  0x00, 0x1F, 0x80, 0x00, 0x00, 0x7F, 0xE0, 0x00, 0x00, 0x03, 0xF0, 0x00,
  0x00, 0x0F, 0xFE, 0x00, 0x00, 0x00, 0x7E, 0x00, 0x00, 0x00, 0xFF, 0xC0,
  0x00, 0x00, 0x1F, 0x80, 0x00, 0x00, 0x1F, 0xFC, 0x00, 0x00, 0x03, 0xF0,
  0x00, 0x00, 0x03, 0xFF, 0x80, 0x00, 0x00, 0x7E, 0x00, 0x00, 0x00, 0x3F,
  0xF0, 0x00, 0x00, 0x1F, 0x80, 0x00, 0x00, 0x07, 0xFF, 0x00, 0x00, 0x03,
  0xF0, 0x00, 0x00, 0x00, 0x7F, 0xE0, 0x00, 0x00, 0x7E, 0x00, 0x00, 0x00,
  0x0F, 0xFC, 0x00, 0x00, 0x1F, 0x80, 0x00, 0x00, 0x01, 0xFF, 0xC0, 0x00,
  0x03, 0xF0, 0x00, 0x00, 0x00, 0x1F, 0xF8, 0x00, 0x00, 0x7C, 0x00, 0x00,
  0x00, 0x03, 0xFF, 0x00, 0x00, 0x1F, 0x80, 0x00, 0x00, 0x00, 0x7F, 0xF0,
  0x00, 0x03, 0xF0, 0x00, 0x00, 0x00, 0x07, 0xFE, 0x00, 0x00, 0x7C, 0x00,
  0x00, 0x00, 0x00, 0xFF, 0xC0, 0x00, 0x1F, 0x80, 0x00, 0x00, 0x00, 0x0F,
  0xFC, 0x00, 0x03, 0xF0, 0x00, 0x00, 0x00, 0x01, 0xFF, 0x80, 0x00, 0x7C,
  0x00, 0x00, 0x00, 0x00, 0x3F, 0xF0, 0x00, 0x1F, 0x80, 0x00, 0x00, 0x00,
  0x03, 0xFF, 0x00, 0x03, 0xF0, 0x00, 0x00, 0x00, 0x00, 0x7F, 0xE0, 0x00,
  0x7C, 0x00, 0x00, 0x00, 0x00, 0x0F, 0xFC, 0x00, 0x1F, 0x80, 0x00, 0x00,
  0x00, 0x00, 0xFF, 0xC0, 0x03, 0xE0, 0x00, 0x00, 0x00, 0x00, 0x1F, 0xF8,
  0x00, 0x7C, 0x00, 0x00, 0x00, 0x00, 0x01, 0xFF, 0x00, 0x1F, 0x80, 0x00,
  0x00, 0x00, 0x00, 0x3F, 0xF0, 0x03, 0xE0, 0x00, 0x00, 0x00, 0x00, 0x07,
  0xFE, 0x00, 0x7C, 0x00, 0x00, 0x00, 0x00, 0x00, 0x7F, 0xC0, 0x1F, 0x80,
  0x00, 0x00, 0x00, 0x00, 0x0F, 0xFC, 0x03, 0xE0, 0x00, 0x00, 0x00, 0x00,
  0x01, 0xFF, 0x80, 0x7C, 0x00, 0x00, 0x00, 0x00, 0x00, 0x1F, 0xF0, 0x1F,
  0x80, 0x00, 0x00, 0x00, 0x00, 0x03, 0xFF, 0x03, 0xE0, 0x00, 0x00, 0x00,
  0x00, 0x00, 0x3F, 0xE0, 0x7C, 0x00, 0x00, 0x00, 0x00, 0x00, 0x07, 0xFC,
  0x1F, 0x80, 0x00, 0x00, 0x00, 0x00, 0x00, 0xFF, 0xC3, 0xE0, 0x00, 0x00,
  0x00, 0x00, 0x00, 0x0F, 0xF8, 0x7C, 0x00, 0x00, 0x00, 0x00, 0x00, 0x01,
  0xFF, 0x1F, 0x00, 0x00, 0x00, 0x00, 0x00, 0x00, 0x3F, 0xF3, 0xE0, 0x00,
  0x00, 0x00, 0x00, 0x00, 0x03, 0xFE, 0x7C, 0x00, 0x00, 0x00, 0x00, 0x00,
  0x00, 0x7F, 0xDF, 0x00, 0x00, 0x00, 0x00, 0x00, 0x00, 0x07, 0xFF, 0xE0,
  0x00, 0x00, 0x00, 0x00, 0x00, 0x00, 0xFF, 0xFC, 0x00, 0x00, 0x00, 0x00,
  0x00, 0x00, 0x1F, 0xFF, 0x00, 0x00, 0x00, 0x00, 0x00, 0x00, 0x01, 0xFF,
  0xE0, 0x00, 0x00, 0x00, 0x00, 0x00, 0x00, 0x3F, 0xFC, 0x00, 0x00, 0x00,
  0x00, 0x00, 0x00, 0x07, 0xFF, 0x00, 0x00, 0x00, 0x00, 0x00, 0x00, 0x00,
  0x7F, 0xE0, 0x00, 0x00, 0x00, 0x00, 0x00, 0x00, 0x0F, 0xF8, 0x00, 0x00,
  0x00, 0x00, 0x00, 0x00, 0x00, 0xFF, 0x00, 0x00, 0x00, 0x00, 0x00, 0x00,
  0x00, 0x1F, 0xE0, 0x00, 0x00, 0x00, 0x00, 0x00, 0x00, 0x03, 0xF8, 0x00,
  0x00, 0x00, 0x00, 0x00, 0x00, 0x00, 0x3F, 0x00, 0x00, 0x00, 0x00, 0x00,
  0x00, 0x00, 0x07, 0xE0, 0x00, 0x00, 0x00, 0x00, 0x7F, 0xFF, 0xFF, 0xC0,
  0x00, 0x00, 0x00, 0x00, 0x01, 0xFF, 0xFF, 0xFB, 0xFF, 0xFF, 0xFF, 0x80,
  0x00, 0x0F, 0x80, 0x00, 0x0F, 0xFF, 0xFF, 0xFF, 0xFF, 0xFF, 0xFE, 0x00,
  0x00, 0x3F, 0x00, 0x00, 0x3F, 0xFF, 0xFF, 0xFF, 0xFF, 0xFF, 0xF8, 0x00,
  0x01, 0xFC, 0x00, 0x00, 0xFF, 0xFF, 0xFF, 0x03, 0xFF, 0xC0, 0x00, 0x00,
  0x07, 0xF0, 0x00, 0x00, 0x01, 0xFE, 0x00, 0x03, 0xFF, 0x00, 0x00, 0x00,
  0x1F, 0xE0, 0x00, 0x00, 0x03, 0xF0, 0x00, 0x0F, 0xFC, 0x00, 0x00, 0x00,
  0xFF, 0x80, 0x00, 0x00, 0x0F, 0xC0, 0x00, 0x1F, 0xF8, 0x00, 0x00, 0x03,
  0xFE, 0x00, 0x00, 0x00, 0x7E, 0x00, 0x00, 0x7F, 0xE0, 0x00, 0x00, 0x0F,
  0xF8, 0x00, 0x00, 0x01, 0xF8, 0x00, 0x01, 0xFF, 0x80, 0x00, 0x00, 0x3F,
  0xF0, 0x00, 0x00, 0x07, 0xE0, 0x00, 0x03, 0xFE, 0x00, 0x00, 0x01, 0xFF,
  0xC0, 0x00, 0x00, 0x3F, 0x00, 0x00, 0x0F, 0xFC, 0x00, 0x00, 0x07, 0xFF,
  0x00, 0x00, 0x00, 0xFC, 0x00, 0x00, 0x3F, 0xF0, 0x00, 0x00, 0x1F, 0xFE,
  0x00, 0x00, 0x03, 0xF0, 0x00, 0x00, 0xFF, 0xC0, 0x00, 0x00, 0xFF, 0xF8,
  0x00, 0x00, 0x0F, 0x80, 0x00, 0x01, 0xFF, 0x80, 0x00, 0x03, 0xFF, 0xE0,
  0x00, 0x00, 0x7E, 0x00, 0x00, 0x07, 0xFE, 0x00, 0x00, 0x0F, 0xFF, 0xC0,
  0x00, 0x01, 0xF8, 0x00, 0x00, 0x1F, 0xF8, 0x00, 0x00, 0x3F, 0xFF, 0x00,
  0x00, 0x07, 0xE0, 0x00, 0x00, 0x3F, 0xE0, 0x00, 0x01, 0xFF, 0xFC, 0x00,
  0x00, 0x1F, 0x00, 0x00, 0x00, 0xFF, 0xC0, 0x00, 0x07, 0xDF, 0xF8, 0x00,
  0x00, 0xFC, 0x00, 0x00, 0x03, 0xFF, 0x00, 0x00, 0x1E, 0x7F, 0xE0, 0x00,
  0x03, 0xF0, 0x00, 0x00, 0x0F, 0xFC, 0x00, 0x00, 0xF9, 0xFF, 0x80, 0x00,
  0x0F, 0x80, 0x00, 0x00, 0x1F, 0xF0, 0x00, 0x03, 0xE3, 0xFF, 0x00, 0x00,
  0x3E, 0x00, 0x00, 0x00, 0x7F, 0xE0, 0x00, 0x0F, 0x8F, 0xFC, 0x00, 0x01,
  0xF8, 0x00, 0x00, 0x01, 0xFF, 0x80, 0x00, 0x7C, 0x3F, 0xF0, 0x00, 0x07,
  0xE0, 0x00, 0x00, 0x03, 0xFE, 0x00, 0x01, 0xF0, 0x7F, 0xC0, 0x00, 0x1F,
  0x00, 0x00, 0x00, 0x0F, 0xFC, 0x00, 0x07, 0xC1, 0xFF, 0x80, 0x00, 0xFC,
  0x00, 0x00, 0x00, 0x3F, 0xF0, 0x00, 0x1E, 0x07, 0xFE, 0x00, 0x03, 0xF0,
  0x00, 0x00, 0x00, 0xFF, 0xC0, 0x00, 0xF8, 0x0F, 0xF8, 0x00, 0x0F, 0x80,
  0x00, 0x00, 0x01, 0xFF, 0x00, 0x03, 0xE0, 0x3F, 0xF0, 0x00, 0x3E, 0x00,
  0x00, 0x00, 0x07, 0xFE, 0x00, 0x0F, 0x00, 0xFF, 0xC0, 0x01, 0xF8, 0x00,
  0x00, 0x00, 0x1F, 0xF8, 0x00, 0x7C, 0x01, 0xFF, 0x00, 0x07, 0xC0, 0x00,
  0x00, 0x00, 0x3F, 0xE0, 0x01, 0xF0, 0x07, 0xFE, 0x00, 0x1F, 0x00, 0x00,
  0x00, 0x00, 0xFF, 0x80, 0x07, 0xC0, 0x1F, 0xF8, 0x00, 0x7C, 0x00, 0x00,
  0x00, 0x03, 0xFF, 0x00, 0x3E, 0x00, 0x3F, 0xE0, 0x03, 0xF0, 0x00, 0x00,
  0x00, 0x0F, 0xFC, 0x00, 0xF8, 0x00, 0xFF, 0xC0, 0x0F, 0x80, 0x00, 0x00,
  0x00, 0x1F, 0xF0, 0x03, 0xE0, 0x03, 0xFF, 0x00, 0x3E, 0x00, 0x00, 0x00,
  0x00, 0x7F, 0xE0, 0x0F, 0x00, 0x0F, 0xFC, 0x00, 0xF8, 0x00, 0x00, 0x00,
  0x01, 0xFF, 0x80, 0x7C, 0x00, 0x1F, 0xF8, 0x07, 0xC0, 0x00, 0x00, 0x00,
  0x03, 0xFE, 0x01, 0xF0, 0x00, 0x7F, 0xE0, 0x1F, 0x00, 0x00, 0x00, 0x00,
  0x0F, 0xF8, 0x07, 0x80, 0x01, 0xFF, 0x80, 0x7C, 0x00, 0x00, 0x00, 0x00,
  0x3F, 0xF0, 0x3E, 0x00, 0x03, 0xFE, 0x03, 0xF0, 0x00, 0x00, 0x00, 0x00,
  0x7F, 0xC0, 0xF8, 0x00, 0x0F, 0xFC, 0x0F, 0x80, 0x00, 0x00, 0x00, 0x01,
  0xFF, 0x03, 0xE0, 0x00, 0x3F, 0xF0, 0x3E, 0x00, 0x00, 0x00, 0x00, 0x07,
  0xFC, 0x1F, 0x00, 0x00, 0x7F, 0xC0, 0xF8, 0x00, 0x00, 0x00, 0x00, 0x1F,
  0xF8, 0x7C, 0x00, 0x01, 0xFF, 0x87, 0xC0, 0x00, 0x00, 0x00, 0x00, 0x3F,
  0xE1, 0xF0, 0x00, 0x07, 0xFE, 0x1F, 0x00, 0x00, 0x00, 0x00, 0x00, 0xFF,
  0x87, 0x80, 0x00, 0x0F, 0xF8, 0x7C, 0x00, 0x00, 0x00, 0x00, 0x03, 0xFF,
  0x3E, 0x00, 0x00, 0x3F, 0xF1, 0xE0, 0x00, 0x00, 0x00, 0x00, 0x07, 0xFC,
  0xF8, 0x00, 0x00, 0xFF, 0xCF, 0x80, 0x00, 0x00, 0x00, 0x00, 0x1F, 0xF3,
  0xC0, 0x00, 0x01, 0xFF, 0x3E, 0x00, 0x00, 0x00, 0x00, 0x00, 0x7F, 0xDF,
  0x00, 0x00, 0x07, 0xFE, 0xF8, 0x00, 0x00, 0x00, 0x00, 0x01, 0xFF, 0xFC,
  0x00, 0x00, 0x1F, 0xFB, 0xC0, 0x00, 0x00, 0x00, 0x00, 0x03, 0xFF, 0xF0,
  0x00, 0x00, 0x3F, 0xFF, 0x00, 0x00, 0x00, 0x00, 0x00, 0x0F, 0xFF, 0x80,
  0x00, 0x00, 0xFF, 0xFC, 0x00, 0x00, 0x00, 0x00, 0x00, 0x3F, 0xFE, 0x00,
  0x00, 0x03, 0xFF, 0xE0, 0x00, 0x00, 0x00, 0x00, 0x00, 0x7F, 0xF8, 0x00,
  0x00, 0x07, 0xFF, 0x80, 0x00, 0x00, 0x00, 0x00, 0x01, 0xFF, 0xC0, 0x00,
  0x00, 0x1F, 0xFE, 0x00, 0x00, 0x00, 0x00, 0x00, 0x07, 0xFF, 0x00, 0x00,
  0x00, 0x7F, 0xF8, 0x00, 0x00, 0x00, 0x00, 0x00, 0x1F, 0xFC, 0x00, 0x00,
  0x00, 0xFF, 0xC0, 0x00, 0x00, 0x00, 0x00, 0x00, 0x3F, 0xE0, 0x00, 0x00,
  0x03, 0xFF, 0x00, 0x00, 0x00, 0x00, 0x00, 0x00, 0xFF, 0x80, 0x00, 0x00,
  0x0F, 0xFC, 0x00, 0x00, 0x00, 0x00, 0x00, 0x03, 0xFE, 0x00, 0x00, 0x00,
  0x1F, 0xE0, 0x00, 0x00, 0x00, 0x00, 0x00, 0x07, 0xF8, 0x00, 0x00, 0x00,
  0x7F, 0x80, 0x00, 0x00, 0x00, 0x00, 0x00, 0x1F, 0xC0, 0x00, 0x00, 0x01,
  0xFE, 0x00, 0x00, 0x00, 0x00, 0x00, 0x00, 0x7F, 0x00, 0x00, 0x00, 0x03,
  0xF0, 0x00, 0x00, 0x00, 0x00, 0x00, 0x01, 0xFC, 0x00, 0x00, 0x00, 0x0F,
  0xC0, 0x00, 0x00, 0x00, 0x00, 0x00, 0x03, 0xE0, 0x00, 0x00, 0x00, 0x3F,
  0x00, 0x00, 0x00, 0x00, 0x3F, 0xFF, 0xFF, 0xE0, 0x03, 0xFF, 0xFF, 0xF1,
  0xFF, 0xFF, 0xFF, 0xC0, 0x1F, 0xFF, 0xFF, 0xE7, 0xFF, 0xFF, 0xFF, 0x00,
  0x7F, 0xFF, 0xFF, 0x9F, 0xFF, 0xFF, 0xFC, 0x01, 0xFF, 0xFF, 0xFE, 0x03,
  0xFF, 0xF8, 0x00, 0x00, 0x3F, 0xFE, 0x00, 0x01, 0xFF, 0xC0, 0x00, 0x00,
  0x3F, 0xC0, 0x00, 0x03, 0xFF, 0x80, 0x00, 0x00, 0xFE, 0x00, 0x00, 0x0F,
  0xFE, 0x00, 0x00, 0x03, 0xF0, 0x00, 0x00, 0x1F, 0xFC, 0x00, 0x00, 0x1F,
  0xC0, 0x00, 0x00, 0x3F, 0xF0, 0x00, 0x00, 0x7E, 0x00, 0x00, 0x00, 0xFF,
  0xE0, 0x00, 0x03, 0xF0, 0x00, 0x00, 0x01, 0xFF, 0x80, 0x00, 0x1F, 0x80,
  0x00, 0x00, 0x07, 0xFF, 0x00, 0x00, 0x7E, 0x00, 0x00, 0x00, 0x0F, 0xFE,
  0x00, 0x03, 0xF0, 0x00, 0x00, 0x00, 0x1F, 0xF8, 0x00, 0x1F, 0x80, 0x00,
  0x00, 0x00, 0x7F, 0xF0, 0x00, 0x7E, 0x00, 0x00, 0x00, 0x00, 0xFF, 0xC0,
  0x03, 0xF0, 0x00, 0x00, 0x00, 0x03, 0xFF, 0x80, 0x0F, 0x80, 0x00, 0x00,
  0x00, 0x07, 0xFF, 0x00, 0x7E, 0x00, 0x00, 0x00, 0x00, 0x0F, 0xFC, 0x03,
  0xF0, 0x00, 0x00, 0x00, 0x00, 0x3F, 0xF8, 0x0F, 0x80, 0x00, 0x00, 0x00,
  0x00, 0x7F, 0xE0, 0x7C, 0x00, 0x00, 0x00, 0x00, 0x00, 0xFF, 0xC3, 0xF0,
  0x00, 0x00, 0x00, 0x00, 0x03, 0xFF, 0x8F, 0x80, 0x00, 0x00, 0x00, 0x00,
  0x07, 0xFE, 0x7C, 0x00, 0x00, 0x00, 0x00, 0x00, 0x1F, 0xFF, 0xF0, 0x00,
  0x00, 0x00, 0x00, 0x00, 0x3F, 0xFF, 0x80, 0x00, 0x00, 0x00, 0x00, 0x00,
  0x7F, 0xFC, 0x00, 0x00, 0x00, 0x00, 0x00, 0x01, 0xFF, 0xF0, 0x00, 0x00,
  0x00, 0x00, 0x00, 0x03, 0xFF, 0x80, 0x00, 0x00, 0x00, 0x00, 0x00, 0x0F,
  0xFC, 0x00, 0x00, 0x00, 0x00, 0x00, 0x00, 0x1F, 0xF8, 0x00, 0x00, 0x00,
  0x00, 0x00, 0x00, 0x3F, 0xF0, 0x00, 0x00, 0x00, 0x00, 0x00, 0x00, 0xFF,
  0xC0, 0x00, 0x00, 0x00, 0x00, 0x00, 0x01, 0xFF, 0x80, 0x00, 0x00, 0x00,
  0x00, 0x00, 0x0F, 0xFE, 0x00, 0x00, 0x00, 0x00, 0x00, 0x00, 0x7F, 0xFC,
  0x00, 0x00, 0x00, 0x00, 0x00, 0x01, 0xFF, 0xF8, 0x00, 0x00, 0x00, 0x00,
  0x00, 0x0F, 0xFF, 0xE0, 0x00, 0x00, 0x00, 0x00, 0x00, 0x7C, 0xFF, 0xC0,
  0x00, 0x00, 0x00, 0x00, 0x01, 0xF1, 0xFF, 0x80, 0x00, 0x00, 0x00, 0x00,
  0x0F, 0x87, 0xFE, 0x00, 0x00, 0x00, 0x00, 0x00, 0x7C, 0x0F, 0xFC, 0x00,
  0x00, 0x00, 0x00, 0x01, 0xF0, 0x3F, 0xF8, 0x00, 0x00, 0x00, 0x00, 0x0F,
  0x80, 0x7F, 0xE0, 0x00, 0x00, 0x00, 0x00, 0x7E, 0x01, 0xFF, 0xC0, 0x00,
  0x00, 0x00, 0x01, 0xF0, 0x03, 0xFF, 0x00, 0x00, 0x00, 0x00, 0x0F, 0xC0,
  0x07, 0xFE, 0x00, 0x00, 0x00, 0x00, 0x7E, 0x00, 0x1F, 0xFC, 0x00, 0x00,
  0x00, 0x01, 0xF0, 0x00, 0x3F, 0xF0, 0x00, 0x00, 0x00, 0x0F, 0xC0, 0x00,
  0xFF, 0xE0, 0x00, 0x00, 0x00, 0x7E, 0x00, 0x01, 0xFF, 0xC0, 0x00, 0x00,
  0x01, 0xF8, 0x00, 0x03, 0xFF, 0x00, 0x00, 0x00, 0x0F, 0xC0, 0x00, 0x0F,
  0xFE, 0x00, 0x00, 0x00, 0x7E, 0x00, 0x00, 0x1F, 0xFC, 0x00, 0x00, 0x01,
  0xF8, 0x00, 0x00, 0x7F, 0xF0, 0x00, 0x00, 0x0F, 0xC0, 0x00, 0x00, 0xFF,
  0xE0, 0x00, 0x00, 0x7F, 0x00, 0x00, 0x03, 0xFF, 0x80, 0x00, 0x01, 0xF8,
  0x00, 0x00, 0x07, 0xFF, 0x00, 0x00, 0x0F, 0xE0, 0x00, 0x00, 0x0F, 0xFE,
  0x00, 0x00, 0xFF, 0x80, 0x00, 0x00, 0x3F, 0xFC, 0x00, 0x1F, 0xFF, 0x00,
  0x00, 0x00, 0xFF, 0xFC, 0x0F, 0xFF, 0xFF, 0xE0, 0x07, 0xFF, 0xFF, 0xFF,
  0xFF, 0xFF, 0xFF, 0x80, 0x1F, 0xFF, 0xFF, 0xFF, 0xFF, 0xFF, 0xFE, 0x00,
  0x7F, 0xFF, 0xFF, 0xFD, 0xFF, 0xFF, 0xF0, 0x00, 0xFF, 0xFF, 0xFF, 0xE0,
  0x7F, 0xFF, 0xFF, 0xC0, 0x00, 0x7F, 0xFF, 0xFB, 0xFF, 0xFF, 0xFF, 0x80,
  0x03, 0xFF, 0xFF, 0xFF, 0xFF, 0xFF, 0xFE, 0x00, 0x0F, 0xFF, 0xFF, 0xDF,
  0xFF, 0xFF, 0xF0, 0x00, 0x3F, 0xFF, 0xFE, 0x07, 0xFF, 0xF0, 0x00, 0x00,
  0x01, 0xFF, 0x00, 0x07, 0xFF, 0x80, 0x00, 0x00, 0x03, 0xF8, 0x00, 0x0F,
  0xFE, 0x00, 0x00, 0x00, 0x0F, 0xC0, 0x00, 0x3F, 0xF8, 0x00, 0x00, 0x00,
  0x7E, 0x00, 0x00, 0x7F, 0xF0, 0x00, 0x00, 0x01, 0xF8, 0x00, 0x01, 0xFF,
  0xC0, 0x00, 0x00, 0x0F, 0xC0, 0x00, 0x03, 0xFF, 0x80, 0x00, 0x00, 0x3F,
  0x00, 0x00, 0x0F, 0xFE, 0x00, 0x00, 0x01, 0xF8, 0x00, 0x00, 0x1F, 0xFC,
  0x00, 0x00, 0x07, 0xE0, 0x00, 0x00, 0x7F, 0xF0, 0x00, 0x00, 0x3F, 0x00,
  0x00, 0x00, 0xFF, 0xE0, 0x00, 0x00, 0xFC, 0x00, 0x00, 0x03, 0xFF, 0x80,
  0x00, 0x07, 0xE0, 0x00, 0x00, 0x07, 0xFF, 0x00, 0x00, 0x1F, 0x80, 0x00,
  0x00, 0x1F, 0xFC, 0x00, 0x00, 0xFC, 0x00, 0x00, 0x00, 0x3F, 0xF8, 0x00,
  0x03, 0xF0, 0x00, 0x00, 0x00, 0x7F, 0xE0, 0x00, 0x1F, 0x80, 0x00, 0x00,
  0x01, 0xFF, 0xC0, 0x00, 0x7C, 0x00, 0x00, 0x00, 0x03, 0xFF, 0x00, 0x03,
  0xF0, 0x00, 0x00, 0x00, 0x0F, 0xFE, 0x00, 0x0F, 0x80, 0x00, 0x00, 0x00,
  0x1F, 0xF8, 0x00, 0x7E, 0x00, 0x00, 0x00, 0x00, 0x7F, 0xF0, 0x01, 0xF0,
  0x00, 0x00, 0x00, 0x00, 0xFF, 0xC0, 0x0F, 0xC0, 0x00, 0x00, 0x00, 0x03,
  0xFF, 0x80, 0x3E, 0x00, 0x00, 0x00, 0x00, 0x07, 0xFE, 0x01, 0xF8, 0x00,
  0x00, 0x00, 0x00, 0x1F, 0xFC, 0x07, 0xC0, 0x00, 0x00, 0x00, 0x00, 0x3F,
  0xF0, 0x3F, 0x00, 0x00, 0x00, 0x00, 0x00, 0xFF, 0xE0, 0xF8, 0x00, 0x00,
  0x00, 0x00, 0x01, 0xFF, 0x87, 0xE0, 0x00, 0x00, 0x00, 0x00, 0x07, 0xFE,
  0x1F, 0x00, 0x00, 0x00, 0x00, 0x00, 0x0F, 0xFC, 0xF8, 0x00, 0x00, 0x00,
  0x00, 0x00, 0x3F, 0xF3, 0xE0, 0x00, 0x00, 0x00, 0x00, 0x00, 0x7F, 0xFF,
  0x00, 0x00, 0x00, 0x00, 0x00, 0x01, 0xFF, 0xFC, 0x00, 0x00, 0x00, 0x00,
  0x00, 0x03, 0xFF, 0xE0, 0x00, 0x00, 0x00, 0x00, 0x00, 0x0F, 0xFF, 0x80,
  0x00, 0x00, 0x00, 0x00, 0x00, 0x1F, 0xFC, 0x00, 0x00, 0x00, 0x00, 0x00,
  0x00, 0x3F, 0xF0, 0x00, 0x00, 0x00, 0x00, 0x00, 0x00, 0xFF, 0xC0, 0x00,
  0x00, 0x00, 0x00, 0x00, 0x03, 0xFF, 0x00, 0x00, 0x00, 0x00, 0x00, 0x00,
  0x0F, 0xFC, 0x00, 0x00, 0x00, 0x00, 0x00, 0x00, 0x3F, 0xF0, 0x00, 0x00,
  0x00, 0x00, 0x00, 0x00, 0xFF, 0xC0, 0x00, 0x00, 0x00, 0x00, 0x00, 0x03,
  0xFF, 0x00, 0x00, 0x00, 0x00, 0x00, 0x00, 0x0F, 0xFC, 0x00, 0x00, 0x00,
  0x00, 0x00, 0x00, 0x3F, 0xF0, 0x00, 0x00, 0x00, 0x00, 0x00, 0x00, 0xFF,
  0xC0, 0x00, 0x00, 0x00, 0x00, 0x00, 0x03, 0xFF, 0x00, 0x00, 0x00, 0x00,
  0x00, 0x00, 0x0F, 0xFC, 0x00, 0x00, 0x00, 0x00, 0x00, 0x00, 0x3F, 0xF0,
  0x00, 0x00, 0x00, 0x00, 0x00, 0x00, 0xFF, 0xC0, 0x00, 0x00, 0x00, 0x00,
  0x00, 0x03, 0xFF, 0x00, 0x00, 0x00, 0x00, 0x00, 0x00, 0x0F, 0xFC, 0x00,
  0x00, 0x00, 0x00, 0x00, 0x00, 0x3F, 0xF0, 0x00, 0x00, 0x00, 0x00, 0x00,
  0x00, 0xFF, 0xC0, 0x00, 0x00, 0x00, 0x00, 0x00, 0x03, 0xFF, 0x00, 0x00,
  0x00, 0x00, 0x00, 0x00, 0x0F, 0xFC, 0x00, 0x00, 0x00, 0x00, 0x00, 0x00,
  0x3F, 0xF0, 0x00, 0x00, 0x00, 0x00, 0x00, 0x01, 0xFF, 0xF0, 0x00, 0x00,
  0x00, 0x00, 0x03, 0xFF, 0xFF, 0xFF, 0x80, 0x00, 0x00, 0x00, 0x1F, 0xFF,
  0xFF, 0xFF, 0x00, 0x00, 0x00, 0x00, 0x7F, 0xFF, 0xFF, 0xFC, 0x00, 0x00,
  0x00, 0x00, 0xFF, 0xFF, 0xFF, 0xE0, 0x00, 0x00, 0x07, 0xFF, 0xFF, 0xFF,
  0xFF, 0xFF, 0xC1, 0xFF, 0xFF, 0xFF, 0xFF, 0xFF, 0xFC, 0x3F, 0xFF, 0xFF,
  0xFF, 0xFF, 0xFF, 0x07, 0xFF, 0xFF, 0xFF, 0xFF, 0xFF, 0xE0, 0xFF, 0xC0,
  0x00, 0x00, 0x3F, 0xFC, 0x1F, 0xF0, 0x00, 0x00, 0x0F, 0xFF, 0x03, 0xFC,
  0x00, 0x00, 0x01, 0xFF, 0xC0, 0x7F, 0x00, 0x00, 0x00, 0x7F, 0xF8, 0x1F,
  0xC0, 0x00, 0x00, 0x1F, 0xFE, 0x03, 0xF8, 0x00, 0x00, 0x03, 0xFF, 0x80,
  0x7E, 0x00, 0x00, 0x00, 0xFF, 0xF0, 0x0F, 0xC0, 0x00, 0x00, 0x3F, 0xFC,
  0x01, 0xF0, 0x00, 0x00, 0x07, 0xFF, 0x00, 0x3E, 0x00, 0x00, 0x01, 0xFF,
  0xE0, 0x07, 0x80, 0x00, 0x00, 0x3F, 0xF8, 0x00, 0xF0, 0x00, 0x00, 0x0F,
  0xFE, 0x00, 0x1C, 0x00, 0x00, 0x03, 0xFF, 0xC0, 0x03, 0x80, 0x00, 0x00,
  0x7F, 0xF0, 0x00, 0x70, 0x00, 0x00, 0x1F, 0xFE, 0x00, 0x0E, 0x00, 0x00,
  0x07, 0xFF, 0x80, 0x00, 0x00, 0x00, 0x00, 0xFF, 0xE0, 0x00, 0x00, 0x00,
  0x00, 0x3F, 0xFC, 0x00, 0x00, 0x00, 0x00, 0x0F, 0xFF, 0x00, 0x00, 0x00,
  0x00, 0x01, 0xFF, 0xC0, 0x00, 0x00, 0x00, 0x00, 0x7F, 0xF8, 0x00, 0x00,
  0x00, 0x00, 0x1F, 0xFE, 0x00, 0x00, 0x00, 0x00, 0x03, 0xFF, 0x80, 0x00,
  0x00, 0x00, 0x00, 0xFF, 0xF0, 0x00, 0x00, 0x00, 0x00, 0x3F, 0xFC, 0x00,
  0x00, 0x00, 0x00, 0x07, 0xFF, 0x00, 0x00, 0x00, 0x00, 0x01, 0xFF, 0xE0,
  0x00, 0x00, 0x00, 0x00, 0x3F, 0xF8, 0x00, 0x00, 0x00, 0x00, 0x0F, 0xFE,
  0x00, 0x00, 0x00, 0x00, 0x03, 0xFF, 0xC0, 0x00, 0x00, 0x00, 0x00, 0x7F,
  0xF0, 0x00, 0x00, 0x00, 0x00, 0x1F, 0xFE, 0x00, 0x00, 0x00, 0x00, 0x07,
  0xFF, 0x80, 0x00, 0x00, 0x00, 0x00, 0xFF, 0xE0, 0x00, 0x00, 0x00, 0x00,
  0x3F, 0xFC, 0x00, 0x00, 0x00, 0x00, 0x0F, 0xFF, 0x00, 0x00, 0x00, 0x00,
  0x01, 0xFF, 0xC0, 0x00, 0x00, 0x00, 0x00, 0x7F, 0xF8, 0x00, 0x00, 0x00,
  0x00, 0x1F, 0xFE, 0x00, 0x00, 0x00, 0x00, 0x03, 0xFF, 0x80, 0x00, 0x00,
  0x00, 0x00, 0xFF, 0xF0, 0x00, 0x00, 0x08, 0x00, 0x3F, 0xFC, 0x00, 0x00,
  0x03, 0xC0, 0x07, 0xFF, 0x00, 0x00, 0x00, 0x78, 0x01, 0xFF, 0xE0, 0x00,
  0x00, 0x0F, 0x00, 0x3F, 0xF8, 0x00, 0x00, 0x03, 0xC0, 0x0F, 0xFE, 0x00,
  0x00, 0x00, 0x78, 0x03, 0xFF, 0xC0, 0x00, 0x00, 0x1F, 0x00, 0x7F, 0xF0,
  0x00, 0x00, 0x03, 0xE0, 0x1F, 0xFE, 0x00, 0x00, 0x00, 0xFC, 0x07, 0xFF,
  0x80, 0x00, 0x00, 0x3F, 0x80, 0xFF, 0xE0, 0x00, 0x00, 0x07, 0xF0, 0x3F,
  0xFC, 0x00, 0x00, 0x01, 0xFE, 0x0F, 0xFF, 0x00, 0x00, 0x00, 0x3F, 0x81,
  0xFF, 0xC0, 0x00, 0x00, 0x0F, 0xF0, 0x7F, 0xF8, 0x00, 0x00, 0x03, 0xFE,
  0x1F, 0xFE, 0x00, 0x00, 0x00, 0xFF, 0xC3, 0xFF, 0x80, 0x00, 0x00, 0x3F,
  0xF8, 0xFF, 0xF0, 0x00, 0x00, 0x0F, 0xFF, 0x1F, 0xFF, 0xFF, 0xFF, 0xFF,
  0xFF, 0xE7, 0xFF, 0xFF, 0xFF, 0xFF, 0xFF, 0xFC, 0xFF, 0xFF, 0xFF, 0xFF,
  0xFF, 0xFF, 0x1F, 0xFF, 0xFF, 0xFF, 0xFF, 0xFF, 0xE0, 0xFF, 0xFF, 0xFF,
  0xFF, 0xFF, 0xFF, 0xFF, 0xFF, 0xFF, 0xFF, 0xFF, 0xF8, 0x00, 0x7F, 0xC0,
  0x03, 0xFE, 0x00, 0x1F, 0xF0, 0x00, 0xFF, 0x80, 0x07, 0xFC, 0x00, 0x3F,
  0xE0, 0x01, 0xFF, 0x00, 0x0F, 0xF8, 0x00, 0x7F, 0xC0, 0x03, 0xFE, 0x00,
  0x1F, 0xF0, 0x00, 0xFF, 0x80, 0x07, 0xFC, 0x00, 0x3F, 0xE0, 0x01, 0xFF,
  0x00, 0x0F, 0xF8, 0x00, 0x7F, 0xC0, 0x03, 0xFE, 0x00, 0x1F, 0xF0, 0x00,
  0xFF, 0x80, 0x07, 0xFC, 0x00, 0x3F, 0xE0, 0x01, 0xFF, 0x00, 0x0F, 0xF8,
  0x00, 0x7F, 0xC0, 0x03, 0xFE, 0x00, 0x1F, 0xF0, 0x00, 0xFF, 0x80, 0x07,
  0xFC, 0x00, 0x3F, 0xE0, 0x01, 0xFF, 0x00, 0x0F, 0xF8, 0x00, 0x7F, 0xC0,
  0x03, 0xFE, 0x00, 0x1F, 0xF0, 0x00, 0xFF, 0x80, 0x07, 0xFC, 0x00, 0x3F,
  0xE0, 0x01, 0xFF, 0x00, 0x0F, 0xF8, 0x00, 0x7F, 0xC0, 0x03, 0xFE, 0x00,
  0x1F, 0xF0, 0x00, 0xFF, 0x80, 0x07, 0xFC, 0x00, 0x3F, 0xE0, 0x01, 0xFF,
  0x00, 0x0F, 0xF8, 0x00, 0x7F, 0xC0, 0x03, 0xFE, 0x00, 0x1F, 0xF0, 0x00,
  0xFF, 0x80, 0x07, 0xFC, 0x00, 0x3F, 0xE0, 0x01, 0xFF, 0x00, 0x0F, 0xF8,
  0x00, 0x7F, 0xC0, 0x03, 0xFE, 0x00, 0x1F, 0xF0, 0x00, 0xFF, 0x80, 0x07,
  0xFC, 0x00, 0x3F, 0xE0, 0x01, 0xFF, 0x00, 0x0F, 0xF8, 0x00, 0x7F, 0xC0,
  0x03, 0xFE, 0x00, 0x1F, 0xF0, 0x00, 0xFF, 0x80, 0x07, 0xFC, 0x00, 0x3F,
  0xE0, 0x01, 0xFF, 0x00, 0x0F, 0xF8, 0x00, 0x7F, 0xC0, 0x03, 0xFE, 0x00,
  0x1F, 0xF0, 0x00, 0xFF, 0x80, 0x07, 0xFC, 0x00, 0x3F, 0xFF, 0xFF, 0xFF,
  0xFF, 0xFF, 0xFF, 0xFF, 0xFF, 0xFF, 0xFC, 0xFE, 0x00, 0x00, 0x07, 0xE0,
  0x00, 0x00, 0x7E, 0x00, 0x00, 0x07, 0xE0, 0x00, 0x00, 0x7F, 0x00, 0x00,
  0x03, 0xF0, 0x00, 0x00, 0x3F, 0x00, 0x00, 0x03, 0xF0, 0x00, 0x00, 0x3F,
  0x00, 0x00, 0x03, 0xF8, 0x00, 0x00, 0x1F, 0x80, 0x00, 0x01, 0xF8, 0x00,
  0x00, 0x1F, 0x80, 0x00, 0x01, 0xFC, 0x00, 0x00, 0x0F, 0xC0, 0x00, 0x00,
  0xFC, 0x00, 0x00, 0x0F, 0xC0, 0x00, 0x00, 0xFE, 0x00, 0x00, 0x07, 0xE0,
  0x00, 0x00, 0x7E, 0x00, 0x00, 0x07, 0xE0, 0x00, 0x00, 0x7E, 0x00, 0x00,
  0x07, 0xF0, 0x00, 0x00, 0x3F, 0x00, 0x00, 0x03, 0xF0, 0x00, 0x00, 0x3F,
  0x00, 0x00, 0x03, 0xF8, 0x00, 0x00, 0x1F, 0x80, 0x00, 0x01, 0xF8, 0x00,
  0x00, 0x1F, 0x80, 0x00, 0x01, 0xFC, 0x00, 0x00, 0x0F, 0xC0, 0x00, 0x00,
  0xFC, 0x00, 0x00, 0x0F, 0xC0, 0x00, 0x00, 0xFC, 0x00, 0x00, 0x0F, 0xE0,
  0x00, 0x00, 0x7E, 0x00, 0x00, 0x07, 0xE0, 0x00, 0x00, 0x7E, 0x00, 0x00,
  0x07, 0xF0, 0x00, 0x00, 0x3F, 0x00, 0x00, 0x03, 0xF0, 0x00, 0x00, 0x3F,
  0x00, 0x00, 0x03, 0xF8, 0x00, 0x00, 0x1F, 0x80, 0x00, 0x01, 0xF8, 0x00,
  0x00, 0x1F, 0x80, 0x00, 0x01, 0xF8, 0x00, 0x00, 0x1F, 0xC0, 0x00, 0x00,
  0xFC, 0x00, 0x00, 0x0F, 0xC0, 0x00, 0x00, 0xFC, 0x00, 0x00, 0x0F, 0xE0,
  0x00, 0x00, 0x7E, 0x00, 0x00, 0x07, 0xE0, 0x00, 0x00, 0x7E, 0x00, 0x00,
  0x07, 0xF0, 0x00, 0x00, 0x3F, 0x00, 0x00, 0x03, 0xF0, 0x00, 0x00, 0x3F,
  0x00, 0x00, 0x03, 0xF0, 0x00, 0x00, 0x3F, 0x80, 0x00, 0x01, 0xF8, 0x00,
  0x00, 0x1F, 0x80, 0x00, 0x01, 0xF8, 0x00, 0x00, 0x1F, 0xC0, 0x00, 0x00,
  0xFC, 0x00, 0x00, 0x0F, 0xC0, 0x00, 0x00, 0xFC, 0x00, 0x00, 0x0F, 0xE0,
  0x00, 0x00, 0x7E, 0x00, 0x00, 0x07, 0xE0, 0x00, 0x00, 0x7E, 0x00, 0x00,
  0x07, 0xF0, 0x00, 0x00, 0x3F, 0x00, 0x00, 0x03, 0xF0, 0x00, 0x00, 0x3F,
  0x00, 0x00, 0x03, 0xF0, 0x00, 0x00, 0x3F, 0x80, 0x00, 0x01, 0xF8, 0x00,
  0x00, 0x1F, 0x80, 0x00, 0x01, 0xF8, 0x00, 0x00, 0x1F, 0xC0, 0x00, 0x00,
  0xFC, 0x00, 0x00, 0x0F, 0xC0, 0x00, 0x00, 0xFC, 0x00, 0x00, 0x0F, 0xE0,
  0x00, 0x00, 0x7E, 0x00, 0x00, 0x07, 0xE0, 0x00, 0x00, 0x7E, 0x00, 0x00,
  0x07, 0xE0, 0x00, 0x00, 0x7F, 0x00, 0x00, 0x03, 0xF0, 0x00, 0x00, 0x3F,
  0x00, 0x00, 0x03, 0xF0, 0xFF, 0xFF, 0xFF, 0xFF, 0xFF, 0xFF, 0xFF, 0xFF,
  0xFF, 0xFF, 0xF0, 0x00, 0xFF, 0x80, 0x07, 0xFC, 0x00, 0x3F, 0xE0, 0x01,
  0xFF, 0x00, 0x0F, 0xF8, 0x00, 0x7F, 0xC0, 0x03, 0xFE, 0x00, 0x1F, 0xF0,
  0x00, 0xFF, 0x80, 0x07, 0xFC, 0x00, 0x3F, 0xE0, 0x01, 0xFF, 0x00, 0x0F,
  0xF8, 0x00, 0x7F, 0xC0, 0x03, 0xFE, 0x00, 0x1F, 0xF0, 0x00, 0xFF, 0x80,
  0x07, 0xFC, 0x00, 0x3F, 0xE0, 0x01, 0xFF, 0x00, 0x0F, 0xF8, 0x00, 0x7F,
  0xC0, 0x03, 0xFE, 0x00, 0x1F, 0xF0, 0x00, 0xFF, 0x80, 0x07, 0xFC, 0x00,
  0x3F, 0xE0, 0x01, 0xFF, 0x00, 0x0F, 0xF8, 0x00, 0x7F, 0xC0, 0x03, 0xFE,
  0x00, 0x1F, 0xF0, 0x00, 0xFF, 0x80, 0x07, 0xFC, 0x00, 0x3F, 0xE0, 0x01,
  0xFF, 0x00, 0x0F, 0xF8, 0x00, 0x7F, 0xC0, 0x03, 0xFE, 0x00, 0x1F, 0xF0,
  0x00, 0xFF, 0x80, 0x07, 0xFC, 0x00, 0x3F, 0xE0, 0x01, 0xFF, 0x00, 0x0F,
  0xF8, 0x00, 0x7F, 0xC0, 0x03, 0xFE, 0x00, 0x1F, 0xF0, 0x00, 0xFF, 0x80,
  0x07, 0xFC, 0x00, 0x3F, 0xE0, 0x01, 0xFF, 0x00, 0x0F, 0xF8, 0x00, 0x7F,
  0xC0, 0x03, 0xFE, 0x00, 0x1F, 0xF0, 0x00, 0xFF, 0x80, 0x07, 0xFC, 0x00,
  0x3F, 0xE0, 0x01, 0xFF, 0x00, 0x0F, 0xF8, 0x00, 0x7F, 0xC0, 0x03, 0xFE,
  0x00, 0x1F, 0xF0, 0x00, 0xFF, 0x80, 0x07, 0xFC, 0x00, 0x3F, 0xE0, 0x01,
  0xFF, 0x00, 0x0F, 0xF8, 0x00, 0x7F, 0xC0, 0x03, 0xFE, 0x00, 0x1F, 0xF0,
  0x00, 0xFF, 0x80, 0x07, 0xFC, 0x00, 0x3F, 0xE0, 0x01, 0xFF, 0x00, 0x0F,
  0xF8, 0x00, 0x7F, 0xFF, 0xFF, 0xFF, 0xFF, 0xFF, 0xFF, 0xFF, 0xFF, 0xFF,
  0xFF, 0xFC, 0x00, 0x00, 0x07, 0xE0, 0x00, 0x00, 0x00, 0x00, 0x03, 0xF0,
  0x00, 0x00, 0x00, 0x00, 0x01, 0xFC, 0x00, 0x00, 0x00, 0x00, 0x01, 0xFE,
  0x00, 0x00, 0x00, 0x00, 0x00, 0xFF, 0x80, 0x00, 0x00, 0x00, 0x00, 0xFF,
  0xC0, 0x00, 0x00, 0x00, 0x00, 0x7F, 0xE0, 0x00, 0x00, 0x00, 0x00, 0x3F,
  0xF8, 0x00, 0x00, 0x00, 0x00, 0x3F, 0xFC, 0x00, 0x00, 0x00, 0x00, 0x1F,
  0xBF, 0x00, 0x00, 0x00, 0x00, 0x1F, 0x9F, 0x80, 0x00, 0x00, 0x00, 0x0F,
  0xC7, 0xC0, 0x00, 0x00, 0x00, 0x0F, 0xC3, 0xF0, 0x00, 0x00, 0x00, 0x07,
  0xE1, 0xF8, 0x00, 0x00, 0x00, 0x03, 0xF0, 0x7E, 0x00, 0x00, 0x00, 0x03,
  0xF0, 0x3F, 0x00, 0x00, 0x00, 0x01, 0xF8, 0x0F, 0xC0, 0x00, 0x00, 0x01,
  0xF8, 0x07, 0xE0, 0x00, 0x00, 0x00, 0xFC, 0x03, 0xF0, 0x00, 0x00, 0x00,
  0x7E, 0x00, 0xFC, 0x00, 0x00, 0x00, 0x7E, 0x00, 0x7E, 0x00, 0x00, 0x00,
  0x3F, 0x00, 0x1F, 0x80, 0x00, 0x00, 0x3F, 0x80, 0x0F, 0xC0, 0x00, 0x00,
  0x1F, 0x80, 0x07, 0xF0, 0x00, 0x00, 0x1F, 0xC0, 0x01, 0xF8, 0x00, 0x00,
  0x0F, 0xC0, 0x00, 0xFC, 0x00, 0x00, 0x07, 0xE0, 0x00, 0x3F, 0x00, 0x00,
  0x07, 0xF0, 0x00, 0x1F, 0x80, 0x00, 0x03, 0xF0, 0x00, 0x0F, 0xE0, 0x00,
  0x03, 0xF8, 0x00, 0x03, 0xF0, 0x00, 0x01, 0xF8, 0x00, 0x01, 0xF8, 0x00,
  0x00, 0xFC, 0x00, 0x00, 0x7E, 0x00, 0x00, 0xFE, 0x00, 0x00, 0x3F, 0x00,
  0x00, 0x7E, 0x00, 0x00, 0x1F, 0xC0, 0x00, 0x7F, 0x00, 0x00, 0x07, 0xE0,
  0x00, 0x3F, 0x00, 0x00, 0x03, 0xF8, 0x00, 0x3F, 0x80, 0x00, 0x00, 0xFC,
  0x00, 0x1F, 0xC0, 0x00, 0x00, 0x7E, 0x00, 0x0F, 0xC0, 0x00, 0x00, 0x3F,
  0x80, 0x0F, 0xE0, 0x00, 0x00, 0x0F, 0xC0, 0x07, 0xF0, 0x00, 0x00, 0x07,
  0xF0, 0x07, 0xF0, 0x00, 0x00, 0x01, 0xF8, 0x03, 0xF8, 0x00, 0x00, 0x00,
  0xFC, 0x01, 0xF8, 0x00, 0x00, 0x00, 0x7F, 0x01, 0xFC, 0x00, 0x00, 0x00,
  0x1F, 0x80, 0xFE, 0x00, 0x00, 0x00, 0x0F, 0xE0, 0xFE, 0x00, 0x00, 0x00,
  0x03, 0xF0, 0x7F, 0x00, 0x00, 0x00, 0x01, 0xFC, 0x7F, 0x00, 0x00, 0x00,
  0x00, 0xFE, 0x3F, 0x80, 0x00, 0x00, 0x00, 0x3F, 0x1F, 0xC0, 0x00, 0x00,
  0x00, 0x1F, 0xDF, 0xC0, 0x00, 0x00, 0x00, 0x07, 0xEF, 0xE0, 0x00, 0x00,
  0x00, 0x03, 0xF8, 0xFF, 0xFF, 0xFF, 0xFF, 0xFF, 0xFF, 0xFF, 0xFF, 0xFF,
  0xFF, 0xFF, 0xFF, 0xFF, 0xFF, 0xFF, 0xFF, 0xFF, 0xFF, 0xFF, 0xFF, 0xFF,
  0xFF, 0xFF, 0xFF, 0xFF, 0xFF, 0xFF, 0xFF, 0xFF, 0xFF, 0xFF, 0xFF, 0xFF,
  0xFF, 0xFF, 0xFF, 0xFF, 0xFF, 0xFF, 0xE0, 0x1E, 0x00, 0x01, 0xFC, 0x00,
  0x07, 0xF8, 0x00, 0x3F, 0xF0, 0x00, 0xFF, 0xE0, 0x03, 0xFF, 0x80, 0x0F,
  0xFF, 0x00, 0x1F, 0xFE, 0x00, 0x3F, 0xFC, 0x00, 0x7F, 0xF0, 0x00, 0x7F,
  0xE0, 0x00, 0xFF, 0xC0, 0x00, 0xFF, 0x80, 0x01, 0xFE, 0x00, 0x01, 0xFC,
  0x00, 0x03, 0xF8, 0x00, 0x07, 0xF0, 0x00, 0x0F, 0xE0, 0x00, 0x0F, 0xC0,
  0x00, 0x1E, 0x00, 0x00, 0x30, 0x00, 0x00, 0x00, 0x00, 0x03, 0xFF, 0x80,
  0x00, 0x00, 0x0F, 0xFF, 0xFE, 0x00, 0x00, 0x1F, 0xFF, 0xFF, 0xE0, 0x00,
  0x1F, 0xFF, 0xFF, 0xFC, 0x00, 0x0F, 0xFC, 0x07, 0xFF, 0x80, 0x07, 0xFE,
  0x00, 0x3F, 0xF0, 0x03, 0xFF, 0x00, 0x07, 0xFC, 0x01, 0xFF, 0xC0, 0x00,
  0xFF, 0x80, 0x7F, 0xE0, 0x00, 0x3F, 0xE0, 0x1F, 0xF8, 0x00, 0x07, 0xF8,
  0x07, 0xFC, 0x00, 0x01, 0xFF, 0x01, 0xFF, 0x00, 0x00, 0x7F, 0xC0, 0x7F,
  0x80, 0x00, 0x1F, 0xF0, 0x1F, 0xE0, 0x00, 0x07, 0xFC, 0x03, 0xF0, 0x00,
  0x01, 0xFF, 0x00, 0x3C, 0x00, 0x00, 0x7F, 0xC0, 0x00, 0x00, 0x00, 0x1F,
  0xF0, 0x00, 0x00, 0x00, 0x07, 0xFC, 0x00, 0x00, 0x00, 0x01, 0xFF, 0x00,
  0x00, 0x00, 0x01, 0xFF, 0xC0, 0x00, 0x00, 0x1F, 0xFF, 0xF0, 0x00, 0x00,
  0xFF, 0xFF, 0xFC, 0x00, 0x01, 0xFF, 0xFF, 0xFF, 0x00, 0x01, 0xFF, 0xF0,
  0x7F, 0xC0, 0x01, 0xFF, 0xE0, 0x1F, 0xF0, 0x01, 0xFF, 0xC0, 0x07, 0xFC,
  0x00, 0xFF, 0xC0, 0x01, 0xFF, 0x00, 0x7F, 0xE0, 0x00, 0x7F, 0xC0, 0x3F,
  0xF0, 0x00, 0x1F, 0xF0, 0x0F, 0xF8, 0x00, 0x07, 0xFC, 0x07, 0xFE, 0x00,
  0x01, 0xFF, 0x01, 0xFF, 0x80, 0x00, 0x7F, 0xC0, 0xFF, 0xC0, 0x00, 0x1F,
  0xF0, 0x3F, 0xF0, 0x00, 0x07, 0xFC, 0x0F, 0xFC, 0x00, 0x01, 0xFF, 0x03,
  0xFF, 0x00, 0x00, 0x7F, 0xC0, 0xFF, 0xC0, 0x00, 0x1F, 0xF0, 0x3F, 0xF0,
  0x00, 0x07, 0xFC, 0x0F, 0xFC, 0x00, 0x01, 0xFF, 0x03, 0xFF, 0x80, 0x00,
  0x7F, 0xC0, 0x7F, 0xF0, 0x00, 0x7F, 0xF0, 0x1F, 0xFC, 0x00, 0x7F, 0xFE,
  0x03, 0xFF, 0xC0, 0x7E, 0xFF, 0x80, 0x7F, 0xFF, 0xFF, 0x3F, 0xFF, 0x0F,
  0xFF, 0xFF, 0x8F, 0xFF, 0xC1, 0xFF, 0xFF, 0x83, 0xFF, 0xE0, 0x3F, 0xFF,
  0x80, 0x7F, 0xF0, 0x01, 0xFF, 0x00, 0x0F, 0xE0, 0x3F, 0xFF, 0x80, 0x00,
  0x00, 0x00, 0x1F, 0xFF, 0xF0, 0x00, 0x00, 0x00, 0x07, 0xFF, 0xFC, 0x00,
  0x00, 0x00, 0x01, 0xFF, 0xFF, 0x00, 0x00, 0x00, 0x00, 0x3F, 0xFF, 0xC0,
  0x00, 0x00, 0x00, 0x00, 0xFF, 0xF0, 0x00, 0x00, 0x00, 0x00, 0x0F, 0xFC,
  0x00, 0x00, 0x00, 0x00, 0x01, 0xFF, 0x00, 0x00, 0x00, 0x00, 0x00, 0x7F,
  0xC0, 0x00, 0x00, 0x00, 0x00, 0x1F, 0xF0, 0x00, 0x00, 0x00, 0x00, 0x07,
  0xFC, 0x00, 0x00, 0x00, 0x00, 0x01, 0xFF, 0x00, 0x00, 0x00, 0x00, 0x00,
  0x7F, 0xC0, 0x00, 0x00, 0x00, 0x00, 0x1F, 0xF0, 0x00, 0x00, 0x00, 0x00,
  0x07, 0xFC, 0x00, 0x00, 0x00, 0x00, 0x01, 0xFF, 0x00, 0x00, 0x00, 0x00,
  0x00, 0x7F, 0xC0, 0x00, 0x00, 0x00, 0x00, 0x1F, 0xF0, 0x00, 0x00, 0x00,
  0x00, 0x07, 0xFC, 0x00, 0x00, 0x00, 0x00, 0x01, 0xFF, 0x00, 0x00, 0x00,
  0x00, 0x00, 0x7F, 0xC0, 0x00, 0x00, 0x00, 0x00, 0x1F, 0xF0, 0x00, 0x00,
  0x00, 0x00, 0x07, 0xFC, 0x00, 0x00, 0x00, 0x00, 0x01, 0xFF, 0x00, 0x00,
  0x00, 0x00, 0x00, 0x7F, 0xC0, 0x00, 0x00, 0x00, 0x00, 0x1F, 0xF0, 0x00,
  0x00, 0x00, 0x00, 0x07, 0xFC, 0x01, 0xFF, 0x00, 0x00, 0x01, 0xFF, 0x03,
  0xFF, 0xF8, 0x00, 0x00, 0x7F, 0xC3, 0xFF, 0xFF, 0x80, 0x00, 0x1F, 0xF3,
  0xFF, 0xFF, 0xF0, 0x00, 0x07, 0xFD, 0xF8, 0x1F, 0xFE, 0x00, 0x01, 0xFF,
  0xF0, 0x00, 0xFF, 0xC0, 0x00, 0x7F, 0xF8, 0x00, 0x1F, 0xF8, 0x00, 0x1F,
  0xF8, 0x00, 0x03, 0xFF, 0x00, 0x07, 0xFC, 0x00, 0x00, 0x7F, 0xC0, 0x01,
  0xFF, 0x00, 0x00, 0x1F, 0xF8, 0x00, 0x7F, 0xC0, 0x00, 0x03, 0xFE, 0x00,
  0x1F, 0xF0, 0x00, 0x00, 0xFF, 0xC0, 0x07, 0xFC, 0x00, 0x00, 0x1F, 0xF0,
  0x01, 0xFF, 0x00, 0x00, 0x07, 0xFC, 0x00, 0x7F, 0xC0, 0x00, 0x01, 0xFF,
  0x80, 0x1F, 0xF0, 0x00, 0x00, 0x7F, 0xE0, 0x07, 0xFC, 0x00, 0x00, 0x1F,
  0xF8, 0x01, 0xFF, 0x00, 0x00, 0x03, 0xFE, 0x00, 0x7F, 0xC0, 0x00, 0x00,
  0xFF, 0xC0, 0x1F, 0xF0, 0x00, 0x00, 0x3F, 0xF0, 0x07, 0xFC, 0x00, 0x00,
  0x0F, 0xFC, 0x01, 0xFF, 0x00, 0x00, 0x03, 0xFF, 0x00, 0x7F, 0xC0, 0x00,
  0x00, 0xFF, 0xC0, 0x1F, 0xF0, 0x00, 0x00, 0x3F, 0xF0, 0x07, 0xFC, 0x00,
  0x00, 0x0F, 0xFC, 0x01, 0xFF, 0x00, 0x00, 0x03, 0xFF, 0x00, 0x7F, 0xC0,
  0x00, 0x00, 0xFF, 0xC0, 0x1F, 0xF0, 0x00, 0x00, 0x3F, 0xF0, 0x07, 0xFC,
  0x00, 0x00, 0x0F, 0xFC, 0x01, 0xFF, 0x00, 0x00, 0x03, 0xFF, 0x00, 0x7F,
  0xC0, 0x00, 0x00, 0xFF, 0x80, 0x1F, 0xF0, 0x00, 0x00, 0x7F, 0xE0, 0x07,
  0xFC, 0x00, 0x00, 0x1F, 0xF8, 0x01, 0xFF, 0x00, 0x00, 0x07, 0xFE, 0x00,
  0x7F, 0xC0, 0x00, 0x01, 0xFF, 0x00, 0x1F, 0xF0, 0x00, 0x00, 0x7F, 0xC0,
  0x07, 0xFC, 0x00, 0x00, 0x3F, 0xE0, 0x01, 0xFF, 0x00, 0x00, 0x0F, 0xF8,
  0x00, 0x7F, 0xC0, 0x00, 0x07, 0xFC, 0x00, 0x1F, 0xF0, 0x00, 0x01, 0xFF,
  0x00, 0x07, 0xFE, 0x00, 0x00, 0xFF, 0x80, 0x01, 0xFF, 0xC0, 0x00, 0x7F,
  0xC0, 0x00, 0x7F, 0xF8, 0x00, 0x3F, 0xF0, 0x00, 0x1F, 0xFF, 0xC0, 0x3F,
  0xF0, 0x00, 0x07, 0xF7, 0xFF, 0xFF, 0xF8, 0x00, 0x01, 0xF8, 0x7F, 0xFF,
  0xFC, 0x00, 0x00, 0x7C, 0x0F, 0xFF, 0xFC, 0x00, 0x00, 0x1C, 0x00, 0x3F,
  0xF8, 0x00, 0x00, 0x00, 0x00, 0x7F, 0xE0, 0x00, 0x00, 0x3F, 0xFF, 0xE0,
  0x00, 0x07, 0xFF, 0xFF, 0xC0, 0x00, 0xFF, 0xFF, 0xFF, 0x00, 0x0F, 0xFE,
  0x07, 0xFC, 0x00, 0xFF, 0xC0, 0x1F, 0xF0, 0x0F, 0xF8, 0x00, 0x7F, 0x80,
  0xFF, 0x80, 0x03, 0xFE, 0x0F, 0xF8, 0x00, 0x0F, 0xF0, 0x7F, 0xC0, 0x00,
  0x7F, 0xC7, 0xFC, 0x00, 0x01, 0xFE, 0x3F, 0xE0, 0x00, 0x0F, 0xF3, 0xFE,
  0x00, 0x00, 0x3F, 0x9F, 0xF0, 0x00, 0x01, 0xFD, 0xFF, 0x80, 0x00, 0x0F,
  0xCF, 0xFC, 0x00, 0x00, 0x1C, 0x7F, 0xC0, 0x00, 0x00, 0x03, 0xFE, 0x00,
  0x00, 0x00, 0x3F, 0xF0, 0x00, 0x00, 0x01, 0xFF, 0x80, 0x00, 0x00, 0x0F,
  0xFC, 0x00, 0x00, 0x00, 0x7F, 0xE0, 0x00, 0x00, 0x03, 0xFF, 0x00, 0x00,
  0x00, 0x1F, 0xF8, 0x00, 0x00, 0x00, 0xFF, 0xC0, 0x00, 0x00, 0x07, 0xFE,
  0x00, 0x00, 0x00, 0x3F, 0xF0, 0x00, 0x00, 0x01, 0xFF, 0x80, 0x00, 0x00,
  0x0F, 0xFC, 0x00, 0x00, 0x00, 0x7F, 0xE0, 0x00, 0x00, 0x01, 0xFF, 0x80,
  0x00, 0x00, 0x0F, 0xFC, 0x00, 0x00, 0x00, 0x7F, 0xE0, 0x00, 0x00, 0x03,
  0xFF, 0x00, 0x00, 0x00, 0x1F, 0xFC, 0x00, 0x00, 0x00, 0x7F, 0xE0, 0x00,
  0x00, 0x03, 0xFF, 0x80, 0x00, 0x04, 0x0F, 0xFC, 0x00, 0x00, 0x78, 0x7F,
  0xF0, 0x00, 0x03, 0xC1, 0xFF, 0xC0, 0x00, 0x3E, 0x0F, 0xFF, 0x00, 0x03,
  0xE0, 0x3F, 0xFC, 0x00, 0x7E, 0x00, 0xFF, 0xFC, 0x0F, 0xE0, 0x03, 0xFF,
  0xFF, 0xFE, 0x00, 0x0F, 0xFF, 0xFF, 0xE0, 0x00, 0x1F, 0xFF, 0xFE, 0x00,
  0x00, 0x3F, 0xFF, 0xC0, 0x00, 0x00, 0x3F, 0xF0, 0x00, 0x00, 0x00, 0x00,
  0xFF, 0xFF, 0x80, 0x00, 0x00, 0x01, 0xFF, 0xFF, 0xC0, 0x00, 0x00, 0x01,
  0xFF, 0xFF, 0xC0, 0x00, 0x00, 0x01, 0xFF, 0xFF, 0xC0, 0x00, 0x00, 0x00,
  0x7F, 0xFF, 0xC0, 0x00, 0x00, 0x00, 0x03, 0xFF, 0xC0, 0x00, 0x00, 0x00,
  0x00, 0xFF, 0xC0, 0x00, 0x00, 0x00, 0x00, 0x7F, 0xC0, 0x00, 0x00, 0x00,
  0x00, 0x7F, 0xC0, 0x00, 0x00, 0x00, 0x00, 0x7F, 0xC0, 0x00, 0x00, 0x00,
  0x00, 0x7F, 0xC0, 0x00, 0x00, 0x00, 0x00, 0x7F, 0xC0, 0x00, 0x00, 0x00,
  0x00, 0x7F, 0xC0, 0x00, 0x00, 0x00, 0x00, 0x7F, 0xC0, 0x00, 0x00, 0x00,
  0x00, 0x7F, 0xC0, 0x00, 0x00, 0x00, 0x00, 0x7F, 0xC0, 0x00, 0x00, 0x00,
  0x00, 0x7F, 0xC0, 0x00, 0x00, 0x00, 0x00, 0x7F, 0xC0, 0x00, 0x00, 0x00,
  0x00, 0x7F, 0xC0, 0x00, 0x00, 0x00, 0x00, 0x7F, 0xC0, 0x00, 0x00, 0x00,
  0x00, 0x7F, 0xC0, 0x00, 0x00, 0x00, 0x00, 0x7F, 0xC0, 0x00, 0x00, 0x00,
  0x00, 0x7F, 0xC0, 0x00, 0x00, 0x00, 0x00, 0x7F, 0xC0, 0x00, 0x00, 0x00,
  0x00, 0x7F, 0xC0, 0x00, 0x00, 0x00, 0x00, 0x7F, 0xC0, 0x00, 0x00, 0xFF,
  0xE0, 0x7F, 0xC0, 0x00, 0x0F, 0xFF, 0xFC, 0x7F, 0xC0, 0x00, 0x3F, 0xFF,
  0xFF, 0x7F, 0xC0, 0x00, 0x7F, 0xFF, 0xFF, 0xFF, 0xC0, 0x00, 0xFF, 0xE0,
  0x1F, 0xFF, 0xC0, 0x01, 0xFF, 0x00, 0x03, 0xFF, 0xC0, 0x03, 0xFE, 0x00,
  0x01, 0xFF, 0xC0, 0x07, 0xFC, 0x00, 0x00, 0xFF, 0xC0, 0x0F, 0xF8, 0x00,
  0x00, 0x7F, 0xC0, 0x0F, 0xF8, 0x00, 0x00, 0x7F, 0xC0, 0x1F, 0xF0, 0x00,
  0x00, 0x7F, 0xC0, 0x1F, 0xF0, 0x00, 0x00, 0x7F, 0xC0, 0x3F, 0xE0, 0x00,
  0x00, 0x7F, 0xC0, 0x3F, 0xE0, 0x00, 0x00, 0x7F, 0xC0, 0x7F, 0xE0, 0x00,
  0x00, 0x7F, 0xC0, 0x7F, 0xE0, 0x00, 0x00, 0x7F, 0xC0, 0x7F, 0xE0, 0x00,
  0x00, 0x7F, 0xC0, 0x7F, 0xC0, 0x00, 0x00, 0x7F, 0xC0, 0xFF, 0xC0, 0x00,
  0x00, 0x7F, 0xC0, 0xFF, 0xC0, 0x00, 0x00, 0x7F, 0xC0, 0xFF, 0xC0, 0x00,
  0x00, 0x7F, 0xC0, 0xFF, 0xC0, 0x00, 0x00, 0x7F, 0xC0, 0xFF, 0xC0, 0x00,
  0x00, 0x7F, 0xC0, 0xFF, 0xC0, 0x00, 0x00, 0x7F, 0xC0, 0xFF, 0xC0, 0x00,
  0x00, 0x7F, 0xC0, 0xFF, 0xC0, 0x00, 0x00, 0x7F, 0xC0, 0xFF, 0xC0, 0x00,
  0x00, 0x7F, 0xC0, 0xFF, 0xC0, 0x00, 0x00, 0x7F, 0xC0, 0xFF, 0xC0, 0x00,
  0x00, 0x7F, 0xC0, 0xFF, 0xC0, 0x00, 0x00, 0x7F, 0xC0, 0x7F, 0xC0, 0x00,
  0x00, 0x7F, 0xC0, 0x7F, 0xE0, 0x00, 0x00, 0x7F, 0xC0, 0x7F, 0xE0, 0x00,
  0x00, 0x7F, 0xC0, 0x7F, 0xE0, 0x00, 0x00, 0x7F, 0xC0, 0x3F, 0xE0, 0x00,
  0x00, 0x7F, 0xC0, 0x3F, 0xE0, 0x00, 0x00, 0x7F, 0xC0, 0x3F, 0xF0, 0x00,
  0x00, 0x7F, 0xC0, 0x1F, 0xF0, 0x00, 0x00, 0x7F, 0xC0, 0x1F, 0xF8, 0x00,
  0x00, 0x7F, 0xC0, 0x0F, 0xF8, 0x00, 0x00, 0xFF, 0xC0, 0x0F, 0xFC, 0x00,
  0x01, 0xFF, 0xC0, 0x07, 0xFE, 0x00, 0x03, 0xFF, 0xE0, 0x03, 0xFF, 0x80,
  0x0F, 0xFF, 0xF0, 0x01, 0xFF, 0xE0, 0x3F, 0x7F, 0xFE, 0x00, 0xFF, 0xFF,
  0xFE, 0x7F, 0xFF, 0x00, 0x3F, 0xFF, 0xF8, 0x7F, 0xFF, 0x00, 0x1F, 0xFF,
  0xE0, 0x3F, 0xFE, 0x00, 0x01, 0xFF, 0x00, 0x00, 0x00, 0x00, 0x00, 0xFF,
  0xC0, 0x00, 0x00, 0x0F, 0xFF, 0xF0, 0x00, 0x00, 0x7F, 0xFF, 0xF8, 0x00,
  0x03, 0xFF, 0xFF, 0xFC, 0x00, 0x0F, 0xF8, 0x1F, 0xFC, 0x00, 0x3F, 0x80,
  0x0F, 0xFC, 0x00, 0xFE, 0x00, 0x0F, 0xF8, 0x03, 0xF8, 0x00, 0x0F, 0xF8,
  0x0F, 0xF0, 0x00, 0x1F, 0xF0, 0x1F, 0xC0, 0x00, 0x1F, 0xF0, 0x7F, 0x80,
  0x00, 0x3F, 0xE1, 0xFF, 0x00, 0x00, 0x7F, 0xE3, 0xFE, 0x00, 0x00, 0xFF,
  0xC7, 0xFC, 0x00, 0x00, 0xFF, 0x9F, 0xF0, 0x00, 0x01, 0xFF, 0x3F, 0xE0,
  0x00, 0x03, 0xFF, 0x7F, 0xC0, 0x00, 0x07, 0xFE, 0xFF, 0x80, 0x00, 0x0F,
  0xFF, 0xFF, 0x00, 0x00, 0x1F, 0xFF, 0xFF, 0xFF, 0xFF, 0xFF, 0xFF, 0xFF,
  0xFF, 0xFF, 0xFF, 0xFF, 0xFF, 0xFF, 0xFF, 0xFF, 0xFF, 0xFF, 0xFF, 0xFF,
  0xFF, 0xFF, 0xE0, 0x00, 0x00, 0x00, 0xFF, 0xC0, 0x00, 0x00, 0x01, 0xFF,
  0x80, 0x00, 0x00, 0x03, 0xFF, 0x00, 0x00, 0x00, 0x07, 0xFE, 0x00, 0x00,
  0x00, 0x0F, 0xFC, 0x00, 0x00, 0x00, 0x1F, 0xF8, 0x00, 0x00, 0x00, 0x1F,
  0xF8, 0x00, 0x00, 0x00, 0x3F, 0xF0, 0x00, 0x00, 0x00, 0x7F, 0xE0, 0x00,
  0x00, 0x00, 0xFF, 0xC0, 0x00, 0x00, 0x01, 0xFF, 0xC0, 0x00, 0x00, 0x01,
  0xFF, 0x80, 0x00, 0x00, 0x03, 0xFF, 0x80, 0x00, 0x06, 0x03, 0xFF, 0x00,
  0x00, 0x0F, 0x07, 0xFF, 0x00, 0x00, 0x3E, 0x07, 0xFF, 0x00, 0x00, 0xF8,
  0x0F, 0xFF, 0x00, 0x03, 0xE0, 0x0F, 0xFF, 0x00, 0x0F, 0xC0, 0x0F, 0xFF,
  0x80, 0xFF, 0x00, 0x0F, 0xFF, 0xFF, 0xFC, 0x00, 0x0F, 0xFF, 0xFF, 0xF0,
  0x00, 0x07, 0xFF, 0xFF, 0xC0, 0x00, 0x03, 0xFF, 0xFE, 0x00, 0x00, 0x00,
  0x7F, 0xE0, 0x00, 0x00, 0x00, 0x1F, 0xE0, 0x00, 0x00, 0xFF, 0xF8, 0x00,
  0x03, 0xFF, 0xFE, 0x00, 0x07, 0xFF, 0xFE, 0x00, 0x0F, 0xFF, 0xFF, 0x00,
  0x1F, 0xC3, 0xFF, 0x00, 0x3F, 0x81, 0xFF, 0x00, 0x7F, 0x81, 0xFF, 0x00,
  0x7F, 0x00, 0xFE, 0x00, 0xFF, 0x00, 0x7E, 0x00, 0xFF, 0x00, 0x3C, 0x01,
  0xFE, 0x00, 0x38, 0x01, 0xFE, 0x00, 0x00, 0x01, 0xFE, 0x00, 0x00, 0x01,
  0xFE, 0x00, 0x00, 0x03, 0xFE, 0x00, 0x00, 0x03, 0xFE, 0x00, 0x00, 0x03,
  0xFE, 0x00, 0x00, 0x03, 0xFE, 0x00, 0x00, 0x03, 0xFE, 0x00, 0x00, 0x03,
  0xFE, 0x00, 0x00, 0x03, 0xFE, 0x00, 0x00, 0x03, 0xFE, 0x00, 0x00, 0x03,
  0xFE, 0x00, 0x00, 0x03, 0xFE, 0x00, 0x00, 0x03, 0xFE, 0x00, 0x00, 0x03,
  0xFE, 0x00, 0x00, 0x7F, 0xFF, 0xFF, 0xC0, 0xFF, 0xFF, 0xFF, 0xC0, 0xFF,
  0xFF, 0xFF, 0xC0, 0xFF, 0xFF, 0xFF, 0xC0, 0x03, 0xFE, 0x00, 0x00, 0x03,
  0xFE, 0x00, 0x00, 0x03, 0xFE, 0x00, 0x00, 0x03, 0xFE, 0x00, 0x00, 0x03,
  0xFE, 0x00, 0x00, 0x03, 0xFE, 0x00, 0x00, 0x03, 0xFE, 0x00, 0x00, 0x03,
  0xFE, 0x00, 0x00, 0x03, 0xFE, 0x00, 0x00, 0x03, 0xFE, 0x00, 0x00, 0x03,
  0xFE, 0x00, 0x00, 0x03, 0xFE, 0x00, 0x00, 0x03, 0xFE, 0x00, 0x00, 0x03,
  0xFE, 0x00, 0x00, 0x03, 0xFE, 0x00, 0x00, 0x03, 0xFE, 0x00, 0x00, 0x03,
  0xFE, 0x00, 0x00, 0x03, 0xFE, 0x00, 0x00, 0x03, 0xFE, 0x00, 0x00, 0x03,
  0xFE, 0x00, 0x00, 0x03, 0xFE, 0x00, 0x00, 0x03, 0xFE, 0x00, 0x00, 0x03,
  0xFE, 0x00, 0x00, 0x03, 0xFE, 0x00, 0x00, 0x03, 0xFE, 0x00, 0x00, 0x03,
  0xFE, 0x00, 0x00, 0x03, 0xFE, 0x00, 0x00, 0x03, 0xFE, 0x00, 0x00, 0x03,
  0xFE, 0x00, 0x00, 0x03, 0xFE, 0x00, 0x00, 0x03, 0xFE, 0x00, 0x00, 0x03,
  0xFE, 0x00, 0x00, 0x03, 0xFE, 0x00, 0x00, 0x03, 0xFE, 0x00, 0x00, 0x03,
  0xFE, 0x00, 0x00, 0x03, 0xFE, 0x00, 0x00, 0x03, 0xFF, 0x00, 0x00, 0x07,
  0xFF, 0xC0, 0x00, 0x3F, 0xFF, 0xFF, 0x00, 0x7F, 0xFF, 0xFF, 0x80, 0x7F,
  0xFF, 0xFF, 0x80, 0x7F, 0xFF, 0xFF, 0x00, 0x00, 0x00, 0x00, 0x00, 0x00,
  0x00, 0x00, 0x07, 0xFE, 0x00, 0x7F, 0x80, 0x00, 0xFF, 0xFF, 0x03, 0xFF,
  0x00, 0x0F, 0xFF, 0xFE, 0x1F, 0xFC, 0x00, 0x7F, 0xFF, 0xFE, 0xFF, 0xF8,
  0x07, 0xFC, 0x0F, 0xFF, 0x8F, 0xE0, 0x1F, 0xE0, 0x0F, 0xFC, 0x3F, 0x80,
  0xFF, 0x00, 0x1F, 0xF0, 0x7F, 0x07, 0xF8, 0x00, 0x7F, 0xC0, 0xF8, 0x1F,
  0xE0, 0x00, 0xFF, 0x83, 0xE0, 0xFF, 0x80, 0x03, 0xFE, 0x07, 0x83, 0xFC,
  0x00, 0x0F, 0xF8, 0x1C, 0x1F, 0xF0, 0x00, 0x1F, 0xF0, 0x00, 0x7F, 0xC0,
  0x00, 0x7F, 0xC0, 0x01, 0xFF, 0x00, 0x01, 0xFF, 0x00, 0x07, 0xFC, 0x00,
  0x07, 0xFC, 0x00, 0x1F, 0xF0, 0x00, 0x1F, 0xF0, 0x00, 0x7F, 0xC0, 0x00,
  0x7F, 0xC0, 0x01, 0xFF, 0x00, 0x01, 0xFF, 0x00, 0x07, 0xFC, 0x00, 0x07,
  0xFC, 0x00, 0x1F, 0xF0, 0x00, 0x1F, 0xE0, 0x00, 0x3F, 0xC0, 0x00, 0x7F,
  0x80, 0x00, 0xFF, 0x80, 0x03, 0xFE, 0x00, 0x03, 0xFE, 0x00, 0x0F, 0xF0,
  0x00, 0x07, 0xFC, 0x00, 0x3F, 0xC0, 0x00, 0x1F, 0xF0, 0x01, 0xFE, 0x00,
  0x00, 0x3F, 0xE0, 0x0F, 0xF0, 0x00, 0x00, 0x7F, 0xE0, 0xFF, 0x80, 0x00,
  0x00, 0xFF, 0xFF, 0xFC, 0x00, 0x00, 0x01, 0xFF, 0xFF, 0xE0, 0x00, 0x00,
  0x1F, 0xFF, 0xFE, 0x00, 0x00, 0x00, 0xFC, 0xFF, 0xC0, 0x00, 0x00, 0x07,
  0xC0, 0x00, 0x00, 0x00, 0x00, 0x3E, 0x00, 0x00, 0x00, 0x00, 0x00, 0xF8,
  0x00, 0x00, 0x00, 0x00, 0x07, 0xE0, 0x00, 0x00, 0x00, 0x00, 0x1F, 0x80,
  0x00, 0x00, 0x00, 0x00, 0x7F, 0x00, 0x00, 0x00, 0x00, 0x01, 0xFE, 0x00,
  0x00, 0x00, 0x00, 0x07, 0xFC, 0x00, 0x00, 0x00, 0x00, 0x1F, 0xFF, 0xFF,
  0xFF, 0x00, 0x00, 0x7F, 0xFF, 0xFF, 0xFF, 0x80, 0x00, 0xFF, 0xFF, 0xFF,
  0xFF, 0x80, 0x03, 0xFF, 0xFF, 0xFF, 0xFF, 0x00, 0x07, 0xFF, 0xFF, 0xFF,
  0xFE, 0x00, 0x07, 0xFF, 0xFF, 0xFF, 0xF8, 0x00, 0x7F, 0xFF, 0xFF, 0xFF,
  0xF0, 0x03, 0xF3, 0xFF, 0xFF, 0xFF, 0xC0, 0x1F, 0xC0, 0x00, 0x03, 0xFF,
  0x00, 0xFE, 0x00, 0x00, 0x03, 0xFE, 0x07, 0xF8, 0x00, 0x00, 0x07, 0xF8,
  0x1F, 0xC0, 0x00, 0x00, 0x0F, 0xE0, 0xFF, 0x00, 0x00, 0x00, 0x1F, 0x83,
  0xFC, 0x00, 0x00, 0x00, 0x7E, 0x0F, 0xF0, 0x00, 0x00, 0x01, 0xF8, 0x3F,
  0xC0, 0x00, 0x00, 0x07, 0xE0, 0xFF, 0x00, 0x00, 0x00, 0x1F, 0x83, 0xFC,
  0x00, 0x00, 0x00, 0x7C, 0x0F, 0xF8, 0x00, 0x00, 0x01, 0xF0, 0x1F, 0xE0,
  0x00, 0x00, 0x0F, 0xC0, 0x7F, 0xC0, 0x00, 0x00, 0x3E, 0x00, 0xFF, 0x00,
  0x00, 0x01, 0xF8, 0x03, 0xFE, 0x00, 0x00, 0x0F, 0xC0, 0x07, 0xFC, 0x00,
  0x00, 0x7E, 0x00, 0x0F, 0xFC, 0x00, 0x07, 0xF0, 0x00, 0x1F, 0xFE, 0x00,
  0xFF, 0x80, 0x00, 0x1F, 0xFF, 0xFF, 0xFC, 0x00, 0x00, 0x1F, 0xFF, 0xFF,
  0xC0, 0x00, 0x00, 0x1F, 0xFF, 0xFC, 0x00, 0x00, 0x00, 0x07, 0xFF, 0x00,
  0x00, 0x00, 0xFF, 0xFF, 0x00, 0x00, 0x00, 0x00, 0x07, 0xFF, 0xFC, 0x00,
  0x00, 0x00, 0x00, 0x3F, 0xFF, 0xE0, 0x00, 0x00, 0x00, 0x00, 0xFF, 0xFF,
  0x00, 0x00, 0x00, 0x00, 0x00, 0xFF, 0xF8, 0x00, 0x00, 0x00, 0x00, 0x01,
  0xFF, 0xC0, 0x00, 0x00, 0x00, 0x00, 0x07, 0xFE, 0x00, 0x00, 0x00, 0x00,
  0x00, 0x1F, 0xF0, 0x00, 0x00, 0x00, 0x00, 0x00, 0xFF, 0x80, 0x00, 0x00,
  0x00, 0x00, 0x07, 0xFC, 0x00, 0x00, 0x00, 0x00, 0x00, 0x3F, 0xE0, 0x00,
  0x00, 0x00, 0x00, 0x01, 0xFF, 0x00, 0x00, 0x00, 0x00, 0x00, 0x0F, 0xF8,
  0x00, 0x00, 0x00, 0x00, 0x00, 0x7F, 0xC0, 0x00, 0x00, 0x00, 0x00, 0x03,
  0xFE, 0x00, 0x00, 0x00, 0x00, 0x00, 0x1F, 0xF0, 0x00, 0x00, 0x00, 0x00,
  0x00, 0xFF, 0x80, 0x00, 0x00, 0x00, 0x00, 0x07, 0xFC, 0x00, 0x00, 0x00,
  0x00, 0x00, 0x3F, 0xE0, 0x00, 0x00, 0x00, 0x00, 0x01, 0xFF, 0x00, 0x00,
  0x00, 0x00, 0x00, 0x0F, 0xF8, 0x00, 0x00, 0x00, 0x00, 0x00, 0x7F, 0xC0,
  0x00, 0x00, 0x00, 0x00, 0x03, 0xFE, 0x00, 0x00, 0x00, 0x00, 0x00, 0x1F,
  0xF0, 0x00, 0x00, 0x00, 0x00, 0x00, 0xFF, 0x80, 0x00, 0x00, 0x00, 0x00,
  0x07, 0xFC, 0x00, 0x3F, 0xE0, 0x00, 0x00, 0x3F, 0xE0, 0x0F, 0xFF, 0xE0,
  0x00, 0x01, 0xFF, 0x01, 0xFF, 0xFF, 0x80, 0x00, 0x0F, 0xF8, 0x3F, 0xFF,
  0xFE, 0x00, 0x00, 0x7F, 0xC3, 0xFF, 0xFF, 0xF8, 0x00, 0x03, 0xFE, 0x7F,
  0x01, 0xFF, 0xC0, 0x00, 0x1F, 0xF7, 0xC0, 0x03, 0xFE, 0x00, 0x00, 0xFF,
  0xF8, 0x00, 0x0F, 0xF8, 0x00, 0x07, 0xFF, 0x80, 0x00, 0x7F, 0xC0, 0x00,
  0x3F, 0xF8, 0x00, 0x03, 0xFE, 0x00, 0x01, 0xFF, 0x00, 0x00, 0x1F, 0xF0,
  0x00, 0x0F, 0xF8, 0x00, 0x00, 0xFF, 0x80, 0x00, 0x7F, 0xC0, 0x00, 0x07,
  0xFC, 0x00, 0x03, 0xFE, 0x00, 0x00, 0x3F, 0xE0, 0x00, 0x1F, 0xF0, 0x00,
  0x01, 0xFF, 0x00, 0x00, 0xFF, 0x80, 0x00, 0x0F, 0xF8, 0x00, 0x07, 0xFC,
  0x00, 0x00, 0x7F, 0xC0, 0x00, 0x3F, 0xE0, 0x00, 0x03, 0xFE, 0x00, 0x01,
  0xFF, 0x00, 0x00, 0x1F, 0xF0, 0x00, 0x0F, 0xF8, 0x00, 0x00, 0xFF, 0x80,
  0x00, 0x7F, 0xC0, 0x00, 0x07, 0xFC, 0x00, 0x03, 0xFE, 0x00, 0x00, 0x3F,
  0xE0, 0x00, 0x1F, 0xF0, 0x00, 0x01, 0xFF, 0x00, 0x00, 0xFF, 0x80, 0x00,
  0x0F, 0xF8, 0x00, 0x07, 0xFC, 0x00, 0x00, 0x7F, 0xC0, 0x00, 0x3F, 0xE0,
  0x00, 0x03, 0xFE, 0x00, 0x01, 0xFF, 0x00, 0x00, 0x1F, 0xF0, 0x00, 0x0F,
  0xF8, 0x00, 0x00, 0xFF, 0x80, 0x00, 0x7F, 0xC0, 0x00, 0x07, 0xFC, 0x00,
  0x03, 0xFE, 0x00, 0x00, 0x3F, 0xE0, 0x00, 0x1F, 0xF0, 0x00, 0x01, 0xFF,
  0x00, 0x00, 0xFF, 0x80, 0x00, 0x0F, 0xF8, 0x00, 0x07, 0xFC, 0x00, 0x00,
  0x7F, 0xC0, 0x00, 0x3F, 0xE0, 0x00, 0x03, 0xFE, 0x00, 0x01, 0xFF, 0x00,
  0x00, 0x1F, 0xF0, 0x00, 0x0F, 0xF8, 0x00, 0x00, 0xFF, 0x80, 0x00, 0x7F,
  0xC0, 0x00, 0x07, 0xFC, 0x00, 0x03, 0xFE, 0x00, 0x00, 0x3F, 0xE0, 0x00,
  0x1F, 0xF0, 0x00, 0x01, 0xFF, 0x00, 0x00, 0xFF, 0x80, 0x00, 0x0F, 0xF8,
  0x00, 0x07, 0xFC, 0x00, 0x00, 0x7F, 0xC0, 0x00, 0x3F, 0xF0, 0x00, 0x07,
  0xFF, 0x00, 0x07, 0xFF, 0xC0, 0x00, 0x7F, 0xFC, 0x03, 0xFF, 0xFF, 0xE0,
  0x3F, 0xFF, 0xFF, 0x3F, 0xFF, 0xFF, 0x01, 0xFF, 0xFF, 0xFD, 0xFF, 0xFF,
  0xF8, 0x0F, 0xFF, 0xFF, 0xEF, 0xFF, 0xFF, 0x80, 0x3F, 0xFF, 0xFE, 0x00,
  0x7C, 0x00, 0x00, 0xFE, 0x00, 0x01, 0xFF, 0x00, 0x01, 0xFF, 0x00, 0x03,
  0xFF, 0x80, 0x03, 0xFF, 0x80, 0x03, 0xFF, 0x80, 0x03, 0xFF, 0x80, 0x03,
  0xFF, 0x80, 0x01, 0xFF, 0x00, 0x01, 0xFF, 0x00, 0x00, 0xFE, 0x00, 0x00,
  0x7C, 0x00, 0x00, 0x00, 0x00, 0x00, 0x00, 0x00, 0x00, 0x00, 0x00, 0x00,
  0x00, 0x00, 0x00, 0x00, 0x00, 0x00, 0x00, 0x00, 0x00, 0x00, 0x00, 0x00,
  0x00, 0x00, 0xFF, 0xFF, 0x80, 0xFF, 0xFF, 0x80, 0xFF, 0xFF, 0x80, 0x7F,
  0xFF, 0x80, 0x0F, 0xFF, 0x80, 0x03, 0xFF, 0x80, 0x01, 0xFF, 0x80, 0x00,
  0xFF, 0x80, 0x00, 0xFF, 0x80, 0x00, 0xFF, 0x80, 0x00, 0xFF, 0x80, 0x00,
  0xFF, 0x80, 0x00, 0xFF, 0x80, 0x00, 0xFF, 0x80, 0x00, 0xFF, 0x80, 0x00,
  0xFF, 0x80, 0x00, 0xFF, 0x80, 0x00, 0xFF, 0x80, 0x00, 0xFF, 0x80, 0x00,
  0xFF, 0x80, 0x00, 0xFF, 0x80, 0x00, 0xFF, 0x80, 0x00, 0xFF, 0x80, 0x00,
  0xFF, 0x80, 0x00, 0xFF, 0x80, 0x00, 0xFF, 0x80, 0x00, 0xFF, 0x80, 0x00,
  0xFF, 0x80, 0x00, 0xFF, 0x80, 0x00, 0xFF, 0x80, 0x00, 0xFF, 0x80, 0x00,
  0xFF, 0x80, 0x00, 0xFF, 0x80, 0x00, 0xFF, 0x80, 0x00, 0xFF, 0x80, 0x00,
  0xFF, 0x80, 0x00, 0xFF, 0x80, 0x00, 0xFF, 0x80, 0x00, 0xFF, 0x80, 0x00,
  0xFF, 0x80, 0x00, 0xFF, 0xC0, 0x03, 0xFF, 0xE0, 0x3F, 0xFF, 0xFE, 0x7F,
  0xFF, 0xFF, 0x7F, 0xFF, 0xFF, 0x7F, 0xFF, 0xFE, 0x00, 0x03, 0xE0, 0x00,
  0x1F, 0xC0, 0x00, 0xFF, 0x80, 0x03, 0xFE, 0x00, 0x1F, 0xFC, 0x00, 0x7F,
  0xF0, 0x01, 0xFF, 0xC0, 0x07, 0xFF, 0x00, 0x1F, 0xFC, 0x00, 0x3F, 0xE0,
  0x00, 0xFF, 0x80, 0x01, 0xFC, 0x00, 0x03, 0xE0, 0x00, 0x00, 0x00, 0x00,
  0x00, 0x00, 0x00, 0x00, 0x00, 0x00, 0x00, 0x00, 0x00, 0x00, 0x00, 0x00,
  0x00, 0x00, 0x00, 0x00, 0x00, 0x00, 0x0F, 0xFF, 0xE0, 0x7F, 0xFF, 0xC1,
  0xFF, 0xFF, 0x07, 0xFF, 0xFC, 0x07, 0xFF, 0xF0, 0x01, 0xFF, 0xC0, 0x03,
  0xFF, 0x00, 0x07, 0xFC, 0x00, 0x1F, 0xF0, 0x00, 0x7F, 0xC0, 0x01, 0xFF,
  0x00, 0x07, 0xFC, 0x00, 0x1F, 0xF0, 0x00, 0x7F, 0xC0, 0x01, 0xFF, 0x00,
  0x07, 0xFC, 0x00, 0x1F, 0xF0, 0x00, 0x7F, 0xC0, 0x01, 0xFF, 0x00, 0x07,
  0xFC, 0x00, 0x1F, 0xF0, 0x00, 0x7F, 0xC0, 0x01, 0xFF, 0x00, 0x07, 0xFC,
  0x00, 0x1F, 0xF0, 0x00, 0x7F, 0xC0, 0x01, 0xFF, 0x00, 0x07, 0xFC, 0x00,
  0x1F, 0xF0, 0x00, 0x7F, 0xC0, 0x01, 0xFF, 0x00, 0x07, 0xFC, 0x00, 0x1F,
  0xF0, 0x00, 0x7F, 0xC0, 0x01, 0xFF, 0x00, 0x07, 0xFC, 0x00, 0x1F, 0xF0,
  0x00, 0x7F, 0xC0, 0x01, 0xFF, 0x00, 0x07, 0xFC, 0x00, 0x1F, 0xF0, 0x00,
  0x7F, 0xC0, 0x01, 0xFF, 0x00, 0x07, 0xFC, 0x00, 0x1F, 0xF0, 0x00, 0x7F,
  0xC0, 0x01, 0xFF, 0x00, 0x07, 0xFC, 0x00, 0x1F, 0xF0, 0x00, 0x7F, 0xC0,
  0x01, 0xFF, 0x00, 0x07, 0xFC, 0x00, 0x1F, 0xE0, 0x00, 0x7F, 0x80, 0x01,
  0xFE, 0x0C, 0x07, 0xF8, 0xF8, 0x1F, 0xE7, 0xF0, 0xFF, 0x1F, 0xC3, 0xFC,
  0x7F, 0x0F, 0xF3, 0xFE, 0x3F, 0x87, 0xF9, 0xFE, 0x1F, 0xFF, 0xF0, 0x7F,
  0xFF, 0x80, 0xFF, 0xFC, 0x01, 0xFF, 0xC0, 0x01, 0xFC, 0x00, 0xFF, 0xFF,
  0x80, 0x00, 0x00, 0x00, 0x3F, 0xFF, 0xE0, 0x00, 0x00, 0x00, 0x0F, 0xFF,
  0xF8, 0x00, 0x00, 0x00, 0x01, 0xFF, 0xFE, 0x00, 0x00, 0x00, 0x00, 0x0F,
  0xFF, 0x80, 0x00, 0x00, 0x00, 0x00, 0xFF, 0xE0, 0x00, 0x00, 0x00, 0x00,
  0x1F, 0xF8, 0x00, 0x00, 0x00, 0x00, 0x03, 0xFE, 0x00, 0x00, 0x00, 0x00,
  0x00, 0xFF, 0x80, 0x00, 0x00, 0x00, 0x00, 0x3F, 0xE0, 0x00, 0x00, 0x00,
  0x00, 0x0F, 0xF8, 0x00, 0x00, 0x00, 0x00, 0x03, 0xFE, 0x00, 0x00, 0x00,
  0x00, 0x00, 0xFF, 0x80, 0x00, 0x00, 0x00, 0x00, 0x3F, 0xE0, 0x00, 0x00,
  0x00, 0x00, 0x0F, 0xF8, 0x00, 0x00, 0x00, 0x00, 0x03, 0xFE, 0x00, 0x00,
  0x00, 0x00, 0x00, 0xFF, 0x80, 0x00, 0x00, 0x00, 0x00, 0x3F, 0xE0, 0x00,
  0x00, 0x00, 0x00, 0x0F, 0xF8, 0x00, 0x00, 0x00, 0x00, 0x03, 0xFE, 0x00,
  0x00, 0x00, 0x00, 0x00, 0xFF, 0x80, 0x00, 0x00, 0x00, 0x00, 0x3F, 0xE0,
  0x00, 0x00, 0x00, 0x00, 0x0F, 0xF8, 0x00, 0x00, 0x00, 0x00, 0x03, 0xFE,
  0x00, 0x00, 0x00, 0x00, 0x00, 0xFF, 0x80, 0x00, 0x00, 0x00, 0x00, 0x3F,
  0xE0, 0x00, 0x00, 0x00, 0x00, 0x0F, 0xF8, 0x01, 0xFF, 0xFF, 0xE0, 0x03,
  0xFE, 0x00, 0xFF, 0xFF, 0xFC, 0x00, 0xFF, 0x80, 0x3F, 0xFF, 0xFF, 0x00,
  0x3F, 0xE0, 0x0F, 0xFF, 0xFF, 0xC0, 0x0F, 0xF8, 0x00, 0x1F, 0xFF, 0x00,
  0x03, 0xFE, 0x00, 0x01, 0xFF, 0x00, 0x00, 0xFF, 0x80, 0x00, 0x7F, 0x00,
  0x00, 0x3F, 0xE0, 0x00, 0x3F, 0x80, 0x00, 0x0F, 0xF8, 0x00, 0x1F, 0x80,
  0x00, 0x03, 0xFE, 0x00, 0x0F, 0xC0, 0x00, 0x00, 0xFF, 0x80, 0x07, 0xE0,
  0x00, 0x00, 0x3F, 0xE0, 0x01, 0xF8, 0x00, 0x00, 0x0F, 0xF8, 0x00, 0xFC,
  0x00, 0x00, 0x03, 0xFE, 0x00, 0x7E, 0x00, 0x00, 0x00, 0xFF, 0x80, 0x3F,
  0x00, 0x00, 0x00, 0x3F, 0xE0, 0x1F, 0x80, 0x00, 0x00, 0x0F, 0xF8, 0x0F,
  0xC0, 0x00, 0x00, 0x03, 0xFE, 0x07, 0xF0, 0x00, 0x00, 0x00, 0xFF, 0x83,
  0xFC, 0x00, 0x00, 0x00, 0x3F, 0xE1, 0xFF, 0x80, 0x00, 0x00, 0x0F, 0xF8,
  0xFF, 0xF0, 0x00, 0x00, 0x03, 0xFE, 0x7F, 0xFC, 0x00, 0x00, 0x00, 0xFF,
  0xBF, 0xFF, 0x80, 0x00, 0x00, 0x3F, 0xFF, 0xFF, 0xE0, 0x00, 0x00, 0x0F,
  0xFF, 0xCF, 0xFC, 0x00, 0x00, 0x03, 0xFF, 0xE3, 0xFF, 0x80, 0x00, 0x00,
  0xFF, 0xF0, 0x7F, 0xE0, 0x00, 0x00, 0x3F, 0xF8, 0x1F, 0xFC, 0x00, 0x00,
  0x0F, 0xFC, 0x03, 0xFF, 0x00, 0x00, 0x03, 0xFE, 0x00, 0xFF, 0xE0, 0x00,
  0x00, 0xFF, 0x80, 0x1F, 0xFC, 0x00, 0x00, 0x3F, 0xE0, 0x03, 0xFF, 0x00,
  0x00, 0x0F, 0xF8, 0x00, 0xFF, 0xE0, 0x00, 0x03, 0xFE, 0x00, 0x1F, 0xFC,
  0x00, 0x00, 0xFF, 0x80, 0x07, 0xFF, 0x00, 0x00, 0x3F, 0xE0, 0x00, 0xFF,
  0xE0, 0x00, 0x0F, 0xF8, 0x00, 0x3F, 0xFC, 0x00, 0x03, 0xFE, 0x00, 0x07,
  0xFF, 0x00, 0x00, 0xFF, 0x80, 0x01, 0xFF, 0xE0, 0x00, 0x3F, 0xE0, 0x00,
  0x3F, 0xFC, 0x00, 0x0F, 0xFC, 0x00, 0x07, 0xFF, 0x80, 0x0F, 0xFF, 0x80,
  0x01, 0xFF, 0xF0, 0x3F, 0xFF, 0xFE, 0x00, 0x3F, 0xFF, 0x9F, 0xFF, 0xFF,
  0x80, 0x0F, 0xFF, 0xE7, 0xFF, 0xFF, 0xE0, 0x01, 0xFF, 0xF8, 0xFF, 0xFF,
  0xF0, 0x00, 0x7F, 0xFE, 0x7F, 0xFF, 0xC0, 0x3F, 0xFF, 0xE0, 0x1F, 0xFF,
  0xF0, 0x0F, 0xFF, 0xF8, 0x00, 0x7F, 0xFC, 0x00, 0x0F, 0xFE, 0x00, 0x03,
  0xFF, 0x00, 0x00, 0xFF, 0x80, 0x00, 0x7F, 0xC0, 0x00, 0x3F, 0xE0, 0x00,
  0x1F, 0xF0, 0x00, 0x0F, 0xF8, 0x00, 0x07, 0xFC, 0x00, 0x03, 0xFE, 0x00,
  0x01, 0xFF, 0x00, 0x00, 0xFF, 0x80, 0x00, 0x7F, 0xC0, 0x00, 0x3F, 0xE0,
  0x00, 0x1F, 0xF0, 0x00, 0x0F, 0xF8, 0x00, 0x07, 0xFC, 0x00, 0x03, 0xFE,
  0x00, 0x01, 0xFF, 0x00, 0x00, 0xFF, 0x80, 0x00, 0x7F, 0xC0, 0x00, 0x3F,
  0xE0, 0x00, 0x1F, 0xF0, 0x00, 0x0F, 0xF8, 0x00, 0x07, 0xFC, 0x00, 0x03,
  0xFE, 0x00, 0x01, 0xFF, 0x00, 0x00, 0xFF, 0x80, 0x00, 0x7F, 0xC0, 0x00,
  0x3F, 0xE0, 0x00, 0x1F, 0xF0, 0x00, 0x0F, 0xF8, 0x00, 0x07, 0xFC, 0x00,
  0x03, 0xFE, 0x00, 0x01, 0xFF, 0x00, 0x00, 0xFF, 0x80, 0x00, 0x7F, 0xC0,
  0x00, 0x3F, 0xE0, 0x00, 0x1F, 0xF0, 0x00, 0x0F, 0xF8, 0x00, 0x07, 0xFC,
  0x00, 0x03, 0xFE, 0x00, 0x01, 0xFF, 0x00, 0x00, 0xFF, 0x80, 0x00, 0x7F,
  0xC0, 0x00, 0x3F, 0xE0, 0x00, 0x1F, 0xF0, 0x00, 0x0F, 0xF8, 0x00, 0x07,
  0xFC, 0x00, 0x03, 0xFE, 0x00, 0x01, 0xFF, 0x00, 0x00, 0xFF, 0x80, 0x00,
  0x7F, 0xC0, 0x00, 0x3F, 0xE0, 0x00, 0x1F, 0xF0, 0x00, 0x0F, 0xF8, 0x00,
  0x07, 0xFC, 0x00, 0x03, 0xFE, 0x00, 0x01, 0xFF, 0x00, 0x00, 0xFF, 0x80,
  0x00, 0x7F, 0xC0, 0x00, 0x3F, 0xE0, 0x00, 0x1F, 0xF8, 0x00, 0x3F, 0xFE,
  0x01, 0xFF, 0xFF, 0xF1, 0xFF, 0xFF, 0xFC, 0xFF, 0xFF, 0xFE, 0x3F, 0xFF,
  0xFE, 0x00, 0x00, 0x00, 0x0F, 0xF8, 0x00, 0x00, 0xFF, 0x80, 0x00, 0xFF,
  0xFF, 0x00, 0x7F, 0xFE, 0x00, 0x0F, 0xFF, 0xF0, 0x00, 0xFF, 0xFF, 0x01,
  0xFF, 0xFF, 0x80, 0x3F, 0xFF, 0xF8, 0x00, 0xFF, 0xFF, 0x07, 0xFF, 0xFF,
  0xC0, 0xFF, 0xFF, 0xFC, 0x00, 0x7F, 0xFF, 0x0F, 0xFF, 0xFF, 0xE1, 0xFF,
  0xFF, 0xFE, 0x00, 0x0F, 0xFF, 0x3F, 0xC0, 0xFF, 0xE7, 0xF8, 0x0F, 0xFE,
  0x00, 0x03, 0xFF, 0x7E, 0x00, 0x3F, 0xEF, 0xC0, 0x03, 0xFE, 0x00, 0x01,
  0xFF, 0xF8, 0x00, 0x1F, 0xFF, 0x80, 0x01, 0xFF, 0x00, 0x00, 0xFF, 0xF0,
  0x00, 0x1F, 0xFE, 0x00, 0x01, 0xFF, 0x00, 0x00, 0xFF, 0xC0, 0x00, 0x1F,
  0xFC, 0x00, 0x01, 0xFF, 0x00, 0x00, 0xFF, 0x80, 0x00, 0x1F, 0xF0, 0x00,
  0x01, 0xFF, 0x00, 0x00, 0xFF, 0x80, 0x00, 0x1F, 0xF0, 0x00, 0x01, 0xFF,
  0x00, 0x00, 0xFF, 0x80, 0x00, 0x1F, 0xF0, 0x00, 0x01, 0xFF, 0x00, 0x00,
  0xFF, 0x80, 0x00, 0x1F, 0xF0, 0x00, 0x01, 0xFF, 0x00, 0x00, 0xFF, 0x80,
  0x00, 0x1F, 0xF0, 0x00, 0x01, 0xFF, 0x00, 0x00, 0xFF, 0x80, 0x00, 0x1F,
  0xF0, 0x00, 0x01, 0xFF, 0x00, 0x00, 0xFF, 0x80, 0x00, 0x1F, 0xF0, 0x00,
  0x01, 0xFF, 0x00, 0x00, 0xFF, 0x80, 0x00, 0x1F, 0xF0, 0x00, 0x01, 0xFF,
  0x00, 0x00, 0xFF, 0x80, 0x00, 0x1F, 0xF0, 0x00, 0x01, 0xFF, 0x00, 0x00,
  0xFF, 0x80, 0x00, 0x1F, 0xF0, 0x00, 0x01, 0xFF, 0x00, 0x00, 0xFF, 0x80,
  0x00, 0x1F, 0xF0, 0x00, 0x01, 0xFF, 0x00, 0x00, 0xFF, 0x80, 0x00, 0x1F,
  0xF0, 0x00, 0x01, 0xFF, 0x00, 0x00, 0xFF, 0x80, 0x00, 0x1F, 0xF0, 0x00,
  0x01, 0xFF, 0x00, 0x00, 0xFF, 0x80, 0x00, 0x1F, 0xF0, 0x00, 0x01, 0xFF,
  0x00, 0x00, 0xFF, 0x80, 0x00, 0x1F, 0xF0, 0x00, 0x01, 0xFF, 0x00, 0x00,
  0xFF, 0x80, 0x00, 0x1F, 0xF0, 0x00, 0x01, 0xFF, 0x00, 0x00, 0xFF, 0x80,
  0x00, 0x1F, 0xF0, 0x00, 0x01, 0xFF, 0x00, 0x00, 0xFF, 0x80, 0x00, 0x1F,
  0xF0, 0x00, 0x01, 0xFF, 0x00, 0x00, 0xFF, 0x80, 0x00, 0x1F, 0xF0, 0x00,
  0x01, 0xFF, 0x00, 0x00, 0xFF, 0x80, 0x00, 0x1F, 0xF0, 0x00, 0x01, 0xFF,
  0x00, 0x00, 0xFF, 0x80, 0x00, 0x1F, 0xF0, 0x00, 0x01, 0xFF, 0x00, 0x00,
  0xFF, 0x80, 0x00, 0x1F, 0xF0, 0x00, 0x01, 0xFF, 0x00, 0x00, 0xFF, 0x80,
  0x00, 0x1F, 0xF0, 0x00, 0x01, 0xFF, 0x00, 0x00, 0xFF, 0x80, 0x00, 0x1F,
  0xF0, 0x00, 0x01, 0xFF, 0x00, 0x00, 0xFF, 0x80, 0x00, 0x1F, 0xF0, 0x00,
  0x01, 0xFF, 0x00, 0x00, 0xFF, 0x80, 0x00, 0x1F, 0xF0, 0x00, 0x01, 0xFF,
  0x00, 0x00, 0xFF, 0x80, 0x00, 0x1F, 0xF0, 0x00, 0x01, 0xFF, 0x00, 0x00,
  0xFF, 0x80, 0x00, 0x1F, 0xF0, 0x00, 0x01, 0xFF, 0x00, 0x00, 0xFF, 0x80,
  0x00, 0x1F, 0xF0, 0x00, 0x01, 0xFF, 0x00, 0x00, 0xFF, 0x80, 0x00, 0x1F,
  0xF0, 0x00, 0x01, 0xFF, 0x00, 0x00, 0xFF, 0x80, 0x00, 0x1F, 0xF0, 0x00,
  0x01, 0xFF, 0x00, 0x00, 0xFF, 0xC0, 0x00, 0x3F, 0xF8, 0x00, 0x03, 0xFF,
  0x80, 0x03, 0xFF, 0xE0, 0x00, 0x7F, 0xFC, 0x00, 0x07, 0xFF, 0xC0, 0x3F,
  0xFF, 0xFE, 0x07, 0xFF, 0xFF, 0xE0, 0x7F, 0xFF, 0xFE, 0x7F, 0xFF, 0xFE,
  0x07, 0xFF, 0xFF, 0xE0, 0x7F, 0xFF, 0xFF, 0x7F, 0xFF, 0xFE, 0x07, 0xFF,
  0xFF, 0xE0, 0x7F, 0xFF, 0xFF, 0x3F, 0xFF, 0xFC, 0x03, 0xFF, 0xFF, 0xC0,
  0x3F, 0xFF, 0xFE, 0x00, 0x00, 0x00, 0x07, 0xFC, 0x00, 0x07, 0xFF, 0xF8,
  0x01, 0xFF, 0xFC, 0x00, 0x3F, 0xFF, 0xC0, 0x7F, 0xFF, 0xF0, 0x01, 0xFF,
  0xFE, 0x07, 0xFF, 0xFF, 0xC0, 0x07, 0xFF, 0xF0, 0xFF, 0xFF, 0xFF, 0x00,
  0x07, 0xFF, 0x9F, 0xE0, 0x3F, 0xF8, 0x00, 0x0F, 0xFD, 0xF8, 0x00, 0x7F,
  0xC0, 0x00, 0x3F, 0xFF, 0x00, 0x01, 0xFF, 0x00, 0x00, 0xFF, 0xF0, 0x00,
  0x0F, 0xF8, 0x00, 0x07, 0xFF, 0x00, 0x00, 0x7F, 0xC0, 0x00, 0x3F, 0xE0,
  0x00, 0x03, 0xFE, 0x00, 0x01, 0xFF, 0x00, 0x00, 0x1F, 0xF0, 0x00, 0x0F,
  0xF8, 0x00, 0x00, 0xFF, 0x80, 0x00, 0x7F, 0xC0, 0x00, 0x07, 0xFC, 0x00,
  0x03, 0xFE, 0x00, 0x00, 0x3F, 0xE0, 0x00, 0x1F, 0xF0, 0x00, 0x01, 0xFF,
  0x00, 0x00, 0xFF, 0x80, 0x00, 0x0F, 0xF8, 0x00, 0x07, 0xFC, 0x00, 0x00,
  0x7F, 0xC0, 0x00, 0x3F, 0xE0, 0x00, 0x03, 0xFE, 0x00, 0x01, 0xFF, 0x00,
  0x00, 0x1F, 0xF0, 0x00, 0x0F, 0xF8, 0x00, 0x00, 0xFF, 0x80, 0x00, 0x7F,
  0xC0, 0x00, 0x07, 0xFC, 0x00, 0x03, 0xFE, 0x00, 0x00, 0x3F, 0xE0, 0x00,
  0x1F, 0xF0, 0x00, 0x01, 0xFF, 0x00, 0x00, 0xFF, 0x80, 0x00, 0x0F, 0xF8,
  0x00, 0x07, 0xFC, 0x00, 0x00, 0x7F, 0xC0, 0x00, 0x3F, 0xE0, 0x00, 0x03,
  0xFE, 0x00, 0x01, 0xFF, 0x00, 0x00, 0x1F, 0xF0, 0x00, 0x0F, 0xF8, 0x00,
  0x00, 0xFF, 0x80, 0x00, 0x7F, 0xC0, 0x00, 0x07, 0xFC, 0x00, 0x03, 0xFE,
  0x00, 0x00, 0x3F, 0xE0, 0x00, 0x1F, 0xF0, 0x00, 0x01, 0xFF, 0x00, 0x00,
  0xFF, 0x80, 0x00, 0x0F, 0xF8, 0x00, 0x07, 0xFC, 0x00, 0x00, 0x7F, 0xC0,
  0x00, 0x3F, 0xE0, 0x00, 0x03, 0xFE, 0x00, 0x01, 0xFF, 0x00, 0x00, 0x1F,
  0xF0, 0x00, 0x0F, 0xF8, 0x00, 0x00, 0xFF, 0x80, 0x00, 0x7F, 0xC0, 0x00,
  0x07, 0xFC, 0x00, 0x03, 0xFE, 0x00, 0x00, 0x3F, 0xE0, 0x00, 0x1F, 0xF0,
  0x00, 0x01, 0xFF, 0x00, 0x00, 0xFF, 0x80, 0x00, 0x0F, 0xF8, 0x00, 0x07,
  0xFE, 0x00, 0x00, 0xFF, 0xE0, 0x00, 0xFF, 0xF8, 0x00, 0x0F, 0xFF, 0x80,
  0x7F, 0xFF, 0xFC, 0x07, 0xFF, 0xFF, 0xE7, 0xFF, 0xFF, 0xE0, 0x3F, 0xFF,
  0xFF, 0xBF, 0xFF, 0xFF, 0x01, 0xFF, 0xFF, 0xFC, 0xFF, 0xFF, 0xF0, 0x07,
  0xFF, 0xFF, 0xC0, 0x00, 0x00, 0x7F, 0xE0, 0x00, 0x00, 0x00, 0x3F, 0xFF,
  0xE0, 0x00, 0x00, 0x0F, 0xFF, 0xFF, 0x80, 0x00, 0x03, 0xFF, 0xFF, 0xFC,
  0x00, 0x00, 0x7F, 0xC0, 0x3F, 0xF0, 0x00, 0x1F, 0xF0, 0x00, 0xFF, 0x80,
  0x03, 0xFE, 0x00, 0x07, 0xFC, 0x00, 0x3F, 0xC0, 0x00, 0x3F, 0xE0, 0x07,
  0xF8, 0x00, 0x01, 0xFE, 0x00, 0xFF, 0x00, 0x00, 0x0F, 0xF0, 0x1F, 0xF0,
  0x00, 0x00, 0xFF, 0x81, 0xFF, 0x00, 0x00, 0x0F, 0xF8, 0x3F, 0xE0, 0x00,
  0x00, 0x7F, 0xC3, 0xFE, 0x00, 0x00, 0x07, 0xFC, 0x3F, 0xE0, 0x00, 0x00,
  0x7F, 0xC7, 0xFE, 0x00, 0x00, 0x07, 0xFE, 0x7F, 0xC0, 0x00, 0x00, 0x7F,
  0xE7, 0xFC, 0x00, 0x00, 0x03, 0xFE, 0xFF, 0xC0, 0x00, 0x00, 0x3F, 0xFF,
  0xFC, 0x00, 0x00, 0x03, 0xFF, 0xFF, 0xC0, 0x00, 0x00, 0x3F, 0xFF, 0xFC,
  0x00, 0x00, 0x03, 0xFF, 0xFF, 0xC0, 0x00, 0x00, 0x3F, 0xFF, 0xFC, 0x00,
  0x00, 0x03, 0xFF, 0xFF, 0xC0, 0x00, 0x00, 0x3F, 0xFF, 0xFC, 0x00, 0x00,
  0x03, 0xFF, 0xFF, 0xC0, 0x00, 0x00, 0x3F, 0xFF, 0xFC, 0x00, 0x00, 0x03,
  0xFF, 0xFF, 0xC0, 0x00, 0x00, 0x3F, 0xFF, 0xFC, 0x00, 0x00, 0x03, 0xFE,
  0x7F, 0xC0, 0x00, 0x00, 0x3F, 0xE7, 0xFC, 0x00, 0x00, 0x03, 0xFE, 0x7F,
  0xE0, 0x00, 0x00, 0x7F, 0xE7, 0xFE, 0x00, 0x00, 0x07, 0xFC, 0x3F, 0xE0,
  0x00, 0x00, 0x7F, 0xC3, 0xFE, 0x00, 0x00, 0x07, 0xFC, 0x1F, 0xF0, 0x00,
  0x00, 0xFF, 0x81, 0xFF, 0x00, 0x00, 0x0F, 0xF8, 0x0F, 0xF0, 0x00, 0x00,
  0xFF, 0x00, 0x7F, 0x80, 0x00, 0x1F, 0xE0, 0x07, 0xFC, 0x00, 0x03, 0xFE,
  0x00, 0x3F, 0xE0, 0x00, 0x3F, 0xC0, 0x01, 0xFF, 0x00, 0x0F, 0xF8, 0x00,
  0x0F, 0xFC, 0x03, 0xFE, 0x00, 0x00, 0x3F, 0xFF, 0xFF, 0xC0, 0x00, 0x01,
  0xFF, 0xFF, 0xF8, 0x00, 0x00, 0x07, 0xFF, 0xFE, 0x00, 0x00, 0x00, 0x07,
  0xFE, 0x00, 0x00, 0x00, 0x00, 0x00, 0x3F, 0xE0, 0x00, 0x7F, 0xFF, 0xC0,
  0xFF, 0xFE, 0x00, 0x3F, 0xFF, 0xE1, 0xFF, 0xFF, 0xC0, 0x1F, 0xFF, 0xF3,
  0xFF, 0xFF, 0xF0, 0x07, 0xFF, 0xFB, 0xE0, 0x3F, 0xFC, 0x00, 0x7F, 0xFF,
  0xC0, 0x03, 0xFF, 0x00, 0x0F, 0xFF, 0xC0, 0x00, 0xFF, 0xC0, 0x03, 0xFF,
  0x80, 0x00, 0x3F, 0xF0, 0x00, 0xFF, 0x80, 0x00, 0x0F, 0xF8, 0x00, 0x7F,
  0xC0, 0x00, 0x07, 0xFE, 0x00, 0x3F, 0xE0, 0x00, 0x01, 0xFF, 0x00, 0x1F,
  0xF0, 0x00, 0x00, 0xFF, 0xC0, 0x0F, 0xF8, 0x00, 0x00, 0x3F, 0xE0, 0x07,
  0xFC, 0x00, 0x00, 0x1F, 0xF0, 0x03, 0xFE, 0x00, 0x00, 0x0F, 0xFC, 0x01,
  0xFF, 0x00, 0x00, 0x07, 0xFE, 0x00, 0xFF, 0x80, 0x00, 0x03, 0xFF, 0x00,
  0x7F, 0xC0, 0x00, 0x00, 0xFF, 0x80, 0x3F, 0xE0, 0x00, 0x00, 0x7F, 0xE0,
  0x1F, 0xF0, 0x00, 0x00, 0x3F, 0xF0, 0x0F, 0xF8, 0x00, 0x00, 0x1F, 0xF8,
  0x07, 0xFC, 0x00, 0x00, 0x0F, 0xFC, 0x03, 0xFE, 0x00, 0x00, 0x07, 0xFE,
  0x01, 0xFF, 0x00, 0x00, 0x03, 0xFF, 0x00, 0xFF, 0x80, 0x00, 0x01, 0xFF,
  0x80, 0x7F, 0xC0, 0x00, 0x00, 0xFF, 0xC0, 0x3F, 0xE0, 0x00, 0x00, 0x7F,
  0xE0, 0x1F, 0xF0, 0x00, 0x00, 0x3F, 0xF0, 0x0F, 0xF8, 0x00, 0x00, 0x1F,
  0xF8, 0x07, 0xFC, 0x00, 0x00, 0x0F, 0xFC, 0x03, 0xFE, 0x00, 0x00, 0x07,
  0xFC, 0x01, 0xFF, 0x00, 0x00, 0x07, 0xFE, 0x00, 0xFF, 0x80, 0x00, 0x03,
  0xFF, 0x00, 0x7F, 0xC0, 0x00, 0x01, 0xFF, 0x80, 0x3F, 0xE0, 0x00, 0x00,
  0xFF, 0x80, 0x1F, 0xF0, 0x00, 0x00, 0x7F, 0xC0, 0x0F, 0xF8, 0x00, 0x00,
  0x7F, 0xC0, 0x07, 0xFC, 0x00, 0x00, 0x3F, 0xE0, 0x03, 0xFE, 0x00, 0x00,
  0x3F, 0xE0, 0x01, 0xFF, 0x00, 0x00, 0x1F, 0xF0, 0x00, 0xFF, 0xC0, 0x00,
  0x1F, 0xF0, 0x00, 0x7F, 0xF0, 0x00, 0x1F, 0xF0, 0x00, 0x3F, 0xFC, 0x00,
  0x1F, 0xF0, 0x00, 0x1F, 0xFF, 0x80, 0x3F, 0xF0, 0x00, 0x0F, 0xFF, 0xFF,
  0xFF, 0xF0, 0x00, 0x07, 0xFF, 0xFF, 0xFF, 0xF0, 0x00, 0x03, 0xFE, 0x7F,
  0xFF, 0xE0, 0x00, 0x01, 0xFF, 0x03, 0xFF, 0x00, 0x00, 0x00, 0xFF, 0x80,
  0x00, 0x00, 0x00, 0x00, 0x7F, 0xC0, 0x00, 0x00, 0x00, 0x00, 0x3F, 0xE0,
  0x00, 0x00, 0x00, 0x00, 0x1F, 0xF0, 0x00, 0x00, 0x00, 0x00, 0x0F, 0xF8,
  0x00, 0x00, 0x00, 0x00, 0x07, 0xFC, 0x00, 0x00, 0x00, 0x00, 0x03, 0xFE,
  0x00, 0x00, 0x00, 0x00, 0x01, 0xFF, 0x00, 0x00, 0x00, 0x00, 0x00, 0xFF,
  0x80, 0x00, 0x00, 0x00, 0x00, 0x7F, 0xC0, 0x00, 0x00, 0x00, 0x00, 0x3F,
  0xE0, 0x00, 0x00, 0x00, 0x00, 0x1F, 0xF0, 0x00, 0x00, 0x00, 0x00, 0x0F,
  0xF8, 0x00, 0x00, 0x00, 0x00, 0x0F, 0xFE, 0x00, 0x00, 0x00, 0x00, 0x1F,
  0xFF, 0xF0, 0x00, 0x00, 0x00, 0xFF, 0xFF, 0xFF, 0x80, 0x00, 0x00, 0x7F,
  0xFF, 0xFF, 0xC0, 0x00, 0x00, 0x3F, 0xFF, 0xFF, 0xE0, 0x00, 0x00, 0x0F,
  0xFF, 0xFF, 0xE0, 0x00, 0x00, 0x00, 0x00, 0x00, 0xFF, 0xE0, 0x00, 0x00,
  0x00, 0x07, 0xFF, 0xFE, 0x03, 0xC0, 0x00, 0x3F, 0xFF, 0xFF, 0x8F, 0xC0,
  0x00, 0x7F, 0xFF, 0xFF, 0xDF, 0xC0, 0x00, 0xFF, 0xE0, 0x1F, 0xFF, 0xC0,
  0x01, 0xFF, 0x00, 0x03, 0xFF, 0xC0, 0x03, 0xFE, 0x00, 0x01, 0xFF, 0xC0,
  0x07, 0xFC, 0x00, 0x00, 0xFF, 0xC0, 0x0F, 0xF8, 0x00, 0x00, 0x7F, 0xC0,
  0x0F, 0xF8, 0x00, 0x00, 0x7F, 0xC0, 0x1F, 0xF0, 0x00, 0x00, 0x7F, 0xC0,
  0x1F, 0xF0, 0x00, 0x00, 0x7F, 0xC0, 0x3F, 0xE0, 0x00, 0x00, 0x7F, 0xC0,
  0x3F, 0xE0, 0x00, 0x00, 0x7F, 0xC0, 0x7F, 0xE0, 0x00, 0x00, 0x7F, 0xC0,
  0x7F, 0xE0, 0x00, 0x00, 0x7F, 0xC0, 0x7F, 0xE0, 0x00, 0x00, 0x7F, 0xC0,
  0x7F, 0xC0, 0x00, 0x00, 0x7F, 0xC0, 0xFF, 0xC0, 0x00, 0x00, 0x7F, 0xC0,
  0xFF, 0xC0, 0x00, 0x00, 0x7F, 0xC0, 0xFF, 0xC0, 0x00, 0x00, 0x7F, 0xC0,
  0xFF, 0xC0, 0x00, 0x00, 0x7F, 0xC0, 0xFF, 0xC0, 0x00, 0x00, 0x7F, 0xC0,
  0xFF, 0xC0, 0x00, 0x00, 0x7F, 0xC0, 0xFF, 0xC0, 0x00, 0x00, 0x7F, 0xC0,
  0xFF, 0xC0, 0x00, 0x00, 0x7F, 0xC0, 0xFF, 0xC0, 0x00, 0x00, 0x7F, 0xC0,
  0xFF, 0xC0, 0x00, 0x00, 0x7F, 0xC0, 0xFF, 0xC0, 0x00, 0x00, 0x7F, 0xC0,
  0xFF, 0xC0, 0x00, 0x00, 0x7F, 0xC0, 0x7F, 0xC0, 0x00, 0x00, 0x7F, 0xC0,
  0x7F, 0xE0, 0x00, 0x00, 0x7F, 0xC0, 0x7F, 0xE0, 0x00, 0x00, 0x7F, 0xC0,
  0x7F, 0xE0, 0x00, 0x00, 0x7F, 0xC0, 0x3F, 0xE0, 0x00, 0x00, 0x7F, 0xC0,
  0x3F, 0xE0, 0x00, 0x00, 0x7F, 0xC0, 0x3F, 0xF0, 0x00, 0x00, 0x7F, 0xC0,
  0x1F, 0xF0, 0x00, 0x00, 0x7F, 0xC0, 0x1F, 0xF8, 0x00, 0x00, 0x7F, 0xC0,
  0x0F, 0xF8, 0x00, 0x00, 0x7F, 0xC0, 0x0F, 0xFC, 0x00, 0x00, 0xFF, 0xC0,
  0x07, 0xFE, 0x00, 0x03, 0xFF, 0xC0, 0x03, 0xFF, 0x80, 0x0F, 0xFF, 0xC0,
  0x01, 0xFF, 0xE0, 0x3F, 0x7F, 0xC0, 0x00, 0xFF, 0xFF, 0xFE, 0x7F, 0xC0,
  0x00, 0x3F, 0xFF, 0xF8, 0x7F, 0xC0, 0x00, 0x0F, 0xFF, 0xE0, 0x7F, 0xC0,
  0x00, 0x01, 0xFF, 0x00, 0x7F, 0xC0, 0x00, 0x00, 0x00, 0x00, 0x7F, 0xC0,
  0x00, 0x00, 0x00, 0x00, 0x7F, 0xC0, 0x00, 0x00, 0x00, 0x00, 0x7F, 0xC0,
  0x00, 0x00, 0x00, 0x00, 0x7F, 0xC0, 0x00, 0x00, 0x00, 0x00, 0x7F, 0xC0,
  0x00, 0x00, 0x00, 0x00, 0x7F, 0xC0, 0x00, 0x00, 0x00, 0x00, 0x7F, 0xC0,
  0x00, 0x00, 0x00, 0x00, 0x7F, 0xC0, 0x00, 0x00, 0x00, 0x00, 0x7F, 0xC0,
  0x00, 0x00, 0x00, 0x00, 0x7F, 0xC0, 0x00, 0x00, 0x00, 0x00, 0x7F, 0xC0,
  0x00, 0x00, 0x00, 0x00, 0x7F, 0xC0, 0x00, 0x00, 0x00, 0x00, 0x7F, 0xC0,
  0x00, 0x00, 0x00, 0x00, 0x7F, 0xE0, 0x00, 0x00, 0x00, 0x01, 0xFF, 0xE0,
  0x00, 0x00, 0x00, 0x7F, 0xFF, 0xFE, 0x00, 0x00, 0x00, 0xFF, 0xFF, 0xFF,
  0x00, 0x00, 0x00, 0xFF, 0xFF, 0xFF, 0x00, 0x00, 0x00, 0x7F, 0xFF, 0xFE,
  0x00, 0x00, 0x00, 0x7E, 0x1F, 0xFF, 0xE0, 0x3F, 0xF3, 0xFF, 0xFE, 0x1F,
  0xFF, 0x7F, 0xFF, 0xC7, 0xFF, 0xE7, 0xFF, 0xF8, 0xFF, 0xFC, 0x1F, 0xFF,
  0x3F, 0xFF, 0x80, 0x7F, 0xEF, 0x1F, 0xF0, 0x0F, 0xFF, 0xC1, 0xFE, 0x00,
  0xFF, 0xF0, 0x1F, 0xC0, 0x1F, 0xFC, 0x03, 0xF0, 0x03, 0xFF, 0x00, 0x38,
  0x00, 0x7F, 0xE0, 0x00, 0x00, 0x0F, 0xF8, 0x00, 0x00, 0x01, 0xFF, 0x00,
  0x00, 0x00, 0x3F, 0xE0, 0x00, 0x00, 0x07, 0xFC, 0x00, 0x00, 0x00, 0xFF,
  0x80, 0x00, 0x00, 0x1F, 0xF0, 0x00, 0x00, 0x03, 0xFE, 0x00, 0x00, 0x00,
  0x7F, 0xC0, 0x00, 0x00, 0x0F, 0xF8, 0x00, 0x00, 0x01, 0xFF, 0x00, 0x00,
  0x00, 0x3F, 0xE0, 0x00, 0x00, 0x07, 0xFC, 0x00, 0x00, 0x00, 0xFF, 0x80,
  0x00, 0x00, 0x1F, 0xF0, 0x00, 0x00, 0x03, 0xFE, 0x00, 0x00, 0x00, 0x7F,
  0xC0, 0x00, 0x00, 0x0F, 0xF8, 0x00, 0x00, 0x01, 0xFF, 0x00, 0x00, 0x00,
  0x3F, 0xE0, 0x00, 0x00, 0x07, 0xFC, 0x00, 0x00, 0x00, 0xFF, 0x80, 0x00,
  0x00, 0x1F, 0xF0, 0x00, 0x00, 0x03, 0xFE, 0x00, 0x00, 0x00, 0x7F, 0xC0,
  0x00, 0x00, 0x0F, 0xF8, 0x00, 0x00, 0x01, 0xFF, 0x00, 0x00, 0x00, 0x3F,
  0xE0, 0x00, 0x00, 0x07, 0xFC, 0x00, 0x00, 0x00, 0xFF, 0x80, 0x00, 0x00,
  0x1F, 0xF8, 0x00, 0x00, 0x0F, 0xFF, 0xC0, 0x00, 0x1F, 0xFF, 0xFF, 0xC0,
  0x07, 0xFF, 0xFF, 0xFC, 0x00, 0xFF, 0xFF, 0xFF, 0x80, 0x0F, 0xFF, 0xFF,
  0xE0, 0x00, 0x00, 0x00, 0x00, 0x0E, 0x00, 0x01, 0xFF, 0x03, 0x80, 0x03,
  0xFF, 0xF9, 0xE0, 0x03, 0xFF, 0xFF, 0xF8, 0x03, 0xFF, 0xFF, 0xFE, 0x01,
  0xFF, 0x01, 0xFF, 0x80, 0xFF, 0x00, 0x1F, 0xE0, 0x3F, 0x80, 0x03, 0xF8,
  0x1F, 0xE0, 0x00, 0x7E, 0x07, 0xF0, 0x00, 0x0F, 0x83, 0xFC, 0x00, 0x01,
  0xE0, 0xFF, 0x00, 0x00, 0x78, 0x3F, 0xC0, 0x00, 0x0E, 0x0F, 0xF8, 0x00,
  0x03, 0x83, 0xFE, 0x00, 0x00, 0x60, 0xFF, 0xC0, 0x00, 0x00, 0x3F, 0xF8,
  0x00, 0x00, 0x07, 0xFF, 0x80, 0x00, 0x01, 0xFF, 0xF8, 0x00, 0x00, 0x7F,
  0xFF, 0x00, 0x00, 0x0F, 0xFF, 0xF0, 0x00, 0x01, 0xFF, 0xFF, 0x00, 0x00,
  0x3F, 0xFF, 0xF0, 0x00, 0x07, 0xFF, 0xFF, 0x00, 0x00, 0xFF, 0xFF, 0xF0,
  0x00, 0x1F, 0xFF, 0xFE, 0x00, 0x01, 0xFF, 0xFF, 0xC0, 0x00, 0x1F, 0xFF,
  0xF8, 0x00, 0x01, 0xFF, 0xFF, 0x00, 0x00, 0x1F, 0xFF, 0xE0, 0x00, 0x01,
  0xFF, 0xFB, 0x80, 0x00, 0x1F, 0xFF, 0xE0, 0x00, 0x03, 0xFF, 0xFC, 0x00,
  0x00, 0x3F, 0xFF, 0x00, 0x00, 0x07, 0xFF, 0xC0, 0x00, 0x01, 0xFF, 0xF8,
  0x00, 0x00, 0x3F, 0xFE, 0x00, 0x00, 0x0F, 0xFF, 0xC0, 0x00, 0x03, 0xFF,
  0xF0, 0x00, 0x00, 0xFE, 0xFE, 0x00, 0x00, 0x3F, 0xBF, 0xC0, 0x00, 0x1F,
  0xCF, 0xF8, 0x00, 0x0F, 0xF3, 0xFF, 0x00, 0x07, 0xF8, 0xFF, 0xF8, 0x0F,
  0xFC, 0x3F, 0xFF, 0xFF, 0xFE, 0x07, 0xFF, 0xFF, 0xFE, 0x00, 0x01, 0xFF,
  0xFE, 0x00, 0x00, 0x0F, 0xFC, 0x00, 0x00, 0x00, 0x0E, 0x00, 0x00, 0x00,
  0x1C, 0x00, 0x00, 0x00, 0x78, 0x00, 0x00, 0x00, 0xF0, 0x00, 0x00, 0x01,
  0xE0, 0x00, 0x00, 0x07, 0xC0, 0x00, 0x00, 0x0F, 0x80, 0x00, 0x00, 0x1F,
  0x00, 0x00, 0x00, 0x7E, 0x00, 0x00, 0x00, 0xFC, 0x00, 0x00, 0x03, 0xF8,
  0x00, 0x00, 0x07, 0xF0, 0x00, 0x00, 0x1F, 0xE0, 0x00, 0x00, 0xFF, 0xC0,
  0x00, 0x1F, 0xFF, 0xFF, 0xFF, 0x7F, 0xFF, 0xFF, 0xFE, 0xFF, 0xFF, 0xFF,
  0xFD, 0xFF, 0xFF, 0xFF, 0xF0, 0x0F, 0xF8, 0x00, 0x00, 0x1F, 0xF0, 0x00,
  0x00, 0x3F, 0xE0, 0x00, 0x00, 0x7F, 0xC0, 0x00, 0x00, 0xFF, 0x80, 0x00,
  0x01, 0xFF, 0x00, 0x00, 0x03, 0xFE, 0x00, 0x00, 0x07, 0xFC, 0x00, 0x00,
  0x0F, 0xF8, 0x00, 0x00, 0x1F, 0xF0, 0x00, 0x00, 0x3F, 0xE0, 0x00, 0x00,
  0x7F, 0xC0, 0x00, 0x00, 0xFF, 0x80, 0x00, 0x01, 0xFF, 0x00, 0x00, 0x03,
  0xFE, 0x00, 0x00, 0x07, 0xFC, 0x00, 0x00, 0x0F, 0xF8, 0x00, 0x00, 0x1F,
  0xF0, 0x00, 0x00, 0x3F, 0xE0, 0x00, 0x00, 0x7F, 0xC0, 0x00, 0x00, 0xFF,
  0x80, 0x00, 0x01, 0xFF, 0x00, 0x00, 0x03, 0xFE, 0x00, 0x00, 0x07, 0xFC,
  0x00, 0x00, 0x0F, 0xF8, 0x00, 0x00, 0x1F, 0xF0, 0x00, 0x00, 0x3F, 0xE0,
  0x00, 0x00, 0x7F, 0xC0, 0x00, 0x00, 0xFF, 0x80, 0x00, 0x01, 0xFF, 0x00,
  0x00, 0x03, 0xFE, 0x00, 0x00, 0x07, 0xFC, 0x00, 0x00, 0x0F, 0xF8, 0x00,
  0x00, 0x1F, 0xF8, 0x00, 0x00, 0x3F, 0xF0, 0x00, 0x00, 0x7F, 0xE0, 0x00,
  0x00, 0x7F, 0xE0, 0x07, 0x00, 0xFF, 0xE0, 0x3F, 0x01, 0xFF, 0xFF, 0xFC,
  0x01, 0xFF, 0xFF, 0xF0, 0x01, 0xFF, 0xFF, 0x80, 0x00, 0xFF, 0xFC, 0x00,
  0x00, 0x7F, 0xC0, 0x00, 0x7F, 0xFF, 0x00, 0x3F, 0xFF, 0xE0, 0x7F, 0xFF,
  0x80, 0x1F, 0xFF, 0xF0, 0x3F, 0xFF, 0xC0, 0x0F, 0xFF, 0xF8, 0x0F, 0xFF,
  0xE0, 0x07, 0xFF, 0xFC, 0x00, 0x7F, 0xF0, 0x00, 0x0F, 0xFE, 0x00, 0x1F,
  0xF8, 0x00, 0x03, 0xFF, 0x00, 0x07, 0xFC, 0x00, 0x00, 0xFF, 0x80, 0x03,
  0xFE, 0x00, 0x00, 0x7F, 0xC0, 0x01, 0xFF, 0x00, 0x00, 0x3F, 0xE0, 0x00,
  0xFF, 0x80, 0x00, 0x1F, 0xF0, 0x00, 0x7F, 0xC0, 0x00, 0x0F, 0xF8, 0x00,
  0x3F, 0xE0, 0x00, 0x07, 0xFC, 0x00, 0x1F, 0xF0, 0x00, 0x03, 0xFE, 0x00,
  0x0F, 0xF8, 0x00, 0x01, 0xFF, 0x00, 0x07, 0xFC, 0x00, 0x00, 0xFF, 0x80,
  0x03, 0xFE, 0x00, 0x00, 0x7F, 0xC0, 0x01, 0xFF, 0x00, 0x00, 0x3F, 0xE0,
  0x00, 0xFF, 0x80, 0x00, 0x1F, 0xF0, 0x00, 0x7F, 0xC0, 0x00, 0x0F, 0xF8,
  0x00, 0x3F, 0xE0, 0x00, 0x07, 0xFC, 0x00, 0x1F, 0xF0, 0x00, 0x03, 0xFE,
  0x00, 0x0F, 0xF8, 0x00, 0x01, 0xFF, 0x00, 0x07, 0xFC, 0x00, 0x00, 0xFF,
  0x80, 0x03, 0xFE, 0x00, 0x00, 0x7F, 0xC0, 0x01, 0xFF, 0x00, 0x00, 0x3F,
  0xE0, 0x00, 0xFF, 0x80, 0x00, 0x1F, 0xF0, 0x00, 0x7F, 0xC0, 0x00, 0x0F,
  0xF8, 0x00, 0x3F, 0xE0, 0x00, 0x07, 0xFC, 0x00, 0x1F, 0xF0, 0x00, 0x03,
  0xFE, 0x00, 0x0F, 0xF8, 0x00, 0x01, 0xFF, 0x00, 0x07, 0xFC, 0x00, 0x00,
  0xFF, 0x80, 0x03, 0xFE, 0x00, 0x00, 0x7F, 0xC0, 0x01, 0xFF, 0x00, 0x00,
  0x3F, 0xE0, 0x00, 0xFF, 0x80, 0x00, 0x1F, 0xF0, 0x00, 0x7F, 0xC0, 0x00,
  0x0F, 0xF8, 0x00, 0x3F, 0xE0, 0x00, 0x07, 0xFC, 0x00, 0x1F, 0xF0, 0x00,
  0x07, 0xFE, 0x00, 0x0F, 0xFC, 0x00, 0x07, 0xFF, 0x00, 0x07, 0xFE, 0x00,
  0x07, 0xFF, 0x80, 0x01, 0xFF, 0x80, 0x0F, 0xFF, 0xC0, 0x00, 0xFF, 0xE0,
  0x1F, 0xFF, 0xE0, 0x00, 0x3F, 0xFF, 0xFF, 0xDF, 0xF8, 0x00, 0x1F, 0xFF,
  0xFF, 0xCF, 0xFF, 0xC0, 0x07, 0xFF, 0xFF, 0xC3, 0xFF, 0xF0, 0x01, 0xFF,
  0xFF, 0x81, 0xFF, 0xF0, 0x00, 0x3F, 0xFF, 0x00, 0x7F, 0xE0, 0x00, 0x03,
  0xFC, 0x00, 0x1F, 0xC0, 0x7F, 0xFF, 0xF8, 0x00, 0xFF, 0xFF, 0x3F, 0xFF,
  0xFF, 0x80, 0x7F, 0xFF, 0xFF, 0xFF, 0xFF, 0xE0, 0x1F, 0xFF, 0xFF, 0xFF,
  0xFF, 0xF8, 0x07, 0xFF, 0xFF, 0x1F, 0xFF, 0xE0, 0x00, 0x1F, 0xFE, 0x01,
  0xFF, 0xE0, 0x00, 0x00, 0xFE, 0x00, 0x3F, 0xF8, 0x00, 0x00, 0x3F, 0x00,
  0x07, 0xFE, 0x00, 0x00, 0x0F, 0x80, 0x01, 0xFF, 0x80, 0x00, 0x03, 0xE0,
  0x00, 0x3F, 0xF0, 0x00, 0x01, 0xF0, 0x00, 0x0F, 0xFC, 0x00, 0x00, 0x7C,
  0x00, 0x01, 0xFF, 0x00, 0x00, 0x1E, 0x00, 0x00, 0x7F, 0xE0, 0x00, 0x0F,
  0x80, 0x00, 0x0F, 0xF8, 0x00, 0x03, 0xE0, 0x00, 0x03, 0xFF, 0x00, 0x01,
  0xF0, 0x00, 0x00, 0xFF, 0xC0, 0x00, 0x7C, 0x00, 0x00, 0x1F, 0xF0, 0x00,
  0x1E, 0x00, 0x00, 0x07, 0xFE, 0x00, 0x0F, 0x80, 0x00, 0x00, 0xFF, 0x80,
  0x03, 0xC0, 0x00, 0x00, 0x3F, 0xE0, 0x01, 0xF0, 0x00, 0x00, 0x07, 0xFC,
  0x00, 0x7C, 0x00, 0x00, 0x01, 0xFF, 0x00, 0x1E, 0x00, 0x00, 0x00, 0x7F,
  0xE0, 0x0F, 0x80, 0x00, 0x00, 0x0F, 0xF8, 0x03, 0xC0, 0x00, 0x00, 0x03,
  0xFE, 0x00, 0xF0, 0x00, 0x00, 0x00, 0x7F, 0xC0, 0x7C, 0x00, 0x00, 0x00,
  0x1F, 0xF0, 0x1E, 0x00, 0x00, 0x00, 0x07, 0xFE, 0x0F, 0x80, 0x00, 0x00,
  0x00, 0xFF, 0x83, 0xC0, 0x00, 0x00, 0x00, 0x3F, 0xE0, 0xF0, 0x00, 0x00,
  0x00, 0x07, 0xFC, 0x7C, 0x00, 0x00, 0x00, 0x01, 0xFF, 0x1E, 0x00, 0x00,
  0x00, 0x00, 0x3F, 0xEF, 0x80, 0x00, 0x00, 0x00, 0x0F, 0xFB, 0xC0, 0x00,
  0x00, 0x00, 0x03, 0xFE, 0xF0, 0x00, 0x00, 0x00, 0x00, 0x7F, 0xF8, 0x00,
  0x00, 0x00, 0x00, 0x1F, 0xFE, 0x00, 0x00, 0x00, 0x00, 0x03, 0xFF, 0x80,
  0x00, 0x00, 0x00, 0x00, 0xFF, 0xC0, 0x00, 0x00, 0x00, 0x00, 0x3F, 0xF0,
  0x00, 0x00, 0x00, 0x00, 0x07, 0xF8, 0x00, 0x00, 0x00, 0x00, 0x01, 0xFE,
  0x00, 0x00, 0x00, 0x00, 0x00, 0x3F, 0x80, 0x00, 0x00, 0x00, 0x00, 0x0F,
  0xC0, 0x00, 0x00, 0x00, 0x00, 0x01, 0xF0, 0x00, 0x00, 0x00, 0x00, 0x00,
  0x78, 0x00, 0x00, 0x00, 0x00, 0x00, 0x1E, 0x00, 0x00, 0x00, 0x7F, 0xFF,
  0xF0, 0x00, 0x00, 0x00, 0x01, 0xFF, 0xFC, 0xFF, 0xFF, 0xFC, 0x00, 0x0F,
  0x00, 0x03, 0xFF, 0xFF, 0xFF, 0xFF, 0xFC, 0x00, 0x0F, 0x80, 0x03, 0xFF,
  0xFF, 0xFF, 0xFF, 0xFC, 0x00, 0x1F, 0x80, 0x03, 0xFF, 0xFF, 0x1F, 0xFF,
  0xC0, 0x00, 0x1F, 0x80, 0x00, 0x7F, 0xF8, 0x07, 0xFF, 0x00, 0x00, 0x1F,
  0xC0, 0x00, 0x07, 0xE0, 0x03, 0xFF, 0x00, 0x00, 0x3F, 0xC0, 0x00, 0x07,
  0xC0, 0x01, 0xFF, 0x00, 0x00, 0x3F, 0xE0, 0x00, 0x07, 0xC0, 0x01, 0xFF,
  0x00, 0x00, 0x3F, 0xE0, 0x00, 0x07, 0x80, 0x00, 0xFF, 0x80, 0x00, 0x7F,
  0xE0, 0x00, 0x0F, 0x80, 0x00, 0xFF, 0x80, 0x00, 0x7F, 0xF0, 0x00, 0x0F,
  0x00, 0x00, 0x7F, 0x80, 0x00, 0x7F, 0xF0, 0x00, 0x0F, 0x00, 0x00, 0x7F,
  0xC0, 0x00, 0xFF, 0xF0, 0x00, 0x1F, 0x00, 0x00, 0x7F, 0xC0, 0x00, 0xFF,
  0xF8, 0x00, 0x1E, 0x00, 0x00, 0x3F, 0xC0, 0x00, 0xFF, 0xF8, 0x00, 0x1E,
  0x00, 0x00, 0x3F, 0xE0, 0x01, 0xF7, 0xF8, 0x00, 0x3E, 0x00, 0x00, 0x3F,
  0xE0, 0x01, 0xE7, 0xFC, 0x00, 0x3C, 0x00, 0x00, 0x1F, 0xE0, 0x01, 0xE7,
  0xFC, 0x00, 0x3C, 0x00, 0x00, 0x1F, 0xF0, 0x03, 0xE3, 0xFE, 0x00, 0x7C,
  0x00, 0x00, 0x1F, 0xF0, 0x03, 0xC3, 0xFE, 0x00, 0x78, 0x00, 0x00, 0x0F,
  0xF8, 0x03, 0xC1, 0xFE, 0x00, 0x78, 0x00, 0x00, 0x0F, 0xF8, 0x07, 0xC1,
  0xFF, 0x00, 0xF8, 0x00, 0x00, 0x07, 0xF8, 0x07, 0x81, 0xFF, 0x00, 0xF0,
  0x00, 0x00, 0x07, 0xFC, 0x07, 0x80, 0xFF, 0x00, 0xF0, 0x00, 0x00, 0x07,
  0xFC, 0x07, 0x80, 0xFF, 0x81, 0xF0, 0x00, 0x00, 0x03, 0xFC, 0x0F, 0x00,
  0xFF, 0x81, 0xE0, 0x00, 0x00, 0x03, 0xFE, 0x0F, 0x00, 0x7F, 0x81, 0xE0,
  0x00, 0x00, 0x03, 0xFE, 0x0F, 0x00, 0x7F, 0xC3, 0xC0, 0x00, 0x00, 0x01,
  0xFF, 0x1E, 0x00, 0x7F, 0xC3, 0xC0, 0x00, 0x00, 0x01, 0xFF, 0x1E, 0x00,
  0x3F, 0xE3, 0xC0, 0x00, 0x00, 0x00, 0xFF, 0x1E, 0x00, 0x3F, 0xE7, 0x80,
  0x00, 0x00, 0x00, 0xFF, 0xBC, 0x00, 0x1F, 0xE7, 0x80, 0x00, 0x00, 0x00,
  0xFF, 0xBC, 0x00, 0x1F, 0xFF, 0x80, 0x00, 0x00, 0x00, 0x7F, 0xB8, 0x00,
  0x1F, 0xFF, 0x00, 0x00, 0x00, 0x00, 0x7F, 0xF8, 0x00, 0x0F, 0xFF, 0x00,
  0x00, 0x00, 0x00, 0x7F, 0xF8, 0x00, 0x0F, 0xFF, 0x00, 0x00, 0x00, 0x00,
  0x3F, 0xF0, 0x00, 0x0F, 0xFE, 0x00, 0x00, 0x00, 0x00, 0x3F, 0xF0, 0x00,
  0x07, 0xFE, 0x00, 0x00, 0x00, 0x00, 0x3F, 0xF0, 0x00, 0x07, 0xFE, 0x00,
  0x00, 0x00, 0x00, 0x1F, 0xE0, 0x00, 0x07, 0xFC, 0x00, 0x00, 0x00, 0x00,
  0x1F, 0xE0, 0x00, 0x03, 0xFC, 0x00, 0x00, 0x00, 0x00, 0x0F, 0xE0, 0x00,
  0x03, 0xFC, 0x00, 0x00, 0x00, 0x00, 0x0F, 0xC0, 0x00, 0x01, 0xF8, 0x00,
  0x00, 0x00, 0x00, 0x0F, 0xC0, 0x00, 0x01, 0xF8, 0x00, 0x00, 0x00, 0x00,
  0x07, 0xC0, 0x00, 0x01, 0xF8, 0x00, 0x00, 0x00, 0x00, 0x07, 0x80, 0x00,
  0x00, 0xF0, 0x00, 0x00, 0x00, 0x00, 0x07, 0x80, 0x00, 0x00, 0xF0, 0x00,
  0x00, 0x7F, 0xFF, 0xF8, 0x0F, 0xFF, 0xF3, 0xFF, 0xFF, 0xE0, 0x7F, 0xFF,
  0xEF, 0xFF, 0xFF, 0x81, 0xFF, 0xFF, 0x9F, 0xFF, 0xFC, 0x03, 0xFF, 0xFE,
  0x0F, 0xFF, 0x80, 0x00, 0xFF, 0x80, 0x0F, 0xFE, 0x00, 0x03, 0xF8, 0x00,
  0x1F, 0xFC, 0x00, 0x0F, 0xC0, 0x00, 0x3F, 0xF0, 0x00, 0x7E, 0x00, 0x00,
  0x7F, 0xE0, 0x01, 0xF0, 0x00, 0x01, 0xFF, 0x80, 0x0F, 0xC0, 0x00, 0x03,
  0xFF, 0x00, 0x3E, 0x00, 0x00, 0x07, 0xFE, 0x01, 0xF0, 0x00, 0x00, 0x1F,
  0xF8, 0x0F, 0xC0, 0x00, 0x00, 0x3F, 0xF0, 0x3E, 0x00, 0x00, 0x00, 0x7F,
  0xC1, 0xF0, 0x00, 0x00, 0x01, 0xFF, 0x8F, 0x80, 0x00, 0x00, 0x03, 0xFE,
  0x3E, 0x00, 0x00, 0x00, 0x07, 0xFD, 0xF0, 0x00, 0x00, 0x00, 0x1F, 0xF7,
  0x80, 0x00, 0x00, 0x00, 0x3F, 0xFE, 0x00, 0x00, 0x00, 0x00, 0x7F, 0xF0,
  0x00, 0x00, 0x00, 0x01, 0xFF, 0x80, 0x00, 0x00, 0x00, 0x03, 0xFF, 0x00,
  0x00, 0x00, 0x00, 0x07, 0xFE, 0x00, 0x00, 0x00, 0x00, 0x3F, 0xF8, 0x00,
  0x00, 0x00, 0x00, 0xFF, 0xF0, 0x00, 0x00, 0x00, 0x07, 0xFF, 0xE0, 0x00,
  0x00, 0x00, 0x3E, 0xFF, 0x80, 0x00, 0x00, 0x01, 0xF3, 0xFF, 0x00, 0x00,
  0x00, 0x07, 0xC7, 0xFE, 0x00, 0x00, 0x00, 0x3E, 0x1F, 0xFC, 0x00, 0x00,
  0x01, 0xF0, 0x3F, 0xF0, 0x00, 0x00, 0x0F, 0x80, 0x7F, 0xE0, 0x00, 0x00,
  0x3E, 0x01, 0xFF, 0xC0, 0x00, 0x01, 0xF0, 0x03, 0xFF, 0x00, 0x00, 0x0F,
  0x80, 0x07, 0xFE, 0x00, 0x00, 0x7E, 0x00, 0x1F, 0xFC, 0x00, 0x03, 0xF0,
  0x00, 0x3F, 0xF0, 0x00, 0x0F, 0x80, 0x00, 0x7F, 0xE0, 0x00, 0x7E, 0x00,
  0x01, 0xFF, 0xC0, 0x03, 0xF8, 0x00, 0x03, 0xFF, 0x80, 0x3F, 0xE0, 0x00,
  0x0F, 0xFF, 0x0F, 0xFF, 0xF8, 0x01, 0xFF, 0xFF, 0xBF, 0xFF, 0xF0, 0x0F,
  0xFF, 0xFF, 0xFF, 0xFF, 0xC0, 0x3F, 0xFF, 0xFF, 0xFF, 0xFE, 0x00, 0xFF,
  0xFF, 0xE0, 0x7F, 0xFF, 0xF8, 0x01, 0xFF, 0xFF, 0x7F, 0xFF, 0xFE, 0x01,
  0xFF, 0xFF, 0xFF, 0xFF, 0xFF, 0x00, 0xFF, 0xFF, 0xEF, 0xFF, 0xFF, 0x00,
  0x3F, 0xFF, 0xE0, 0xFF, 0xF0, 0x00, 0x00, 0xFF, 0x80, 0x1F, 0xF8, 0x00,
  0x00, 0x3F, 0x80, 0x0F, 0xFC, 0x00, 0x00, 0x1F, 0x80, 0x03, 0xFE, 0x00,
  0x00, 0x0F, 0x80, 0x00, 0xFF, 0x80, 0x00, 0x0F, 0xC0, 0x00, 0x7F, 0xC0,
  0x00, 0x07, 0xC0, 0x00, 0x3F, 0xE0, 0x00, 0x03, 0xE0, 0x00, 0x0F, 0xF8,
  0x00, 0x03, 0xF0, 0x00, 0x07, 0xFC, 0x00, 0x01, 0xF0, 0x00, 0x01, 0xFE,
  0x00, 0x00, 0xF8, 0x00, 0x00, 0xFF, 0x80, 0x00, 0xFC, 0x00, 0x00, 0x7F,
  0xC0, 0x00, 0x7C, 0x00, 0x00, 0x1F, 0xE0, 0x00, 0x3E, 0x00, 0x00, 0x0F,
  0xF8, 0x00, 0x3F, 0x00, 0x00, 0x07, 0xFC, 0x00, 0x1F, 0x00, 0x00, 0x01,
  0xFE, 0x00, 0x0F, 0x80, 0x00, 0x00, 0xFF, 0x80, 0x0F, 0xC0, 0x00, 0x00,
  0x3F, 0xC0, 0x07, 0xC0, 0x00, 0x00, 0x1F, 0xF0, 0x03, 0xE0, 0x00, 0x00,
  0x0F, 0xF8, 0x03, 0xE0, 0x00, 0x00, 0x03, 0xFC, 0x01, 0xF0, 0x00, 0x00,
  0x01, 0xFF, 0x00, 0xF8, 0x00, 0x00, 0x00, 0x7F, 0x80, 0xF8, 0x00, 0x00,
  0x00, 0x3F, 0xC0, 0x7C, 0x00, 0x00, 0x00, 0x1F, 0xF0, 0x3E, 0x00, 0x00,
  0x00, 0x07, 0xF8, 0x3E, 0x00, 0x00, 0x00, 0x03, 0xFC, 0x1F, 0x00, 0x00,
  0x00, 0x00, 0xFF, 0x0F, 0x80, 0x00, 0x00, 0x00, 0x7F, 0x8F, 0x80, 0x00,
  0x00, 0x00, 0x3F, 0xE7, 0xC0, 0x00, 0x00, 0x00, 0x0F, 0xF3, 0xC0, 0x00,
  0x00, 0x00, 0x07, 0xFB, 0xE0, 0x00, 0x00, 0x00, 0x03, 0xFF, 0xF0, 0x00,
  0x00, 0x00, 0x00, 0xFF, 0xF0, 0x00, 0x00, 0x00, 0x00, 0x7F, 0xF8, 0x00,
  0x00, 0x00, 0x00, 0x1F, 0xFC, 0x00, 0x00, 0x00, 0x00, 0x0F, 0xFC, 0x00,
  0x00, 0x00, 0x00, 0x07, 0xFE, 0x00, 0x00, 0x00, 0x00, 0x01, 0xFF, 0x00,
  0x00, 0x00, 0x00, 0x00, 0xFF, 0x00, 0x00, 0x00, 0x00, 0x00, 0x3F, 0x80,
  0x00, 0x00, 0x00, 0x00, 0x1F, 0xC0, 0x00, 0x00, 0x00, 0x00, 0x0F, 0xC0,
  0x00, 0x00, 0x00, 0x00, 0x03, 0xE0, 0x00, 0x00, 0x00, 0x00, 0x03, 0xE0,
  0x00, 0x00, 0x00, 0x00, 0x01, 0xF0, 0x00, 0x00, 0x00, 0x00, 0x00, 0xF8,
  0x00, 0x00, 0x00, 0x00, 0x00, 0xF8, 0x00, 0x00, 0x00, 0x00, 0x00, 0x7C,
  0x00, 0x00, 0x00, 0x00, 0x00, 0x7C, 0x00, 0x00, 0x00, 0x00, 0x00, 0x3E,
  0x00, 0x00, 0x00, 0x00, 0x00, 0x3F, 0x00, 0x00, 0x00, 0x03, 0x80, 0x1F,
  0x00, 0x00, 0x00, 0x03, 0xE0, 0x1F, 0x80, 0x00, 0x00, 0x03, 0xF8, 0x1F,
  0x80, 0x00, 0x00, 0x01, 0xFE, 0x0F, 0x80, 0x00, 0x00, 0x00, 0xFF, 0x9F,
  0xC0, 0x00, 0x00, 0x00, 0x7F, 0xFF, 0xC0, 0x00, 0x00, 0x00, 0x3F, 0xFF,
  0xC0, 0x00, 0x00, 0x00, 0x0F, 0xFF, 0xC0, 0x00, 0x00, 0x00, 0x03, 0xFF,
  0xE0, 0x00, 0x00, 0x00, 0x00, 0xFF, 0xC0, 0x00, 0x00, 0x00, 0x00, 0x1F,
  0x80, 0x00, 0x00, 0x00, 0x00, 0x1F, 0xFF, 0xFF, 0xFF, 0xF1, 0xFF, 0xFF,
  0xFF, 0xFF, 0xCF, 0xFF, 0xFF, 0xFF, 0xFE, 0x7F, 0xFF, 0xFF, 0xFF, 0xF3,
  0xFC, 0x00, 0x03, 0xFF, 0x1F, 0xC0, 0x00, 0x1F, 0xF0, 0xFC, 0x00, 0x01,
  0xFF, 0x87, 0xE0, 0x00, 0x1F, 0xF8, 0x3E, 0x00, 0x01, 0xFF, 0x81, 0xF0,
  0x00, 0x0F, 0xFC, 0x0F, 0x00, 0x00, 0xFF, 0xC0, 0x78, 0x00, 0x0F, 0xFC,
  0x03, 0xC0, 0x00, 0x7F, 0xE0, 0x1C, 0x00, 0x07, 0xFE, 0x00, 0xE0, 0x00,
  0x7F, 0xE0, 0x07, 0x00, 0x03, 0xFF, 0x00, 0x18, 0x00, 0x3F, 0xF0, 0x00,
  0x00, 0x03, 0xFF, 0x00, 0x00, 0x00, 0x1F, 0xF8, 0x00, 0x00, 0x01, 0xFF,
  0x80, 0x00, 0x00, 0x1F, 0xF8, 0x00, 0x00, 0x00, 0xFF, 0xC0, 0x00, 0x00,
  0x0F, 0xFC, 0x00, 0x00, 0x00, 0xFF, 0xC0, 0x00, 0x00, 0x07, 0xFE, 0x00,
  0x00, 0x00, 0x7F, 0xE0, 0x00, 0x00, 0x07, 0xFE, 0x00, 0x00, 0x00, 0x3F,
  0xF0, 0x00, 0x00, 0x03, 0xFF, 0x00, 0x00, 0x00, 0x3F, 0xF0, 0x00, 0x1C,
  0x03, 0xFF, 0x80, 0x01, 0xE0, 0x1F, 0xF8, 0x00, 0x0F, 0x01, 0xFF, 0x80,
  0x00, 0x78, 0x1F, 0xFC, 0x00, 0x03, 0xC0, 0xFF, 0xC0, 0x00, 0x3E, 0x0F,
  0xFC, 0x00, 0x01, 0xF0, 0xFF, 0xE0, 0x00, 0x1F, 0x87, 0xFE, 0x00, 0x00,
  0xFC, 0x7F, 0xE0, 0x00, 0x0F, 0xE7, 0xFE, 0x00, 0x00, 0x7F, 0x3F, 0xE0,
  0x00, 0x07, 0xFB, 0xFF, 0x00, 0x00, 0x7F, 0xFF, 0xFF, 0xFF, 0xFF, 0xFF,
  0xFF, 0xFF, 0xFF, 0xFF, 0xFF, 0xFF, 0xFF, 0xFF, 0xFF, 0xBF, 0xFF, 0xFF,
  0xFF, 0xF8, 0x00, 0x00, 0x00, 0xFF, 0xC0, 0x00, 0x01, 0xFF, 0xF0, 0x00,
  0x01, 0xFF, 0xFC, 0x00, 0x01, 0xFF, 0xFF, 0x00, 0x00, 0xFF, 0xC0, 0x00,
  0x00, 0x3F, 0xC0, 0x00, 0x00, 0x1F, 0xF0, 0x00, 0x00, 0x0F, 0xF8, 0x00,
  0x00, 0x03, 0xFE, 0x00, 0x00, 0x01, 0xFF, 0x00, 0x00, 0x00, 0x7F, 0xC0,
  0x00, 0x00, 0x1F, 0xF0, 0x00, 0x00, 0x07, 0xFC, 0x00, 0x00, 0x01, 0xFF,
  0x00, 0x00, 0x00, 0x7F, 0xC0, 0x00, 0x00, 0x1F, 0xF0, 0x00, 0x00, 0x07,
  0xFC, 0x00, 0x00, 0x01, 0xFF, 0x00, 0x00, 0x00, 0x7F, 0xC0, 0x00, 0x00,
  0x1F, 0xF0, 0x00, 0x00, 0x07, 0xFC, 0x00, 0x00, 0x01, 0xFF, 0x00, 0x00,
  0x00, 0x7F, 0xC0, 0x00, 0x00, 0x1F, 0xF0, 0x00, 0x00, 0x07, 0xFC, 0x00,
  0x00, 0x01, 0xFF, 0x00, 0x00, 0x00, 0x7F, 0xC0, 0x00, 0x00, 0x1F, 0xF0,
  0x00, 0x00, 0x07, 0xFC, 0x00, 0x00, 0x01, 0xFF, 0x00, 0x00, 0x00, 0x7F,
  0xC0, 0x00, 0x00, 0x1F, 0xF0, 0x00, 0x00, 0x07, 0xFC, 0x00, 0x00, 0x01,
  0xFE, 0x00, 0x00, 0x00, 0xFF, 0x80, 0x00, 0x00, 0x3F, 0xC0, 0x00, 0x00,
  0x1F, 0xF0, 0x00, 0x00, 0x0F, 0xF8, 0x00, 0x00, 0x0F, 0xFC, 0x00, 0x00,
  0x0F, 0xFE, 0x00, 0x00, 0xFF, 0xFE, 0x00, 0x00, 0x3F, 0xFC, 0x00, 0x00,
  0x0F, 0xF0, 0x00, 0x00, 0x03, 0xFF, 0xC0, 0x00, 0x00, 0xFF, 0xFC, 0x00,
  0x00, 0x00, 0xFF, 0xC0, 0x00, 0x00, 0x0F, 0xF8, 0x00, 0x00, 0x00, 0xFF,
  0x00, 0x00, 0x00, 0x1F, 0xE0, 0x00, 0x00, 0x03, 0xFC, 0x00, 0x00, 0x00,
  0xFF, 0x80, 0x00, 0x00, 0x1F, 0xE0, 0x00, 0x00, 0x07, 0xFC, 0x00, 0x00,
  0x01, 0xFF, 0x00, 0x00, 0x00, 0x7F, 0xC0, 0x00, 0x00, 0x1F, 0xF0, 0x00,
  0x00, 0x07, 0xFC, 0x00, 0x00, 0x01, 0xFF, 0x00, 0x00, 0x00, 0x7F, 0xC0,
  0x00, 0x00, 0x1F, 0xF0, 0x00, 0x00, 0x07, 0xFC, 0x00, 0x00, 0x01, 0xFF,
  0x00, 0x00, 0x00, 0x7F, 0xC0, 0x00, 0x00, 0x1F, 0xF0, 0x00, 0x00, 0x07,
  0xFC, 0x00, 0x00, 0x01, 0xFF, 0x00, 0x00, 0x00, 0x7F, 0xC0, 0x00, 0x00,
  0x1F, 0xF0, 0x00, 0x00, 0x07, 0xFC, 0x00, 0x00, 0x01, 0xFF, 0x00, 0x00,
  0x00, 0x7F, 0xC0, 0x00, 0x00, 0x1F, 0xF0, 0x00, 0x00, 0x07, 0xFC, 0x00,
  0x00, 0x01, 0xFF, 0x00, 0x00, 0x00, 0x7F, 0xC0, 0x00, 0x00, 0x1F, 0xF0,
  0x00, 0x00, 0x03, 0xFC, 0x00, 0x00, 0x00, 0xFF, 0x80, 0x00, 0x00, 0x3F,
  0xE0, 0x00, 0x00, 0x07, 0xFC, 0x00, 0x00, 0x00, 0xFF, 0x00, 0x00, 0x00,
  0x3F, 0xF0, 0x00, 0x00, 0x03, 0xFF, 0xFC, 0x00, 0x00, 0x7F, 0xFF, 0x00,
  0x00, 0x07, 0xFF, 0xC0, 0x00, 0x00, 0x3F, 0xF0, 0xFF, 0xFF, 0xFF, 0xFF,
  0xFF, 0xFF, 0xFF, 0xFF, 0xFF, 0xFF, 0xFF, 0xFF, 0xFF, 0xFF, 0xFF, 0xFF,
  0xFF, 0xFF, 0xFF, 0xFF, 0xFF, 0xFF, 0xFF, 0xFF, 0xFF, 0xFF, 0xFF, 0xFF,
  0xFF, 0xFF, 0xFF, 0xFF, 0xFF, 0xFF, 0xFF, 0xFF, 0xFF, 0xFF, 0xFF, 0xFF,
  0xFF, 0xFF, 0xFF, 0xFF, 0xFF, 0xFF, 0xFF, 0xFF, 0xFF, 0xFF, 0xFF, 0xFF,
  0xFF, 0xFF, 0xFF, 0xFF, 0xFF, 0xFF, 0xFF, 0xFF, 0xFF, 0xFF, 0xFF, 0xFF,
  0xFF, 0xFF, 0xFF, 0xFF, 0xFF, 0xFF, 0xFF, 0xFF, 0xFF, 0xFF, 0xFF, 0xFF,
  0xFF, 0xFF, 0xC0, 0x00, 0x00, 0x1F, 0xFF, 0x00, 0x00, 0x03, 0xFF, 0xF8,
  0x00, 0x00, 0x7F, 0xFF, 0xC0, 0x00, 0x00, 0x0F, 0xFC, 0x00, 0x00, 0x00,
  0x7F, 0x80, 0x00, 0x00, 0x0F, 0xF8, 0x00, 0x00, 0x00, 0xFF, 0x80, 0x00,
  0x00, 0x1F, 0xF0, 0x00, 0x00, 0x01, 0xFE, 0x00, 0x00, 0x00, 0x3F, 0xE0,
  0x00, 0x00, 0x07, 0xFC, 0x00, 0x00, 0x00, 0xFF, 0x80, 0x00, 0x00, 0x1F,
  0xF0, 0x00, 0x00, 0x03, 0xFE, 0x00, 0x00, 0x00, 0x7F, 0xC0, 0x00, 0x00,
  0x0F, 0xF8, 0x00, 0x00, 0x01, 0xFF, 0x00, 0x00, 0x00, 0x3F, 0xE0, 0x00,
  0x00, 0x07, 0xFC, 0x00, 0x00, 0x00, 0xFF, 0x80, 0x00, 0x00, 0x1F, 0xF0,
  0x00, 0x00, 0x03, 0xFE, 0x00, 0x00, 0x00, 0x7F, 0xC0, 0x00, 0x00, 0x0F,
  0xF8, 0x00, 0x00, 0x01, 0xFF, 0x00, 0x00, 0x00, 0x3F, 0xE0, 0x00, 0x00,
  0x07, 0xFC, 0x00, 0x00, 0x00, 0xFF, 0x80, 0x00, 0x00, 0x1F, 0xF0, 0x00,
  0x00, 0x03, 0xFE, 0x00, 0x00, 0x00, 0x7F, 0xC0, 0x00, 0x00, 0x0F, 0xF8,
  0x00, 0x00, 0x00, 0xFF, 0x00, 0x00, 0x00, 0x1F, 0xF0, 0x00, 0x00, 0x01,
  0xFE, 0x00, 0x00, 0x00, 0x3F, 0xE0, 0x00, 0x00, 0x03, 0xFE, 0x00, 0x00,
  0x00, 0x3F, 0xF0, 0x00, 0x00, 0x01, 0xFF, 0x80, 0x00, 0x00, 0x0F, 0xFF,
  0xE0, 0x00, 0x00, 0x7F, 0xFC, 0x00, 0x00, 0x00, 0x7F, 0x80, 0x00, 0x00,
  0xFF, 0xF0, 0x00, 0x00, 0xFF, 0xFE, 0x00, 0x00, 0x7F, 0xE0, 0x00, 0x00,
  0x1F, 0xF0, 0x00, 0x00, 0x07, 0xF8, 0x00, 0x00, 0x01, 0xFE, 0x00, 0x00,
  0x00, 0x7F, 0x80, 0x00, 0x00, 0x1F, 0xF0, 0x00, 0x00, 0x03, 0xFC, 0x00,
  0x00, 0x00, 0xFF, 0x80, 0x00, 0x00, 0x1F, 0xF0, 0x00, 0x00, 0x03, 0xFE,
  0x00, 0x00, 0x00, 0x7F, 0xC0, 0x00, 0x00, 0x0F, 0xF8, 0x00, 0x00, 0x01,
  0xFF, 0x00, 0x00, 0x00, 0x3F, 0xE0, 0x00, 0x00, 0x07, 0xFC, 0x00, 0x00,
  0x00, 0xFF, 0x80, 0x00, 0x00, 0x1F, 0xF0, 0x00, 0x00, 0x03, 0xFE, 0x00,
  0x00, 0x00, 0x7F, 0xC0, 0x00, 0x00, 0x0F, 0xF8, 0x00, 0x00, 0x01, 0xFF,
  0x00, 0x00, 0x00, 0x3F, 0xE0, 0x00, 0x00, 0x07, 0xFC, 0x00, 0x00, 0x00,
  0xFF, 0x80, 0x00, 0x00, 0x1F, 0xF0, 0x00, 0x00, 0x03, 0xFE, 0x00, 0x00,
  0x00, 0x7F, 0xC0, 0x00, 0x00, 0x0F, 0xF8, 0x00, 0x00, 0x01, 0xFF, 0x00,
  0x00, 0x00, 0x3F, 0xE0, 0x00, 0x00, 0x07, 0xFC, 0x00, 0x00, 0x00, 0xFF,
  0x00, 0x00, 0x00, 0x3F, 0xE0, 0x00, 0x00, 0x07, 0xFC, 0x00, 0x00, 0x01,
  0xFF, 0x00, 0x00, 0x00, 0x3F, 0xC0, 0x00, 0x00, 0x1F, 0xF0, 0x00, 0x03,
  0xFF, 0xFC, 0x00, 0x00, 0x7F, 0xFF, 0x00, 0x00, 0x0F, 0xFF, 0x80, 0x00,
  0x01, 0xFF, 0x80, 0x00, 0x00, 0x00, 0x00, 0x7F, 0x80, 0x00, 0x01, 0xC0,
  0x3F, 0xFC, 0x00, 0x00, 0x78, 0x0F, 0xFF, 0xE0, 0x00, 0x0F, 0x03, 0xFF,
  0xFF, 0x00, 0x03, 0xE0, 0xFF, 0xFF, 0xF8, 0x00, 0xF8, 0x3F, 0xFF, 0xFF,
  0xE0, 0x7F, 0x0F, 0xFF, 0xFF, 0xFF, 0xFF, 0xC1, 0xFC, 0x0F, 0xFF, 0xFF,
  0xF0, 0x7E, 0x00, 0x7F, 0xFF, 0xFE, 0x0F, 0x80, 0x01, 0xFF, 0xFF, 0x83,
  0xE0, 0x00, 0x0F, 0xFF, 0xE0, 0x78, 0x00, 0x00, 0x7F, 0xF0, 0x06, 0x00,
  0x00, 0x03, 0xF8, 0x00 };

const GFXglyph Gelasio48pt7bGlyphs[] PROGMEM = {
  {     0,   1,   1,  23,    0,    0 },   // 0x20 ' '
  {     1,  13,  72,  31,    9,  -70 },   // 0x21 '!'
  {   118,  30,  33,  39,    7,  -77 },   // 0x22 '"'
  {   242,  51,  66,  61,    5,  -65 },   // 0x23 '#'
  {   663,  44,  83,  58,    7,  -71 },   // 0x24 '$'
  {  1120,  67,  69,  77,    5,  -67 },   // 0x25 '%'
  {  1698,  61,  68,  66,    3,  -66 },   // 0x26 '&'
  {  2217,  11,  33,  20,    6,  -77 },   // 0x27 '''
  {  2263,  27,  87,  35,    4,  -70 },   // 0x28 '('
  {  2557,  28,  87,  36,    4,  -70 },   // 0x29 ')'
  {  2862,  38,  38,  44,    3,  -71 },   // 0x2A '*'
  {  3043,  45,  46,  61,    8,  -48 },   // 0x2B '+'
  {  3302,  13,  29,  25,    6,  -11 },   // 0x2C ','
  {  3350,  25,   6,  35,    5,  -28 },   // 0x2D '-'
  {  3369,  13,  13,  25,    6,  -11 },   // 0x2E '.'
  {  3391,  28,  95,  44,    8,  -74 },   // 0x2F '/'
  {  3724,  45,  57,  59,    7,  -55 },   // 0x30 '0'
  {  4045,  30,  55,  40,    6,  -54 },   // 0x31 '1'
  {  4252,  43,  56,  53,    5,  -55 },   // 0x32 '2'
  {  4553,  44,  74,  52,    4,  -55 },   // 0x33 '3'
  {  4960,  48,  71,  53,    3,  -55 },   // 0x34 '4'
  {  5386,  43,  73,  50,    3,  -54 },   // 0x35 '5'
  {  5779,  44,  72,  52,    4,  -70 },   // 0x36 '6'
  {  6175,  43,  71,  47,    3,  -54 },   // 0x37 '7'
  {  6557,  43,  68,  55,    6,  -66 },   // 0x38 '8'
  {  6923,  44,  72,  52,    4,  -54 },   // 0x39 '9'
  {  7319,  13,  47,  29,    9,  -45 },   // 0x3A ':'
  {  7396,  14,  63,  29,    7,  -45 },   // 0x3B ';'
  {  7507,  42,  50,  61,    8,  -50 },   // 0x3C '<'
  {  7770,  43,  31,  61,    9,  -40 },   // 0x3D '='
  {  7937,  42,  50,  61,   10,  -50 },   // 0x3E '>'
  {  8200,  39,  72,  45,    3,  -70 },   // 0x3F '?'
  {  8551,  75,  80,  88,    7,  -63 },   // 0x40 '@'
  {  9301,  66,  67,  63,   -1,  -66 },   // 0x41 'A'
  {  9854,  55,  66,  62,    3,  -65 },   // 0x42 'B'
  { 10308,  53,  68,  60,    3,  -66 },   // 0x43 'C'
  { 10759,  63,  65,  71,    4,  -64 },   // 0x44 'D'
  { 11271,  53,  65,  61,    4,  -64 },   // 0x45 'E'
  { 11702,  51,  65,  57,    4,  -64 },   // 0x46 'F'
  { 12117,  62,  68,  68,    4,  -66 },   // 0x47 'G'
  { 12644,  68,  66,  76,    4,  -65 },   // 0x48 'H'
  { 13205,  27,  66,  37,    5,  -65 },   // 0x49 'I'
  { 13428,  43,  67,  48,    2,  -65 },   // 0x4A 'J'
  { 13789,  61,  66,  65,    4,  -65 },   // 0x4B 'K'
  { 14293,  50,  66,  57,    4,  -65 },   // 0x4C 'L'
  { 14706,  80,  66,  88,    4,  -64 },   // 0x4D 'M'
  { 15366,  68,  67,  72,    2,  -65 },   // 0x4E 'N'
  { 15936,  61,  68,  69,    4,  -66 },   // 0x4F 'O'
  { 16455,  50,  67,  57,    4,  -66 },   // 0x50 'P'
  { 16874,  61,  87,  69,    4,  -66 },   // 0x51 'Q'
  { 17538,  61,  66,  65,    4,  -65 },   // 0x52 'R'
  { 18042,  44,  69,  53,    5,  -67 },   // 0x53 'S'
  { 18422,  55,  65,  59,    2,  -64 },   // 0x54 'T'
  { 18869,  65,  67,  70,    3,  -65 },   // 0x55 'U'
  { 19414,  67,  67,  62,   -2,  -65 },   // 0x56 'V'
  { 19976,  94,  67,  92,    0,  -65 },   // 0x57 'W'
  { 20764,  62,  66,  67,    1,  -65 },   // 0x58 'X'
  { 21276,  62,  66,  58,   -2,  -65 },   // 0x59 'Y'
  { 21788,  51,  66,  57,    3,  -65 },   // 0x5A 'Z'
  { 22209,  21,  86,  36,    8,  -70 },   // 0x5B '['
  { 22435,  28,  95,  44,    2,  -69 },   // 0x5C '\'
  { 22768,  21,  86,  36,    7,  -70 },   // 0x5D ']'
  { 22994,  49,  53,  60,    6,  -66 },   // 0x5E '^'
  { 23319,  63,   5,  61,   -1,   10 },   // 0x5F '_'
  { 23359,  22,  22,  47,   15,  -72 },   // 0x60 '`'
  { 23420,  42,  48,  47,    4,  -46 },   // 0x61 'a'
  { 23672,  50,  74,  52,   -2,  -72 },   // 0x62 'b'
  { 24135,  37,  48,  42,    3,  -46 },   // 0x63 'c'
  { 24357,  48,  74,  54,    4,  -72 },   // 0x64 'd'
  { 24801,  39,  48,  45,    3,  -46 },   // 0x65 'e'
  { 25035,  32,  73,  31,    3,  -72 },   // 0x66 'f'
  { 25327,  46,  70,  48,    3,  -47 },   // 0x67 'g'
  { 25730,  53,  72,  55,    1,  -71 },   // 0x68 'h'
  { 26207,  24,  67,  28,    2,  -66 },   // 0x69 'i'
  { 26408,  22,  88,  27,   -3,  -66 },   // 0x6A 'j'
  { 26650,  50,  72,  51,    1,  -71 },   // 0x6B 'k'
  { 27100,  25,  72,  28,    0,  -71 },   // 0x6C 'l'
  { 27325,  80,  47,  83,    2,  -46 },   // 0x6D 'm'
  { 27795,  53,  47,  56,    2,  -46 },   // 0x6E 'n'
  { 28107,  44,  48,  52,    4,  -46 },   // 0x6F 'o'
  { 28371,  49,  67,  54,    1,  -46 },   // 0x70 'p'
  { 28782,  48,  67,  52,    4,  -46 },   // 0x71 'q'
  { 29184,  35,  47,  39,    3,  -46 },   // 0x72 'r'
  { 29390,  34,  49,  40,    3,  -47 },   // 0x73 's'
  { 29599,  31,  61,  33,    1,  -59 },   // 0x74 't'
  { 29836,  49,  47,  54,    2,  -45 },   // 0x75 'u'
  { 30124,  50,  47,  48,   -1,  -46 },   // 0x76 'v'
  { 30418,  72,  47,  70,   -2,  -46 },   // 0x77 'w'
  { 30841,  46,  46,  48,    1,  -45 },   // 0x78 'x'
  { 31106,  49,  67,  47,   -1,  -45 },   // 0x79 'y'
  { 31517,  37,  46,  42,    2,  -45 },   // 0x7A 'z'
  { 31730,  34,  86,  40,    3,  -70 },   // 0x7B '{'
  { 32096,   7,  88,  35,   14,  -70 },   // 0x7C '|'
  { 32173,  35,  86,  41,    3,  -70 },   // 0x7D '}'
  { 32550,  43,  13,  60,    9,  -32 } }; // 0x7E '~'

const GFXfont Gelasio48pt7b PROGMEM = {
  (uint8_t  *)Gelasio48pt7bBitmaps,
  (GFXglyph *)Gelasio48pt7bGlyphs,
  0x20, 0x7E, 119 };

// Approx. 33292 bytes
