// Gelasio 40 pt, ASCII 0x20..0x7E, for the speed reader (src/rsvp.cpp).
// Generated with Adafruit fontconvert from Gelasio (SorkinType, github.com/SorkinType/Gelasio),
// SIL Open Font License 1.1, see fonts/Gelasio-OFL.txt. Metric compatible with Georgia.
#pragma once

#include <Adafruit_GFX.h>

const uint8_t Gelasio40pt7bBitmaps[] PROGMEM = {
  0x00, 0x00, 0x07, 0xE1, 0xFE, 0x7F, 0xEF, 0xFD, 0xFF, 0xBF, 0xF7, 0xFE,
  0xFF, 0xDF, 0xFB, 0xFE, 0x7F, 0xC7, 0xF8, 0xFF, 0x1F, 0xE3, 0xFC, 0x7F,
  0x8F, 0xE1, 0xFC, 0x3F, 0x87, 0xF0, 0x7E, 0x0F, 0xC1, 0xF8, 0x3F, 0x07,
  0xE0, 0xFC, 0x1F, 0x03, 0xE0, 0x7C, 0x0F, 0x80, 0xF0, 0x1E, 0x03, 0xC0,
  0x78, 0x0F, 0x01, 0xE0, 0x3C, 0x07, 0x80, 0xF0, 0x1E, 0x03, 0xC0, 0x78,
  0x00, 0x00, 0x00, 0x00, 0x00, 0x00, 0x00, 0x00, 0x00, 0x00, 0x7C, 0x3F,
  0xC7, 0xFD, 0xFF, 0xFF, 0xFF, 0xFF, 0xFF, 0xEF, 0xF8, 0xFE, 0x0F, 0x80,
  0x00, 0x00, 0x00, 0x1F, 0x80, 0x1F, 0x0F, 0xC0, 0x1F, 0xCF, 0xF0, 0x1F,
  0xEF, 0xF8, 0x0F, 0xF7, 0xFC, 0x07, 0xFB, 0xFE, 0x03, 0xFD, 0xFE, 0x01,
  0xFE, 0xFF, 0x01, 0xFF, 0x7F, 0x80, 0xFF, 0x3F, 0x80, 0x7F, 0x9F, 0xC0,
  0x3F, 0xCF, 0xE0, 0x1F, 0xC7, 0xF0, 0x0F, 0xE3, 0xF0, 0x07, 0xF1, 0xF8,
  0x03, 0xF0, 0xFC, 0x01, 0xF8, 0x7C, 0x00, 0xFC, 0x3E, 0x00, 0x7E, 0x1F,
  0x00, 0x3E, 0x0F, 0x00, 0x1F, 0x07, 0x80, 0x0F, 0x83, 0xC0, 0x07, 0x81,
  0xC0, 0x03, 0xC0, 0xE0, 0x01, 0xE0, 0x70, 0x00, 0xE0, 0x38, 0x00, 0x70,
  0x18, 0x00, 0x38, 0x00, 0x00, 0x01, 0xF8, 0x00, 0xF8, 0x00, 0x00, 0x3F,
  0x00, 0x1F, 0x00, 0x00, 0x07, 0xE0, 0x03, 0xE0, 0x00, 0x00, 0xF8, 0x00,
  0xFC, 0x00, 0x00, 0x1F, 0x00, 0x1F, 0x80, 0x00, 0x07, 0xE0, 0x03, 0xF0,
  0x00, 0x00, 0xFC, 0x00, 0x7C, 0x00, 0x00, 0x1F, 0x80, 0x0F, 0x80, 0x00,
  0x03, 0xE0, 0x03, 0xF0, 0x00, 0x00, 0x7C, 0x00, 0x7E, 0x00, 0x00, 0x1F,
  0x80, 0x0F, 0xC0, 0x00, 0x03, 0xF0, 0x01, 0xF0, 0x00, 0x00, 0x7E, 0x00,
  0x3E, 0x00, 0x00, 0x0F, 0x80, 0x0F, 0xC0, 0x00, 0x01, 0xF0, 0x01, 0xF8,
  0x01, 0xFF, 0xFF, 0xFF, 0xFF, 0xFF, 0x3F, 0xFF, 0xFF, 0xFF, 0xFF, 0xE7,
  0xFF, 0xFF, 0xFF, 0xFF, 0xFC, 0xFF, 0xFF, 0xFF, 0xFF, 0xFF, 0x9F, 0xFF,
  0xFF, 0xFF, 0xFF, 0xF0, 0x00, 0xF8, 0x00, 0xFC, 0x00, 0x00, 0x3F, 0x00,
  0x1F, 0x80, 0x00, 0x07, 0xE0, 0x03, 0xE0, 0x00, 0x00, 0xFC, 0x00, 0x7C,
  0x00, 0x00, 0x1F, 0x00, 0x1F, 0x80, 0x00, 0x03, 0xE0, 0x03, 0xF0, 0x00,
  0x00, 0xFC, 0x00, 0x7E, 0x00, 0x00, 0x1F, 0x80, 0x0F, 0x80, 0x00, 0x03,
  0xF0, 0x01, 0xF0, 0x00, 0x00, 0x7C, 0x00, 0x7E, 0x00, 0x00, 0x0F, 0x80,
  0x0F, 0xC0, 0x00, 0x03, 0xF0, 0x01, 0xF8, 0x00, 0x00, 0x7E, 0x00, 0x3E,
  0x00, 0x00, 0x0F, 0xC0, 0x07, 0xC0, 0x03, 0xFF, 0xFF, 0xFF, 0xFF, 0xFC,
  0x7F, 0xFF, 0xFF, 0xFF, 0xFF, 0x8F, 0xFF, 0xFF, 0xFF, 0xFF, 0xF1, 0xFF,
  0xFF, 0xFF, 0xFF, 0xFE, 0x3F, 0xFF, 0xFF, 0xFF, 0xFF, 0xC0, 0x07, 0xE0,
  0x03, 0xE0, 0x00, 0x00, 0xF8, 0x00, 0xFC, 0x00, 0x00, 0x1F, 0x00, 0x1F,
  0x80, 0x00, 0x07, 0xE0, 0x03, 0xF0, 0x00, 0x00, 0xFC, 0x00, 0x7C, 0x00,
  0x00, 0x1F, 0x80, 0x0F, 0x80, 0x00, 0x03, 0xE0, 0x03, 0xF0, 0x00, 0x00,
  0x7C, 0x00, 0x7E, 0x00, 0x00, 0x0F, 0x80, 0x0F, 0xC0, 0x00, 0x03, 0xF0,
  0x01, 0xF0, 0x00, 0x00, 0x7E, 0x00, 0x3E, 0x00, 0x00, 0x0F, 0x80, 0x07,
  0xC0, 0x00, 0x01, 0xF0, 0x01, 0xF8, 0x00, 0x00, 0x3E, 0x00, 0x3F, 0x00,
  0x00, 0x0F, 0xC0, 0x07, 0xE0, 0x00, 0x01, 0xF8, 0x00, 0xF8, 0x00, 0x00,
  0x00, 0x00, 0x78, 0x00, 0x00, 0x00, 0x07, 0x80, 0x00, 0x00, 0x00, 0x78,
  0x00, 0x00, 0x00, 0x07, 0x80, 0x00, 0x00, 0x00, 0x78, 0x00, 0x00, 0x00,
  0x07, 0x80, 0x00, 0x00, 0x00, 0x78, 0x00, 0x00, 0x00, 0x07, 0x80, 0x00,
  0x00, 0x07, 0xFE, 0x00, 0x00, 0x03, 0xFF, 0xFC, 0x78, 0x00, 0xFF, 0xFF,
  0xFF, 0x80, 0x1F, 0xE0, 0x3F, 0xF8, 0x03, 0xF8, 0x00, 0xFF, 0x80, 0x7F,
  0x00, 0x03, 0xF8, 0x0F, 0xE0, 0x00, 0x1F, 0x81, 0xFE, 0x00, 0x00, 0xF8,
  0x1F, 0xC0, 0x00, 0x0F, 0x83, 0xFC, 0x00, 0x00, 0x78, 0x3F, 0xC0, 0x00,
  0x07, 0x83, 0xFC, 0x00, 0x00, 0x38, 0x3F, 0xC0, 0x00, 0x03, 0xC3, 0xFC,
  0x00, 0x00, 0x3C, 0x3F, 0xE0, 0x00, 0x03, 0xC3, 0xFE, 0x00, 0x00, 0x18,
  0x3F, 0xF0, 0x00, 0x00, 0x01, 0xFF, 0x80, 0x00, 0x00, 0x1F, 0xFE, 0x00,
  0x00, 0x01, 0xFF, 0xF0, 0x00, 0x00, 0x0F, 0xFF, 0xC0, 0x00, 0x00, 0x7F,
  0xFF, 0x00, 0x00, 0x03, 0xFF, 0xFC, 0x00, 0x00, 0x1F, 0xFF, 0xE0, 0x00,
  0x00, 0xFF, 0xFF, 0x80, 0x00, 0x07, 0xFF, 0xFE, 0x00, 0x00, 0x1F, 0xFF,
  0xF0, 0x00, 0x00, 0xFF, 0xFF, 0xC0, 0x00, 0x03, 0xFF, 0xFE, 0x00, 0x00,
  0x0F, 0xFF, 0xF0, 0x00, 0x00, 0x3F, 0xFF, 0x80, 0x00, 0x00, 0xFF, 0xFC,
  0x00, 0x00, 0x03, 0xFF, 0xCE, 0x00, 0x00, 0x1F, 0xFE, 0xE0, 0x00, 0x00,
  0x7F, 0xEF, 0x00, 0x00, 0x03, 0xFF, 0xF0, 0x00, 0x00, 0x1F, 0xFF, 0x00,
  0x00, 0x01, 0xFF, 0xF8, 0x00, 0x00, 0x0F, 0xFF, 0x80, 0x00, 0x00, 0xFF,
  0xF8, 0x00, 0x00, 0x0F, 0xFF, 0xC0, 0x00, 0x00, 0xFF, 0x7C, 0x00, 0x00,
  0x0F, 0xF7, 0xE0, 0x00, 0x00, 0xFE, 0x7F, 0x00, 0x00, 0x1F, 0xE7, 0xF8,
  0x00, 0x01, 0xFE, 0x7F, 0xC0, 0x00, 0x3F, 0xC7, 0xFE, 0x00, 0x03, 0xF8,
  0x7F, 0xF8, 0x00, 0xFF, 0x07, 0x9F, 0xF0, 0x3F, 0xE0, 0x60, 0x7F, 0xFF,
  0xFC, 0x00, 0x01, 0xFF, 0xFF, 0x00, 0x00, 0x03, 0xFF, 0x80, 0x00, 0x00,
  0x07, 0x80, 0x00, 0x00, 0x00, 0x78, 0x00, 0x00, 0x00, 0x07, 0x80, 0x00,
  0x00, 0x00, 0x78, 0x00, 0x00, 0x00, 0x07, 0x80, 0x00, 0x00, 0x00, 0x78,
  0x00, 0x00, 0x00, 0x07, 0x80, 0x00, 0x00, 0x00, 0x78, 0x00, 0x00, 0x00,
  0x07, 0x80, 0x00, 0x00, 0x7F, 0x80, 0x00, 0x00, 0x00, 0x00, 0x01, 0xFF,
  0xE0, 0x00, 0x00, 0xF8, 0x00, 0x07, 0xFF, 0xF8, 0x00, 0x01, 0xF8, 0x00,
  0x0F, 0xC1, 0xFC, 0x00, 0x03, 0xF0, 0x00, 0x1F, 0x00, 0xFE, 0x00, 0x03,
  0xF0, 0x00, 0x3F, 0x00, 0x7F, 0x00, 0x07, 0xE0, 0x00, 0x3E, 0x00, 0x3F,
  0x00, 0x07, 0xC0, 0x00, 0x7E, 0x00, 0x3F, 0x80, 0x0F, 0xC0, 0x00, 0x7E,
  0x00, 0x3F, 0x80, 0x0F, 0x80, 0x00, 0x7C, 0x00, 0x1F, 0x80, 0x1F, 0x80,
  0x00, 0xFC, 0x00, 0x1F, 0xC0, 0x1F, 0x00, 0x00, 0xFC, 0x00, 0x1F, 0xC0,
  0x3F, 0x00, 0x00, 0xFC, 0x00, 0x1F, 0xC0, 0x3E, 0x00, 0x00, 0xFC, 0x00,
  0x1F, 0xC0, 0x7E, 0x00, 0x00, 0xFC, 0x00, 0x1F, 0xC0, 0xFC, 0x00, 0x00,
  0xFC, 0x00, 0x1F, 0xC0, 0xF8, 0x00, 0x00, 0xFC, 0x00, 0x1F, 0xC1, 0xF8,
  0x00, 0x00, 0xFC, 0x00, 0x1F, 0xC1, 0xF0, 0x00, 0x00, 0xFC, 0x00, 0x1F,
  0xC3, 0xF0, 0x00, 0x00, 0x7C, 0x00, 0x1F, 0x83, 0xE0, 0x00, 0x00, 0x7E,
  0x00, 0x3F, 0x87, 0xE0, 0x00, 0x00, 0x7E, 0x00, 0x3F, 0x87, 0xC0, 0x00,
  0x00, 0x3E, 0x00, 0x3F, 0x0F, 0xC0, 0x00, 0x00, 0x3F, 0x00, 0x7F, 0x1F,
  0x80, 0x00, 0x00, 0x1F, 0x00, 0x7E, 0x1F, 0x00, 0x00, 0x00, 0x0F, 0xC1,
  0xFC, 0x3F, 0x00, 0x00, 0x00, 0x07, 0xFF, 0xF8, 0x3E, 0x00, 0x00, 0x00,
  0x03, 0xFF, 0xE0, 0x7E, 0x00, 0x00, 0x00, 0x00, 0x7F, 0x80, 0x7C, 0x00,
  0x00, 0x00, 0x00, 0x00, 0x00, 0xFC, 0x01, 0xFE, 0x00, 0x00, 0x00, 0x00,
  0xF8, 0x0F, 0xFF, 0x80, 0x00, 0x00, 0x01, 0xF8, 0x1F, 0xFF, 0xE0, 0x00,
  0x00, 0x03, 0xF0, 0x3F, 0x07, 0xF0, 0x00, 0x00, 0x03, 0xE0, 0x7C, 0x01,
  0xF8, 0x00, 0x00, 0x07, 0xE0, 0xFC, 0x01, 0xFC, 0x00, 0x00, 0x07, 0xC0,
  0xF8, 0x00, 0xFC, 0x00, 0x00, 0x0F, 0xC1, 0xF8, 0x00, 0xFE, 0x00, 0x00,
  0x0F, 0x81, 0xF0, 0x00, 0xFE, 0x00, 0x00, 0x1F, 0x81, 0xF0, 0x00, 0x7E,
  0x00, 0x00, 0x1F, 0x03, 0xF0, 0x00, 0x7F, 0x00, 0x00, 0x3F, 0x03, 0xF0,
  0x00, 0x7F, 0x00, 0x00, 0x7E, 0x03, 0xF0, 0x00, 0x7F, 0x00, 0x00, 0x7E,
  0x03, 0xF0, 0x00, 0x7F, 0x00, 0x00, 0xFC, 0x03, 0xF0, 0x00, 0x7F, 0x00,
  0x00, 0xF8, 0x03, 0xF0, 0x00, 0x7F, 0x00, 0x01, 0xF8, 0x03, 0xF0, 0x00,
  0x7F, 0x00, 0x01, 0xF0, 0x03, 0xF0, 0x00, 0x7F, 0x00, 0x03, 0xF0, 0x03,
  0xF0, 0x00, 0x7E, 0x00, 0x03, 0xE0, 0x01, 0xF0, 0x00, 0x7E, 0x00, 0x07,
  0xE0, 0x01, 0xF8, 0x00, 0xFE, 0x00, 0x07, 0xC0, 0x01, 0xF8, 0x00, 0xFC,
  0x00, 0x0F, 0xC0, 0x00, 0xFC, 0x01, 0xFC, 0x00, 0x1F, 0x80, 0x00, 0x7C,
  0x01, 0xF8, 0x00, 0x1F, 0x00, 0x00, 0x3F, 0x07, 0xF0, 0x00, 0x3F, 0x00,
  0x00, 0x1F, 0xFF, 0xE0, 0x00, 0x3E, 0x00, 0x00, 0x0F, 0xFF, 0x80, 0x00,
  0x00, 0x00, 0x00, 0x01, 0xFE, 0x00, 0x00, 0x01, 0xFF, 0x00, 0x00, 0x00,
  0x00, 0x01, 0xFF, 0xFC, 0x00, 0x00, 0x00, 0x00, 0x7E, 0x0F, 0xE0, 0x00,
  0x00, 0x00, 0x1F, 0x80, 0xFE, 0x00, 0x00, 0x00, 0x07, 0xE0, 0x0F, 0xE0,
  0x00, 0x00, 0x01, 0xF8, 0x00, 0xFC, 0x00, 0x00, 0x00, 0x7F, 0x00, 0x1F,
  0xC0, 0x00, 0x00, 0x0F, 0xC0, 0x01, 0xF8, 0x00, 0x00, 0x01, 0xF8, 0x00,
  0x3F, 0x00, 0x00, 0x00, 0x7F, 0x00, 0x07, 0xE0, 0x00, 0x00, 0x0F, 0xE0,
  0x00, 0xFC, 0x00, 0x00, 0x01, 0xFC, 0x00, 0x1F, 0x80, 0x00, 0x00, 0x3F,
  0x80, 0x03, 0xF0, 0x00, 0x00, 0x07, 0xF0, 0x00, 0x7C, 0x00, 0x00, 0x00,
  0xFF, 0x00, 0x1F, 0x80, 0x00, 0x00, 0x1F, 0xE0, 0x03, 0xF0, 0x00, 0x00,
  0x01, 0xFC, 0x00, 0x7C, 0x00, 0x00, 0x00, 0x3F, 0xC0, 0x1F, 0x00, 0x00,
  0x00, 0x03, 0xF8, 0x07, 0xC0, 0x00, 0x00, 0x00, 0x7F, 0x81, 0xF0, 0x00,
  0x00, 0x00, 0x07, 0xF8, 0x7C, 0x07, 0xFF, 0xFE, 0x00, 0xFF, 0xBE, 0x00,
  0xFF, 0xFF, 0xC0, 0x0F, 0xFF, 0x80, 0x1F, 0xFF, 0xF8, 0x00, 0xFF, 0xC0,
  0x00, 0x3F, 0xF0, 0x00, 0x1F, 0xF8, 0x00, 0x01, 0xF8, 0x00, 0x01, 0xFF,
  0x00, 0x00, 0x3E, 0x00, 0x00, 0xFF, 0xF0, 0x00, 0x07, 0xC0, 0x00, 0x7F,
  0xFF, 0x00, 0x01, 0xF0, 0x00, 0x3F, 0x9F, 0xF0, 0x00, 0x3E, 0x00, 0x0F,
  0xE1, 0xFF, 0x00, 0x07, 0x80, 0x03, 0xF8, 0x1F, 0xF0, 0x01, 0xF0, 0x00,
  0xFE, 0x03, 0xFE, 0x00, 0x3C, 0x00, 0x3F, 0xC0, 0x3F, 0xE0, 0x07, 0x80,
  0x07, 0xF0, 0x03, 0xFE, 0x01, 0xE0, 0x01, 0xFE, 0x00, 0x3F, 0xE0, 0x3C,
  0x00, 0x3F, 0xC0, 0x03, 0xFE, 0x07, 0x00, 0x07, 0xF0, 0x00, 0x7F, 0xC1,
  0xE0, 0x01, 0xFE, 0x00, 0x07, 0xFC, 0x3C, 0x00, 0x3F, 0xC0, 0x00, 0x7F,
  0xCF, 0x00, 0x07, 0xF8, 0x00, 0x07, 0xFD, 0xE0, 0x00, 0xFF, 0x00, 0x00,
  0x7F, 0xF8, 0x00, 0x1F, 0xE0, 0x00, 0x0F, 0xFF, 0x00, 0x03, 0xFC, 0x00,
  0x00, 0xFF, 0xC0, 0x00, 0x7F, 0x80, 0x00, 0x0F, 0xF8, 0x00, 0x0F, 0xF0,
  0x00, 0x00, 0xFF, 0x80, 0x00, 0xFF, 0x00, 0x00, 0x0F, 0xF8, 0x00, 0x1F,
  0xE0, 0x00, 0x01, 0xFF, 0x80, 0x01, 0xFC, 0x00, 0x00, 0x3F, 0xF8, 0x00,
  0x3F, 0xC0, 0x00, 0x0F, 0xFF, 0x80, 0x03, 0xFC, 0x00, 0x03, 0xFF, 0xF8,
  0x00, 0x3F, 0x80, 0x00, 0xF9, 0xFF, 0x80, 0x03, 0xFC, 0x00, 0x7E, 0x1F,
  0xFC, 0x00, 0x3F, 0xE0, 0x3F, 0x81, 0xFF, 0xF8, 0x03, 0xFF, 0xFF, 0xC0,
  0x1F, 0xFF, 0x80, 0x1F, 0xFF, 0xE0, 0x01, 0xFF, 0xF0, 0x00, 0x3F, 0xE0,
  0x00, 0x00, 0x00, 0x00, 0x1F, 0x8F, 0xCF, 0xFF, 0xFF, 0xFF, 0xFF, 0xFE,
  0xFF, 0x7F, 0xBF, 0x9F, 0xCF, 0xE7, 0xF3, 0xF1, 0xF8, 0xFC, 0x7C, 0x3E,
  0x1F, 0x0F, 0x07, 0x83, 0xC1, 0xC0, 0xE0, 0x70, 0x38, 0x18, 0x00, 0x00,
  0x00, 0x1E, 0x00, 0x01, 0xFC, 0x00, 0x0F, 0xF8, 0x00, 0x3F, 0x80, 0x01,
  0xFC, 0x00, 0x07, 0xE0, 0x00, 0x1F, 0x80, 0x00, 0x7F, 0x00, 0x01, 0xFC,
  0x00, 0x03, 0xF0, 0x00, 0x0F, 0xE0, 0x00, 0x3F, 0x80, 0x00, 0x7F, 0x00,
  0x01, 0xFC, 0x00, 0x03, 0xF8, 0x00, 0x0F, 0xE0, 0x00, 0x1F, 0xC0, 0x00,
  0x3F, 0x80, 0x00, 0xFF, 0x00, 0x01, 0xFC, 0x00, 0x03, 0xF8, 0x00, 0x07,
  0xF0, 0x00, 0x1F, 0xE0, 0x00, 0x3F, 0xC0, 0x00, 0x7F, 0x80, 0x00, 0xFE,
  0x00, 0x01, 0xFC, 0x00, 0x07, 0xF8, 0x00, 0x0F, 0xF0, 0x00, 0x1F, 0xE0,
  0x00, 0x3F, 0xC0, 0x00, 0x7F, 0x80, 0x00, 0xFF, 0x00, 0x01, 0xFE, 0x00,
  0x03, 0xFC, 0x00, 0x07, 0xF8, 0x00, 0x0F, 0xF0, 0x00, 0x1F, 0xE0, 0x00,
  0x3F, 0xC0, 0x00, 0x7F, 0x80, 0x00, 0xFF, 0x00, 0x01, 0xFE, 0x00, 0x03,
  0xFC, 0x00, 0x07, 0xF8, 0x00, 0x0F, 0xF0, 0x00, 0x0F, 0xE0, 0x00, 0x1F,
  0xC0, 0x00, 0x3F, 0xC0, 0x00, 0x7F, 0x80, 0x00, 0xFF, 0x00, 0x00, 0xFE,
  0x00, 0x01, 0xFC, 0x00, 0x03, 0xF8, 0x00, 0x07, 0xF8, 0x00, 0x07, 0xF0,
  0x00, 0x0F, 0xE0, 0x00, 0x1F, 0xC0, 0x00, 0x1F, 0xC0, 0x00, 0x3F, 0x80,
  0x00, 0x3F, 0x80, 0x00, 0x7F, 0x00, 0x00, 0x7F, 0x00, 0x00, 0x7E, 0x00,
  0x00, 0xFE, 0x00, 0x00, 0xFC, 0x00, 0x00, 0xFC, 0x00, 0x00, 0xFC, 0x00,
  0x00, 0xFE, 0x00, 0x00, 0x7F, 0x00, 0x00, 0x7F, 0xC0, 0x00, 0x3F, 0x80,
  0x00, 0x0F, 0xF0, 0x00, 0x01, 0xFC, 0x00, 0x03, 0xFE, 0x00, 0x00, 0xFE,
  0x00, 0x00, 0x7F, 0x00, 0x00, 0x3F, 0x00, 0x00, 0x3F, 0x00, 0x00, 0x7F,
  0x00, 0x00, 0x7F, 0x00, 0x00, 0x7E, 0x00, 0x00, 0xFE, 0x00, 0x00, 0xFE,
  0x00, 0x01, 0xFC, 0x00, 0x01, 0xFC, 0x00, 0x03, 0xF8, 0x00, 0x07, 0xF0,
  0x00, 0x07, 0xF0, 0x00, 0x0F, 0xE0, 0x00, 0x1F, 0xE0, 0x00, 0x1F, 0xC0,
  0x00, 0x3F, 0x80, 0x00, 0x7F, 0x00, 0x00, 0xFF, 0x00, 0x01, 0xFE, 0x00,
  0x03, 0xFC, 0x00, 0x07, 0xF8, 0x00, 0x07, 0xF0, 0x00, 0x0F, 0xF0, 0x00,
  0x1F, 0xE0, 0x00, 0x3F, 0xC0, 0x00, 0x7F, 0x80, 0x00, 0xFF, 0x00, 0x01,
  0xFE, 0x00, 0x03, 0xFC, 0x00, 0x07, 0xF8, 0x00, 0x0F, 0xF0, 0x00, 0x1F,
  0xE0, 0x00, 0x3F, 0xC0, 0x00, 0x7F, 0x80, 0x00, 0xFF, 0x00, 0x01, 0xFE,
  0x00, 0x03, 0xFC, 0x00, 0x07, 0xF8, 0x00, 0x0F, 0xF0, 0x00, 0x1F, 0xE0,
  0x00, 0x3F, 0x80, 0x00, 0xFF, 0x00, 0x01, 0xFE, 0x00, 0x03, 0xFC, 0x00,
  0x07, 0xF8, 0x00, 0x0F, 0xE0, 0x00, 0x1F, 0xC0, 0x00, 0x3F, 0x80, 0x00,
  0xFF, 0x00, 0x01, 0xFC, 0x00, 0x03, 0xF8, 0x00, 0x07, 0xE0, 0x00, 0x1F,
  0xC0, 0x00, 0x3F, 0x80, 0x00, 0xFE, 0x00, 0x01, 0xFC, 0x00, 0x07, 0xF0,
  0x00, 0x0F, 0xC0, 0x00, 0x3F, 0x00, 0x00, 0x7E, 0x00, 0x01, 0xF8, 0x00,
  0x07, 0xE0, 0x00, 0x3F, 0x80, 0x01, 0xFC, 0x00, 0x1F, 0xF0, 0x00, 0x3F,
  0x80, 0x00, 0x78, 0x00, 0x00, 0x00, 0x00, 0x00, 0x00, 0x00, 0x0F, 0xC0,
  0x00, 0x00, 0x1F, 0x80, 0x00, 0x00, 0x7F, 0x80, 0x00, 0x00, 0xFF, 0x00,
  0x00, 0x01, 0xFE, 0x00, 0x00, 0x03, 0xFC, 0x00, 0x00, 0x07, 0xF8, 0x00,
  0x00, 0x07, 0xE0, 0x00, 0x00, 0x0F, 0xC0, 0x00, 0xF0, 0x1F, 0x81, 0xE3,
  0xF8, 0x1E, 0x07, 0xEF, 0xF8, 0x3C, 0x3F, 0xFF, 0xFC, 0x78, 0xFF, 0xFF,
  0xFC, 0xE7, 0xFF, 0xFF, 0xFE, 0xDF, 0xFF, 0x7F, 0xFF, 0xFF, 0xFC, 0x7F,
  0xFF, 0xFF, 0xF0, 0x00, 0x0F, 0x00, 0x00, 0x00, 0x3F, 0x00, 0x00, 0x01,
  0xFF, 0x80, 0x00, 0x07, 0xCF, 0x80, 0x00, 0x1F, 0x9F, 0x80, 0x00, 0x7F,
  0x3F, 0x80, 0x01, 0xFC, 0x3F, 0x80, 0x07, 0xF8, 0x7F, 0x80, 0x1F, 0xE0,
  0xFF, 0x80, 0x3F, 0xC0, 0xFF, 0x00, 0x7F, 0x81, 0xFE, 0x00, 0xFE, 0x01,
  0xFC, 0x00, 0xFC, 0x03, 0xF0, 0x00, 0xF0, 0x01, 0xC0, 0x00, 0x00, 0xFC,
  0x00, 0x00, 0x00, 0x07, 0xE0, 0x00, 0x00, 0x00, 0x3F, 0x00, 0x00, 0x00,
  0x01, 0xF8, 0x00, 0x00, 0x00, 0x0F, 0xC0, 0x00, 0x00, 0x00, 0x7E, 0x00,
  0x00, 0x00, 0x03, 0xF0, 0x00, 0x00, 0x00, 0x1F, 0x80, 0x00, 0x00, 0x00,
  0xFC, 0x00, 0x00, 0x00, 0x07, 0xE0, 0x00, 0x00, 0x00, 0x3F, 0x00, 0x00,
  0x00, 0x01, 0xF8, 0x00, 0x00, 0x00, 0x0F, 0xC0, 0x00, 0x00, 0x00, 0x7E,
  0x00, 0x00, 0x00, 0x03, 0xF0, 0x00, 0x00, 0x00, 0x1F, 0x80, 0x00, 0xFF,
  0xFF, 0xFF, 0xFF, 0xFF, 0xFF, 0xFF, 0xFF, 0xFF, 0xFF, 0xFF, 0xFF, 0xFF,
  0xFF, 0xFF, 0xFF, 0xFF, 0xFF, 0xFF, 0xFF, 0xFF, 0xFF, 0xFF, 0x80, 0x00,
  0x7E, 0x00, 0x00, 0x00, 0x03, 0xF0, 0x00, 0x00, 0x00, 0x1F, 0x80, 0x00,
  0x00, 0x00, 0xFC, 0x00, 0x00, 0x00, 0x07, 0xE0, 0x00, 0x00, 0x00, 0x3F,
  0x00, 0x00, 0x00, 0x01, 0xF8, 0x00, 0x00, 0x00, 0x0F, 0xC0, 0x00, 0x00,
  0x00, 0x7E, 0x00, 0x00, 0x00, 0x03, 0xF0, 0x00, 0x00, 0x00, 0x1F, 0x80,
  0x00, 0x00, 0x00, 0xFC, 0x00, 0x00, 0x00, 0x07, 0xE0, 0x00, 0x00, 0x00,
  0x3F, 0x00, 0x00, 0x00, 0x01, 0xF8, 0x00, 0x00, 0x00, 0x0F, 0xC0, 0x00,
  0x00, 0x00, 0x7E, 0x00, 0x00, 0x1E, 0x0F, 0xF1, 0xFF, 0x7F, 0xEF, 0xFF,
  0xFF, 0xFF, 0xFF, 0xFF, 0x7F, 0xE7, 0xFC, 0x3F, 0x87, 0xF0, 0x7C, 0x1F,
  0x83, 0xF0, 0x7C, 0x0F, 0x83, 0xE0, 0x7C, 0x1F, 0x03, 0xC0, 0xF0, 0x1C,
  0x03, 0x00, 0xFF, 0xFF, 0xFF, 0xFF, 0xFF, 0xFF, 0xFF, 0xFF, 0xFF, 0xFF,
  0xFF, 0xFF, 0xFF, 0x80, 0x1F, 0x0F, 0xF1, 0xFF, 0x7F, 0xFF, 0xFF, 0xFF,
  0xFF, 0xFB, 0xFE, 0x3F, 0x83, 0xE0, 0x00, 0x00, 0x3E, 0x00, 0x00, 0x7C,
  0x00, 0x01, 0xF8, 0x00, 0x03, 0xE0, 0x00, 0x07, 0xC0, 0x00, 0x0F, 0x80,
  0x00, 0x3F, 0x00, 0x00, 0x7C, 0x00, 0x00, 0xF8, 0x00, 0x01, 0xF0, 0x00,
  0x07, 0xE0, 0x00, 0x0F, 0xC0, 0x00, 0x1F, 0x00, 0x00, 0x3E, 0x00, 0x00,
  0x7C, 0x00, 0x01, 0xF8, 0x00, 0x03, 0xE0, 0x00, 0x07, 0xC0, 0x00, 0x0F,
  0x80, 0x00, 0x3F, 0x00, 0x00, 0x7C, 0x00, 0x00, 0xF8, 0x00, 0x01, 0xF0,
  0x00, 0x07, 0xE0, 0x00, 0x0F, 0x80, 0x00, 0x1F, 0x00, 0x00, 0x3E, 0x00,
  0x00, 0x7C, 0x00, 0x01, 0xF8, 0x00, 0x03, 0xE0, 0x00, 0x07, 0xC0, 0x00,
  0x0F, 0x80, 0x00, 0x3F, 0x00, 0x00, 0x7C, 0x00, 0x00, 0xF8, 0x00, 0x01,
  0xF0, 0x00, 0x07, 0xE0, 0x00, 0x0F, 0x80, 0x00, 0x1F, 0x00, 0x00, 0x3E,
  0x00, 0x00, 0x7C, 0x00, 0x01, 0xF8, 0x00, 0x03, 0xE0, 0x00, 0x07, 0xC0,
  0x00, 0x0F, 0x80, 0x00, 0x3F, 0x00, 0x00, 0x7C, 0x00, 0x00, 0xF8, 0x00,
  0x01, 0xF0, 0x00, 0x07, 0xE0, 0x00, 0x0F, 0x80, 0x00, 0x1F, 0x00, 0x00,
  0x3E, 0x00, 0x00, 0x7C, 0x00, 0x01, 0xF8, 0x00, 0x03, 0xE0, 0x00, 0x07,
  0xC0, 0x00, 0x0F, 0x80, 0x00, 0x3F, 0x00, 0x00, 0x7C, 0x00, 0x00, 0xF8,
  0x00, 0x01, 0xF0, 0x00, 0x07, 0xE0, 0x00, 0x0F, 0x80, 0x00, 0x1F, 0x00,
  0x00, 0x3E, 0x00, 0x00, 0x7C, 0x00, 0x01, 0xF8, 0x00, 0x03, 0xE0, 0x00,
  0x07, 0xC0, 0x00, 0x0F, 0x80, 0x00, 0x3F, 0x00, 0x00, 0x7C, 0x00, 0x00,
  0xF8, 0x00, 0x01, 0xF0, 0x00, 0x07, 0xE0, 0x00, 0x0F, 0x80, 0x00, 0x1F,
  0x00, 0x00, 0x3E, 0x00, 0x00, 0x00, 0x00, 0x03, 0xFE, 0x00, 0x00, 0x00,
  0xFF, 0xFE, 0x00, 0x00, 0x1F, 0xFF, 0xFC, 0x00, 0x01, 0xFC, 0x07, 0xF0,
  0x00, 0x1F, 0x80, 0x0F, 0xE0, 0x01, 0xF8, 0x00, 0x3F, 0x80, 0x1F, 0x80,
  0x00, 0xFC, 0x01, 0xF8, 0x00, 0x07, 0xF0, 0x0F, 0xC0, 0x00, 0x1F, 0xC0,
  0xFE, 0x00, 0x00, 0xFE, 0x07, 0xE0, 0x00, 0x03, 0xF8, 0x7F, 0x00, 0x00,
  0x1F, 0xC3, 0xF8, 0x00, 0x00, 0xFE, 0x3F, 0xC0, 0x00, 0x07, 0xF9, 0xFC,
  0x00, 0x00, 0x3F, 0xCF, 0xE0, 0x00, 0x00, 0xFE, 0x7F, 0x00, 0x00, 0x07,
  0xF7, 0xF8, 0x00, 0x00, 0x3F, 0xFF, 0xC0, 0x00, 0x01, 0xFF, 0xFE, 0x00,
  0x00, 0x0F, 0xFF, 0xF0, 0x00, 0x00, 0x7F, 0xFF, 0x80, 0x00, 0x03, 0xFF,
  0xFC, 0x00, 0x00, 0x1F, 0xFF, 0xE0, 0x00, 0x00, 0xFF, 0xFF, 0x00, 0x00,
  0x07, 0xFF, 0xF8, 0x00, 0x00, 0x3F, 0xFF, 0xC0, 0x00, 0x01, 0xFF, 0xFE,
  0x00, 0x00, 0x0F, 0xFF, 0xF0, 0x00, 0x00, 0x7F, 0xFF, 0x80, 0x00, 0x03,
  0xFD, 0xFC, 0x00, 0x00, 0x1F, 0xCF, 0xE0, 0x00, 0x00, 0xFE, 0x7F, 0x80,
  0x00, 0x07, 0xF3, 0xFC, 0x00, 0x00, 0x7F, 0x8F, 0xE0, 0x00, 0x03, 0xF8,
  0x7F, 0x00, 0x00, 0x1F, 0xC3, 0xF8, 0x00, 0x00, 0xFE, 0x0F, 0xE0, 0x00,
  0x0F, 0xE0, 0x7F, 0x00, 0x00, 0x7F, 0x01, 0xF8, 0x00, 0x03, 0xF0, 0x07,
  0xE0, 0x00, 0x3F, 0x00, 0x3F, 0x80, 0x03, 0xF0, 0x00, 0xFE, 0x00, 0x3F,
  0x80, 0x01, 0xFC, 0x07, 0xF0, 0x00, 0x07, 0xFF, 0xFF, 0x00, 0x00, 0x0F,
  0xFF, 0xE0, 0x00, 0x00, 0x0F, 0xF8, 0x00, 0x00, 0x00, 0x07, 0x80, 0x00,
  0x07, 0xC0, 0x00, 0x0F, 0xE0, 0x00, 0x1F, 0xF0, 0x00, 0x7F, 0xF8, 0x03,
  0xFF, 0xFC, 0x01, 0xFF, 0xFE, 0x00, 0xF8, 0xFF, 0x00, 0x00, 0x7F, 0x80,
  0x00, 0x3F, 0xC0, 0x00, 0x1F, 0xE0, 0x00, 0x0F, 0xF0, 0x00, 0x07, 0xF8,
  0x00, 0x03, 0xFC, 0x00, 0x01, 0xFE, 0x00, 0x00, 0xFF, 0x00, 0x00, 0x7F,
  0x80, 0x00, 0x3F, 0xC0, 0x00, 0x1F, 0xE0, 0x00, 0x0F, 0xF0, 0x00, 0x07,
  0xF8, 0x00, 0x03, 0xFC, 0x00, 0x01, 0xFE, 0x00, 0x00, 0xFF, 0x00, 0x00,
  0x7F, 0x80, 0x00, 0x3F, 0xC0, 0x00, 0x1F, 0xE0, 0x00, 0x0F, 0xF0, 0x00,
  0x07, 0xF8, 0x00, 0x03, 0xFC, 0x00, 0x01, 0xFE, 0x00, 0x00, 0xFF, 0x00,
  0x00, 0x7F, 0x80, 0x00, 0x3F, 0xC0, 0x00, 0x1F, 0xE0, 0x00, 0x0F, 0xF0,
  0x00, 0x07, 0xF8, 0x00, 0x03, 0xFC, 0x00, 0x01, 0xFE, 0x00, 0x00, 0xFF,
  0x00, 0x00, 0x7F, 0x80, 0x00, 0x7F, 0xE0, 0x00, 0xFF, 0xFC, 0x0F, 0xFF,
  0xFF, 0xF7, 0xFF, 0xFF, 0xFB, 0xFF, 0xFF, 0xFC, 0x00, 0x0F, 0xFC, 0x00,
  0x00, 0x07, 0xFF, 0xF8, 0x00, 0x01, 0xFF, 0xFF, 0xE0, 0x00, 0x3F, 0x01,
  0xFF, 0x80, 0x0F, 0xE0, 0x07, 0xFC, 0x01, 0xFC, 0x00, 0x3F, 0xE0, 0x3F,
  0x80, 0x01, 0xFE, 0x03, 0xF8, 0x00, 0x0F, 0xF0, 0x7F, 0x80, 0x00, 0xFF,
  0x07, 0xF0, 0x00, 0x0F, 0xF8, 0x7F, 0x00, 0x00, 0x7F, 0x8F, 0xF0, 0x00,
  0x07, 0xF8, 0x7F, 0x00, 0x00, 0x7F, 0x87, 0xF0, 0x00, 0x07, 0xF8, 0x7E,
  0x00, 0x00, 0x7F, 0x81, 0xE0, 0x00, 0x07, 0xF8, 0x00, 0x00, 0x00, 0x7F,
  0x80, 0x00, 0x00, 0x0F, 0xF0, 0x00, 0x00, 0x00, 0xFF, 0x00, 0x00, 0x00,
  0x0F, 0xF0, 0x00, 0x00, 0x01, 0xFE, 0x00, 0x00, 0x00, 0x1F, 0xE0, 0x00,
  0x00, 0x03, 0xFC, 0x00, 0x00, 0x00, 0x3F, 0x80, 0x00, 0x00, 0x07, 0xF8,
  0x00, 0x00, 0x00, 0xFF, 0x00, 0x00, 0x00, 0x0F, 0xE0, 0x00, 0x00, 0x01,
  0xFC, 0x00, 0x00, 0x00, 0x3F, 0x80, 0x00, 0x00, 0x07, 0xF0, 0x00, 0x00,
  0x00, 0xFE, 0x00, 0x00, 0x00, 0x1F, 0xC0, 0x00, 0x00, 0x03, 0xF8, 0x00,
  0x00, 0x00, 0x7F, 0x00, 0x00, 0x00, 0x0F, 0xE0, 0x00, 0x00, 0x01, 0xF8,
  0x00, 0x00, 0x00, 0x3F, 0x00, 0x00, 0x00, 0x07, 0xE0, 0x00, 0x00, 0x00,
  0xFC, 0x00, 0x00, 0x00, 0x3F, 0x00, 0x00, 0x00, 0x07, 0xFF, 0xFF, 0xFF,
  0xF0, 0xFF, 0xFF, 0xFF, 0xFF, 0x3F, 0xFF, 0xFF, 0xFF, 0xF7, 0xFF, 0xFF,
  0xFF, 0xFF, 0x7F, 0xFF, 0xFF, 0xFF, 0xF7, 0xFF, 0xFF, 0xFF, 0xFF, 0x00,
  0x03, 0xFE, 0x00, 0x00, 0x00, 0xFF, 0xFE, 0x00, 0x00, 0x1F, 0xFF, 0xFC,
  0x00, 0x03, 0xF8, 0x0F, 0xF0, 0x00, 0x3F, 0x00, 0x3F, 0xC0, 0x03, 0xF0,
  0x00, 0xFF, 0x00, 0x3F, 0x80, 0x03, 0xFC, 0x03, 0xF8, 0x00, 0x0F, 0xF0,
  0x1F, 0xC0, 0x00, 0x7F, 0x81, 0xFE, 0x00, 0x03, 0xFC, 0x0F, 0xF0, 0x00,
  0x0F, 0xF0, 0x7F, 0x80, 0x00, 0x7F, 0x83, 0xF8, 0x00, 0x03, 0xFC, 0x1F,
  0xC0, 0x00, 0x1F, 0xE0, 0xFE, 0x00, 0x00, 0xFF, 0x03, 0xF0, 0x00, 0x07,
  0xF8, 0x07, 0x00, 0x00, 0x3F, 0xC0, 0x00, 0x00, 0x01, 0xFE, 0x00, 0x00,
  0x00, 0x0F, 0xE0, 0x00, 0x00, 0x00, 0xFF, 0x00, 0x00, 0x00, 0x07, 0xF0,
  0x00, 0x00, 0x00, 0x7F, 0x80, 0x00, 0x00, 0x03, 0xF8, 0x00, 0x00, 0x00,
  0x3F, 0x80, 0x00, 0x00, 0x03, 0xF8, 0x00, 0x00, 0x00, 0x3F, 0x80, 0x00,
  0x00, 0x03, 0xF8, 0x00, 0x00, 0x00, 0x7F, 0x80, 0x00, 0x00, 0xFF, 0xF0,
  0x00, 0x00, 0x07, 0xFF, 0x80, 0x00, 0x00, 0x3F, 0xFF, 0xC0, 0x00, 0x00,
  0x03, 0xFF, 0x80, 0x00, 0x00, 0x03, 0xFF, 0x00, 0x00, 0x00, 0x07, 0xFC,
  0x00, 0x00, 0x00, 0x1F, 0xF0, 0x00, 0x00, 0x00, 0x7F, 0xC0, 0x00, 0x00,
  0x01, 0xFE, 0x00, 0x00, 0x00, 0x0F, 0xF8, 0x00, 0x00, 0x00, 0x3F, 0xC0,
  0x00, 0x00, 0x01, 0xFF, 0x00, 0x00, 0x00, 0x07, 0xF8, 0x00, 0x00, 0x00,
  0x3F, 0xC0, 0x00, 0x00, 0x01, 0xFE, 0x3C, 0x00, 0x00, 0x0F, 0xF3, 0xF0,
  0x00, 0x00, 0x7F, 0xBF, 0x80, 0x00, 0x03, 0xFF, 0xFC, 0x00, 0x00, 0x1F,
  0xFF, 0xE0, 0x00, 0x00, 0xFF, 0xFF, 0x00, 0x00, 0x07, 0xF7, 0xF8, 0x00,
  0x00, 0x7F, 0xBF, 0x80, 0x00, 0x03, 0xFD, 0xFC, 0x00, 0x00, 0x1F, 0xC7,
  0xE0, 0x00, 0x01, 0xFE, 0x3F, 0x00, 0x00, 0x1F, 0xE0, 0xFC, 0x00, 0x01,
  0xFE, 0x03, 0xF0, 0x00, 0x1F, 0xE0, 0x0F, 0xC0, 0x01, 0xFE, 0x00, 0x3F,
  0x80, 0x7F, 0xE0, 0x00, 0x7F, 0xFF, 0xFC, 0x00, 0x00, 0xFF, 0xFF, 0x80,
  0x00, 0x00, 0xFF, 0xE0, 0x00, 0x00, 0x00, 0x00, 0x03, 0x80, 0x00, 0x00,
  0x00, 0x07, 0xE0, 0x00, 0x00, 0x00, 0x0F, 0xF0, 0x00, 0x00, 0x00, 0x0F,
  0xF0, 0x00, 0x00, 0x00, 0x1F, 0xF0, 0x00, 0x00, 0x00, 0x1F, 0xE0, 0x00,
  0x00, 0x00, 0x3F, 0xE0, 0x00, 0x00, 0x00, 0x3F, 0xC0, 0x00, 0x00, 0x00,
  0x7F, 0xC0, 0x00, 0x00, 0x00, 0x7F, 0x80, 0x00, 0x00, 0x00, 0xFF, 0x00,
  0x00, 0x00, 0x00, 0xFF, 0x00, 0x00, 0x00, 0x01, 0xFE, 0x00, 0x00, 0x00,
  0x01, 0xFE, 0x00, 0x00, 0x00, 0x03, 0xFC, 0x00, 0x00, 0x00, 0x03, 0xF8,
  0x00, 0x00, 0x00, 0x07, 0xF8, 0x00, 0x00, 0x00, 0x07, 0xF0, 0x00, 0x00,
  0x00, 0x0F, 0xF0, 0x00, 0x00, 0x00, 0x0F, 0xE0, 0x00, 0x00, 0x00, 0x1F,
  0xC0, 0x00, 0x00, 0x00, 0x1F, 0xC0, 0x00, 0x00, 0x00, 0x3F, 0x80, 0x00,
  0x00, 0x00, 0x7F, 0x80, 0x00, 0x00, 0x00, 0x7F, 0x00, 0x00, 0x00, 0x00,
  0xFF, 0x00, 0x7E, 0x00, 0x00, 0xFE, 0x00, 0x7E, 0x00, 0x01, 0xFC, 0x00,
  0x7E, 0x00, 0x01, 0xFC, 0x00, 0x7E, 0x00, 0x03, 0xF8, 0x00, 0x7E, 0x00,
  0x03, 0xF8, 0x00, 0x7E, 0x00, 0x07, 0xF0, 0x00, 0x7E, 0x00, 0x07, 0xE0,
  0x00, 0x7E, 0x00, 0x0F, 0xE0, 0x00, 0x7E, 0x00, 0x0F, 0xC0, 0x00, 0x7E,
  0x00, 0x1F, 0xC0, 0x00, 0x7E, 0x00, 0x1F, 0x80, 0x00, 0x7E, 0x00, 0x3F,
  0x00, 0x00, 0x7E, 0x00, 0x3F, 0x00, 0x00, 0x7E, 0x00, 0x7E, 0x00, 0x00,
  0x7E, 0x00, 0x7F, 0xFF, 0xFF, 0xFF, 0xFF, 0xFF, 0xFF, 0xFF, 0xFF, 0xFF,
  0xFF, 0xFF, 0xFF, 0xFF, 0xFF, 0xFF, 0xFF, 0xFF, 0xFF, 0xFF, 0xFF, 0xFF,
  0xFF, 0xFF, 0xFF, 0x7F, 0xFF, 0xFF, 0xFF, 0xFF, 0x00, 0x00, 0x00, 0x7E,
  0x00, 0x00, 0x00, 0x00, 0x7E, 0x00, 0x00, 0x00, 0x00, 0x7E, 0x00, 0x00,
  0x00, 0x00, 0x7E, 0x00, 0x00, 0x00, 0x00, 0x7E, 0x00, 0x00, 0x00, 0x00,
  0x7E, 0x00, 0x00, 0x00, 0x00, 0x7E, 0x00, 0x00, 0x00, 0x00, 0x7E, 0x00,
  0x00, 0x00, 0x00, 0x7E, 0x00, 0x00, 0x00, 0x00, 0x7E, 0x00, 0x00, 0x00,
  0x00, 0x7E, 0x00, 0x00, 0x00, 0x00, 0x7E, 0x00, 0x00, 0x00, 0x00, 0x7E,
  0x00, 0x07, 0xFF, 0xFF, 0xFF, 0xC0, 0x7F, 0xFF, 0xFF, 0xFC, 0x07, 0xFF,
  0xFF, 0xFF, 0xC0, 0x7F, 0xFF, 0xFF, 0xFC, 0x07, 0xFF, 0xFF, 0xFF, 0xC0,
  0x7F, 0xFF, 0xFF, 0xFC, 0x07, 0xE0, 0x00, 0x00, 0x00, 0x7E, 0x00, 0x00,
  0x00, 0x07, 0xE0, 0x00, 0x00, 0x00, 0x7E, 0x00, 0x00, 0x00, 0x07, 0xC0,
  0x00, 0x00, 0x00, 0x7C, 0x00, 0x00, 0x00, 0x07, 0xC0, 0x00, 0x00, 0x00,
  0x7C, 0x00, 0x00, 0x00, 0x07, 0xC0, 0x00, 0x00, 0x00, 0xFC, 0x00, 0x00,
  0x00, 0x0F, 0xC0, 0x00, 0x00, 0x00, 0xFC, 0x00, 0x00, 0x00, 0x0F, 0xC0,
  0x00, 0x00, 0x00, 0xFC, 0x00, 0x00, 0x00, 0x0F, 0xC0, 0x00, 0x00, 0x00,
  0xF8, 0x00, 0x00, 0x00, 0x0F, 0x81, 0xFF, 0x00, 0x00, 0xF9, 0xFF, 0xFE,
  0x00, 0x0F, 0xFF, 0xFF, 0xF8, 0x00, 0xFF, 0xC0, 0x7F, 0xC0, 0x0F, 0xE0,
  0x01, 0xFE, 0x00, 0xF8, 0x00, 0x0F, 0xF0, 0x0F, 0x00, 0x00, 0x7F, 0x80,
  0x60, 0x00, 0x03, 0xFC, 0x02, 0x00, 0x00, 0x3F, 0xC0, 0x00, 0x00, 0x01,
  0xFE, 0x00, 0x00, 0x00, 0x1F, 0xE0, 0x00, 0x00, 0x01, 0xFE, 0x00, 0x00,
  0x00, 0x0F, 0xF0, 0x00, 0x00, 0x00, 0xFF, 0x00, 0x00, 0x00, 0x0F, 0xF0,
  0x00, 0x00, 0x00, 0xFF, 0x00, 0x00, 0x00, 0x0F, 0xF0, 0x00, 0x00, 0x00,
  0xFF, 0x00, 0x00, 0x00, 0x0F, 0xF0, 0x00, 0x00, 0x00, 0xFF, 0x00, 0x00,
  0x00, 0x0F, 0xF0, 0x00, 0x00, 0x00, 0xFF, 0x1F, 0x80, 0x00, 0x0F, 0xF3,
  0xFC, 0x00, 0x01, 0xFE, 0x7F, 0xC0, 0x00, 0x1F, 0xE7, 0xFC, 0x00, 0x01,
  0xFE, 0x7F, 0xC0, 0x00, 0x1F, 0xC7, 0xFC, 0x00, 0x01, 0xFC, 0xFF, 0x80,
  0x00, 0x3F, 0x87, 0xF8, 0x00, 0x03, 0xF8, 0x7F, 0x80, 0x00, 0x7F, 0x07,
  0xF8, 0x00, 0x07, 0xE0, 0x3F, 0x80, 0x00, 0xFE, 0x01, 0xF8, 0x00, 0x1F,
  0xC0, 0x0F, 0xC0, 0x03, 0xF8, 0x00, 0x7F, 0x00, 0xFE, 0x00, 0x03, 0xFF,
  0xFF, 0xC0, 0x00, 0x07, 0xFF, 0xF0, 0x00, 0x00, 0x0F, 0xF8, 0x00, 0x00,
  0x00, 0x00, 0x00, 0x03, 0x00, 0x00, 0x00, 0x01, 0xF8, 0x00, 0x00, 0x00,
  0x7F, 0xC0, 0x00, 0x00, 0x0F, 0xFE, 0x00, 0x00, 0x01, 0xFF, 0x80, 0x00,
  0x00, 0x3F, 0xE0, 0x00, 0x00, 0x03, 0xFC, 0x00, 0x00, 0x00, 0x7F, 0x80,
  0x00, 0x00, 0x07, 0xF8, 0x00, 0x00, 0x00, 0x7F, 0x00, 0x00, 0x00, 0x07,
  0xF0, 0x00, 0x00, 0x00, 0x7F, 0x00, 0x00, 0x00, 0x07, 0xF0, 0x00, 0x00,
  0x00, 0x3F, 0x00, 0x00, 0x00, 0x03, 0xF0, 0x00, 0x00, 0x00, 0x3F, 0x80,
  0x00, 0x00, 0x03, 0xF8, 0x00, 0x00, 0x00, 0x1F, 0x80, 0x00, 0x00, 0x01,
  0xFC, 0x00, 0x00, 0x00, 0x0F, 0xC0, 0x00, 0x00, 0x00, 0xFE, 0x00, 0x00,
  0x00, 0x07, 0xF0, 0x00, 0x00, 0x00, 0x7F, 0x00, 0x00, 0x00, 0x03, 0xF8,
  0x1F, 0xF8, 0x00, 0x1F, 0xC7, 0xFF, 0xF8, 0x01, 0xFC, 0xFF, 0xFF, 0xE0,
  0x0F, 0xFF, 0xC0, 0x7F, 0xC0, 0x7F, 0xF8, 0x00, 0xFF, 0x07, 0xFF, 0x00,
  0x03, 0xF8, 0x3F, 0xF0, 0x00, 0x1F, 0xE1, 0xFF, 0x00, 0x00, 0x7F, 0x8F,
  0xF0, 0x00, 0x03, 0xFC, 0xFF, 0x00, 0x00, 0x0F, 0xF7, 0xF8, 0x00, 0x00,
  0x7F, 0xBF, 0xC0, 0x00, 0x03, 0xFD, 0xFE, 0x00, 0x00, 0x0F, 0xEF, 0xF0,
  0x00, 0x00, 0x7F, 0xFF, 0x80, 0x00, 0x03, 0xFF, 0xFC, 0x00, 0x00, 0x1F,
  0xFF, 0xE0, 0x00, 0x00, 0xFF, 0xFF, 0x00, 0x00, 0x07, 0xFF, 0xF8, 0x00,
  0x00, 0x3F, 0xFF, 0xC0, 0x00, 0x01, 0xFF, 0xFE, 0x00, 0x00, 0x0F, 0xF7,
  0xF0, 0x00, 0x00, 0x7F, 0xBF, 0x80, 0x00, 0x03, 0xFD, 0xFC, 0x00, 0x00,
  0x1F, 0xC7, 0xF0, 0x00, 0x01, 0xFE, 0x3F, 0x80, 0x00, 0x0F, 0xF1, 0xFC,
  0x00, 0x00, 0x7F, 0x07, 0xE0, 0x00, 0x03, 0xF8, 0x1F, 0x80, 0x00, 0x3F,
  0x80, 0xFC, 0x00, 0x01, 0xFC, 0x03, 0xF0, 0x00, 0x1F, 0xC0, 0x0F, 0xC0,
  0x01, 0xFC, 0x00, 0x3F, 0x00, 0x1F, 0xC0, 0x00, 0xFE, 0x03, 0xFC, 0x00,
  0x03, 0xFF, 0xFF, 0x80, 0x00, 0x07, 0xFF, 0xF0, 0x00, 0x00, 0x07, 0xFC,
  0x00, 0x00, 0x7F, 0xFF, 0xFF, 0xFF, 0x8F, 0xFF, 0xFF, 0xFF, 0xF9, 0xFF,
  0xFF, 0xFF, 0xFF, 0xBF, 0xFF, 0xFF, 0xFF, 0xFF, 0xFF, 0xFF, 0xFF, 0xFD,
  0xFF, 0xFF, 0xFF, 0xFF, 0xBF, 0xC0, 0x00, 0x01, 0xE7, 0xF0, 0x00, 0x00,
  0x7C, 0xFC, 0x00, 0x00, 0x0F, 0x9F, 0x00, 0x00, 0x03, 0xE3, 0xE0, 0x00,
  0x00, 0x7C, 0x78, 0x00, 0x00, 0x1F, 0x8F, 0x00, 0x00, 0x03, 0xE1, 0xC0,
  0x00, 0x00, 0x7C, 0x38, 0x00, 0x00, 0x1F, 0x07, 0x00, 0x00, 0x03, 0xE0,
  0x40, 0x00, 0x00, 0xFC, 0x00, 0x00, 0x00, 0x1F, 0x00, 0x00, 0x00, 0x07,
  0xE0, 0x00, 0x00, 0x00, 0xFC, 0x00, 0x00, 0x00, 0x3F, 0x00, 0x00, 0x00,
  0x07, 0xE0, 0x00, 0x00, 0x00, 0xF8, 0x00, 0x00, 0x00, 0x3F, 0x00, 0x00,
  0x00, 0x07, 0xE0, 0x00, 0x00, 0x01, 0xF8, 0x00, 0x00, 0x00, 0x3F, 0x00,
  0x00, 0x00, 0x0F, 0xE0, 0x00, 0x00, 0x01, 0xF8, 0x00, 0x00, 0x00, 0x7F,
  0x00, 0x00, 0x00, 0x0F, 0xE0, 0x00, 0x00, 0x01, 0xF8, 0x00, 0x00, 0x00,
  0x7F, 0x00, 0x00, 0x00, 0x0F, 0xC0, 0x00, 0x00, 0x03, 0xF8, 0x00, 0x00,
  0x00, 0x7F, 0x00, 0x00, 0x00, 0x1F, 0xC0, 0x00, 0x00, 0x03, 0xF8, 0x00,
  0x00, 0x00, 0xFF, 0x00, 0x00, 0x00, 0x1F, 0xC0, 0x00, 0x00, 0x03, 0xF8,
  0x00, 0x00, 0x00, 0xFE, 0x00, 0x00, 0x00, 0x1F, 0xC0, 0x00, 0x00, 0x07,
  0xF8, 0x00, 0x00, 0x00, 0xFE, 0x00, 0x00, 0x00, 0x3F, 0xC0, 0x00, 0x00,
  0x07, 0xF8, 0x00, 0x00, 0x01, 0xFE, 0x00, 0x00, 0x00, 0x3F, 0xC0, 0x00,
  0x00, 0x07, 0xF0, 0x00, 0x00, 0x01, 0xFE, 0x00, 0x00, 0x00, 0x3F, 0xC0,
  0x00, 0x00, 0x0F, 0xF0, 0x00, 0x00, 0x01, 0xFE, 0x00, 0x00, 0x00, 0x7F,
  0xC0, 0x00, 0x00, 0x0F, 0xF0, 0x00, 0x00, 0x03, 0xFE, 0x00, 0x00, 0x00,
  0x7F, 0x80, 0x00, 0x00, 0x0F, 0xF0, 0x00, 0x00, 0x00, 0x00, 0x07, 0xFF,
  0x00, 0x00, 0x01, 0xFF, 0xFE, 0x00, 0x00, 0x7F, 0xFF, 0xF0, 0x00, 0x1F,
  0xE0, 0x3F, 0xC0, 0x03, 0xF8, 0x00, 0xFE, 0x00, 0x7F, 0x00, 0x07, 0xF0,
  0x0F, 0xE0, 0x00, 0x7F, 0x00, 0xFE, 0x00, 0x03, 0xF8, 0x1F, 0xE0, 0x00,
  0x3F, 0x81, 0xFC, 0x00, 0x01, 0xF8, 0x3F, 0xC0, 0x00, 0x1F, 0xC3, 0xFC,
  0x00, 0x01, 0xFC, 0x3F, 0xC0, 0x00, 0x1F, 0xC3, 0xFC, 0x00, 0x01, 0xFC,
  0x3F, 0xC0, 0x00, 0x1F, 0xC3, 0xFE, 0x00, 0x01, 0xFC, 0x3F, 0xE0, 0x00,
  0x1F, 0xC1, 0xFF, 0x00, 0x01, 0xF8, 0x1F, 0xF8, 0x00, 0x3F, 0x81, 0xFF,
  0xC0, 0x03, 0xF8, 0x0F, 0xFF, 0x00, 0x7F, 0x00, 0xFF, 0xF8, 0x07, 0xE0,
  0x07, 0xFF, 0xE0, 0xFC, 0x00, 0x3F, 0xFF, 0x9F, 0x80, 0x01, 0xFF, 0xFF,
  0xF0, 0x00, 0x0F, 0xFF, 0xFE, 0x00, 0x00, 0x7F, 0xFF, 0x80, 0x00, 0x03,
  0xFF, 0xFE, 0x00, 0x00, 0xFF, 0xFF, 0xF0, 0x00, 0x3F, 0xBF, 0xFF, 0x80,
  0x07, 0xF1, 0xFF, 0xFE, 0x00, 0xFE, 0x07, 0xFF, 0xF0, 0x1F, 0xC0, 0x1F,
  0xFF, 0x83, 0xF8, 0x00, 0xFF, 0xF8, 0x3F, 0x80, 0x03, 0xFF, 0xC7, 0xF0,
  0x00, 0x1F, 0xFE, 0x7F, 0x00, 0x00, 0x7F, 0xEF, 0xE0, 0x00, 0x03, 0xFE,
  0xFE, 0x00, 0x00, 0x3F, 0xFF, 0xE0, 0x00, 0x01, 0xFF, 0xFE, 0x00, 0x00,
  0x1F, 0xFF, 0xE0, 0x00, 0x00, 0xFF, 0xFE, 0x00, 0x00, 0x0F, 0xFF, 0xE0,
  0x00, 0x00, 0xFF, 0xFE, 0x00, 0x00, 0x0F, 0xFF, 0xE0, 0x00, 0x00, 0xFF,
  0x7F, 0x00, 0x00, 0x0F, 0xE7, 0xF0, 0x00, 0x00, 0xFE, 0x3F, 0x80, 0x00,
  0x1F, 0xE3, 0xF8, 0x00, 0x01, 0xFC, 0x1F, 0xC0, 0x00, 0x3F, 0x80, 0xFE,
  0x00, 0x07, 0xF8, 0x07, 0xF0, 0x00, 0xFF, 0x00, 0x3F, 0xC0, 0x3F, 0xC0,
  0x01, 0xFF, 0xFF, 0xF8, 0x00, 0x07, 0xFF, 0xFE, 0x00, 0x00, 0x07, 0xFF,
  0x00, 0x00, 0x00, 0x03, 0xFE, 0x00, 0x00, 0x01, 0xFF, 0xFE, 0x00, 0x00,
  0x1F, 0xFF, 0xF8, 0x00, 0x03, 0xFC, 0x07, 0xF0, 0x00, 0x3F, 0x80, 0x0F,
  0xC0, 0x03, 0xF8, 0x00, 0x3F, 0x00, 0x3F, 0x80, 0x00, 0xFC, 0x03, 0xF8,
  0x00, 0x03, 0xF0, 0x1F, 0xC0, 0x00, 0x1F, 0x81, 0xFC, 0x00, 0x00, 0x7E,
  0x0F, 0xE0, 0x00, 0x03, 0xF8, 0xFF, 0x00, 0x00, 0x1F, 0xC7, 0xF8, 0x00,
  0x00, 0xFE, 0x3F, 0x80, 0x00, 0x03, 0xFB, 0xFC, 0x00, 0x00, 0x1F, 0xDF,
  0xE0, 0x00, 0x00, 0xFE, 0xFF, 0x00, 0x00, 0x07, 0xFF, 0xF8, 0x00, 0x00,
  0x3F, 0xFF, 0xC0, 0x00, 0x01, 0xFF, 0xFE, 0x00, 0x00, 0x0F, 0xFF, 0xF0,
  0x00, 0x00, 0x7F, 0xFF, 0x80, 0x00, 0x03, 0xFF, 0xFC, 0x00, 0x00, 0x1F,
  0xFF, 0xE0, 0x00, 0x00, 0xFF, 0xFF, 0x00, 0x00, 0x07, 0xFB, 0xFC, 0x00,
  0x00, 0x3F, 0xDF, 0xE0, 0x00, 0x01, 0xFE, 0xFF, 0x00, 0x00, 0x0F, 0xE3,
  0xF8, 0x00, 0x00, 0xFF, 0x1F, 0xE0, 0x00, 0x0F, 0xF8, 0x7F, 0x00, 0x00,
  0xFF, 0xC3, 0xFC, 0x00, 0x0F, 0xFE, 0x0F, 0xF0, 0x01, 0xFF, 0xE0, 0x3F,
  0xE0, 0x3F, 0xFF, 0x00, 0x7F, 0xFF, 0xF3, 0xF8, 0x01, 0xFF, 0xFE, 0x3F,
  0x80, 0x01, 0xFF, 0xC1, 0xFC, 0x00, 0x00, 0x00, 0x0F, 0xE0, 0x00, 0x00,
  0x00, 0xFE, 0x00, 0x00, 0x00, 0x07, 0xF0, 0x00, 0x00, 0x00, 0x3F, 0x00,
  0x00, 0x00, 0x03, 0xF8, 0x00, 0x00, 0x00, 0x1F, 0x80, 0x00, 0x00, 0x01,
  0xFC, 0x00, 0x00, 0x00, 0x1F, 0xC0, 0x00, 0x00, 0x00, 0xFC, 0x00, 0x00,
  0x00, 0x0F, 0xE0, 0x00, 0x00, 0x00, 0xFE, 0x00, 0x00, 0x00, 0x0F, 0xE0,
  0x00, 0x00, 0x00, 0xFE, 0x00, 0x00, 0x00, 0x0F, 0xE0, 0x00, 0x00, 0x01,
  0xFE, 0x00, 0x00, 0x00, 0x1F, 0xC0, 0x00, 0x00, 0x03, 0xFC, 0x00, 0x00,
  0x00, 0x7F, 0xC0, 0x00, 0x00, 0x1F, 0xF8, 0x00, 0x00, 0x07, 0xFF, 0x00,
  0x00, 0x00, 0x3F, 0xE0, 0x00, 0x00, 0x01, 0xF8, 0x00, 0x00, 0x00, 0x0C,
  0x00, 0x00, 0x00, 0x00, 0x1F, 0x0F, 0xF1, 0xFF, 0x7F, 0xFF, 0xFF, 0xFF,
  0xFF, 0xFB, 0xFE, 0x3F, 0x83, 0xE0, 0x00, 0x00, 0x00, 0x00, 0x00, 0x00,
  0x00, 0x00, 0x00, 0x00, 0x00, 0x00, 0x00, 0x00, 0x00, 0x00, 0x00, 0x00,
  0x00, 0x00, 0x00, 0x00, 0x00, 0x00, 0x00, 0x00, 0x3E, 0x1F, 0xE3, 0xFE,
  0xFF, 0xFF, 0xFF, 0xFF, 0xFF, 0xF7, 0xFC, 0x7F, 0x07, 0xC0, 0x1F, 0x0F,
  0xF1, 0xFF, 0x7F, 0xFF, 0xFF, 0xFF, 0xFF, 0xFB, 0xFE, 0x3F, 0x83, 0xE0,
  0x00, 0x00, 0x00, 0x00, 0x00, 0x00, 0x00, 0x00, 0x00, 0x00, 0x00, 0x00,
  0x00, 0x00, 0x00, 0x00, 0x00, 0x00, 0x00, 0x00, 0x00, 0x00, 0x00, 0x00,
  0x03, 0xF0, 0xFF, 0x3F, 0xF7, 0xFE, 0xFF, 0xFF, 0xFF, 0xFF, 0xBF, 0xF7,
  0xFE, 0x3F, 0xC3, 0xF8, 0x7E, 0x0F, 0xC1, 0xF8, 0x3E, 0x07, 0xC1, 0xF0,
  0x3E, 0x0F, 0x81, 0xE0, 0x78, 0x1F, 0x03, 0x80, 0x00, 0x00, 0x00, 0x00,
  0x00, 0x20, 0x00, 0x00, 0x00, 0x1C, 0x00, 0x00, 0x00, 0x0F, 0x80, 0x00,
  0x00, 0x07, 0xF0, 0x00, 0x00, 0x03, 0xFE, 0x00, 0x00, 0x00, 0xFF, 0xC0,
  0x00, 0x00, 0x7F, 0xE0, 0x00, 0x00, 0x3F, 0xF0, 0x00, 0x00, 0x1F, 0xF8,
  0x00, 0x00, 0x0F, 0xFE, 0x00, 0x00, 0x07, 0xFF, 0x00, 0x00, 0x03, 0xFF,
  0x80, 0x00, 0x01, 0xFF, 0xC0, 0x00, 0x00, 0xFF, 0xE0, 0x00, 0x00, 0x7F,
  0xF0, 0x00, 0x00, 0x3F, 0xF8, 0x00, 0x00, 0x0F, 0xFC, 0x00, 0x00, 0x07,
  0xFE, 0x00, 0x00, 0x03, 0xFF, 0x00, 0x00, 0x00, 0x7F, 0x80, 0x00, 0x00,
  0x0F, 0xC0, 0x00, 0x00, 0x01, 0xFC, 0x00, 0x00, 0x00, 0x3F, 0xE0, 0x00,
  0x00, 0x03, 0xFF, 0x00, 0x00, 0x00, 0x1F, 0xF8, 0x00, 0x00, 0x00, 0xFF,
  0xC0, 0x00, 0x00, 0x07, 0xFE, 0x00, 0x00, 0x00, 0x3F, 0xF0, 0x00, 0x00,
  0x01, 0xFF, 0x80, 0x00, 0x00, 0x1F, 0xFC, 0x00, 0x00, 0x00, 0xFF, 0xE0,
  0x00, 0x00, 0x07, 0xFF, 0x00, 0x00, 0x00, 0x3F, 0xF8, 0x00, 0x00, 0x01,
  0xFF, 0xC0, 0x00, 0x00, 0x0F, 0xFE, 0x00, 0x00, 0x00, 0x7F, 0xF0, 0x00,
  0x00, 0x03, 0xFE, 0x00, 0x00, 0x00, 0x1F, 0xC0, 0x00, 0x00, 0x00, 0xF8,
  0x00, 0x00, 0x00, 0x07, 0x00, 0x00, 0x00, 0x00, 0x20, 0xFF, 0xFF, 0xFF,
  0xFF, 0xFF, 0xFF, 0xFF, 0xFF, 0xFF, 0xFF, 0xFF, 0xFF, 0xFF, 0xFF, 0xFF,
  0xFF, 0xFF, 0xFF, 0xFF, 0xFF, 0xFF, 0xFF, 0xF0, 0x00, 0x00, 0x00, 0x00,
  0x00, 0x00, 0x00, 0x00, 0x00, 0x00, 0x00, 0x00, 0x00, 0x00, 0x00, 0x00,
  0x00, 0x00, 0x00, 0x00, 0x00, 0x00, 0x00, 0x00, 0x00, 0x00, 0x00, 0x00,
  0x00, 0x00, 0x00, 0x00, 0x00, 0x00, 0x00, 0x00, 0x00, 0x00, 0x00, 0x00,
  0x00, 0x00, 0x00, 0x00, 0x00, 0x00, 0x00, 0x00, 0x00, 0x00, 0x00, 0x00,
  0x00, 0x00, 0x00, 0x00, 0x00, 0x00, 0x00, 0x00, 0x00, 0x00, 0x00, 0x00,
  0x00, 0x00, 0x00, 0xFF, 0xFF, 0xFF, 0xFF, 0xFF, 0xFF, 0xFF, 0xFF, 0xFF,
  0xFF, 0xFF, 0xFF, 0xFF, 0xFF, 0xFF, 0xFF, 0xFF, 0xFF, 0xFF, 0xFF, 0xFF,
  0xFF, 0xF0, 0x80, 0x00, 0x00, 0x00, 0x1C, 0x00, 0x00, 0x00, 0x03, 0xE0,
  0x00, 0x00, 0x00, 0x7F, 0x00, 0x00, 0x00, 0x0F, 0xF8, 0x00, 0x00, 0x01,
  0xFF, 0x80, 0x00, 0x00, 0x0F, 0xFC, 0x00, 0x00, 0x00, 0x7F, 0xE0, 0x00,
  0x00, 0x03, 0xFF, 0x00, 0x00, 0x00, 0x3F, 0xF8, 0x00, 0x00, 0x01, 0xFF,
  0xC0, 0x00, 0x00, 0x0F, 0xFE, 0x00, 0x00, 0x00, 0x7F, 0xF0, 0x00, 0x00,
  0x03, 0xFF, 0x80, 0x00, 0x00, 0x1F, 0xFC, 0x00, 0x00, 0x00, 0xFF, 0xE0,
  0x00, 0x00, 0x07, 0xFE, 0x00, 0x00, 0x00, 0x3F, 0xF0, 0x00, 0x00, 0x01,
  0xFF, 0x80, 0x00, 0x00, 0x0F, 0xF0, 0x00, 0x00, 0x00, 0x7E, 0x00, 0x00,
  0x00, 0x1F, 0xC0, 0x00, 0x00, 0x0F, 0xF8, 0x00, 0x00, 0x07, 0xFE, 0x00,
  0x00, 0x03, 0xFF, 0x00, 0x00, 0x01, 0xFF, 0x80, 0x00, 0x00, 0xFF, 0xC0,
  0x00, 0x00, 0x7F, 0xE0, 0x00, 0x00, 0x3F, 0xF0, 0x00, 0x00, 0x1F, 0xFC,
  0x00, 0x00, 0x0F, 0xFE, 0x00, 0x00, 0x07, 0xFF, 0x00, 0x00, 0x03, 0xFF,
  0x80, 0x00, 0x01, 0xFF, 0xC0, 0x00, 0x00, 0xFF, 0xE0, 0x00, 0x00, 0x7F,
  0xF0, 0x00, 0x00, 0x0F, 0xF8, 0x00, 0x00, 0x01, 0xFC, 0x00, 0x00, 0x00,
  0x3E, 0x00, 0x00, 0x00, 0x07, 0x00, 0x00, 0x00, 0x00, 0x80, 0x00, 0x00,
  0x00, 0x00, 0x00, 0x0F, 0xFC, 0x00, 0x00, 0x3F, 0xFF, 0xC0, 0x00, 0x7F,
  0xFF, 0xF8, 0x00, 0x7F, 0x03, 0xFE, 0x00, 0xFE, 0x00, 0x7F, 0x80, 0x7E,
  0x00, 0x1F, 0xE0, 0x7E, 0x00, 0x07, 0xF8, 0x7F, 0x00, 0x03, 0xFC, 0x3F,
  0x00, 0x00, 0xFF, 0x3F, 0x80, 0x00, 0x7F, 0x9F, 0xC0, 0x00, 0x1F, 0xCF,
  0xE0, 0x00, 0x0F, 0xFF, 0xF0, 0x00, 0x07, 0xFB, 0xF0, 0x00, 0x03, 0xFD,
  0xF8, 0x00, 0x01, 0xFE, 0xFC, 0x00, 0x00, 0xFF, 0x1E, 0x00, 0x00, 0x7F,
  0x80, 0x00, 0x00, 0x3F, 0xC0, 0x00, 0x00, 0x1F, 0xC0, 0x00, 0x00, 0x1F,
  0xE0, 0x00, 0x00, 0x0F, 0xE0, 0x00, 0x00, 0x0F, 0xF0, 0x00, 0x00, 0x07,
  0xF0, 0x00, 0x00, 0x07, 0xF0, 0x00, 0x00, 0x07, 0xF0, 0x00, 0x00, 0x03,
  0xF8, 0x00, 0x00, 0x03, 0xF0, 0x00, 0x00, 0x03, 0xF0, 0x00, 0x00, 0x03,
  0xF0, 0x00, 0x00, 0x03, 0xF0, 0x00, 0x00, 0x03, 0xF0, 0x00, 0x00, 0x01,
  0xF0, 0x00, 0x00, 0x01, 0xF8, 0x00, 0x00, 0x01, 0xF8, 0x00, 0x00, 0x00,
  0xF8, 0x00, 0x00, 0x00, 0x78, 0x00, 0x00, 0x00, 0x7C, 0x00, 0x00, 0x00,
  0x3E, 0x00, 0x00, 0x00, 0x1E, 0x00, 0x00, 0x00, 0x0F, 0x00, 0x00, 0x00,
  0x07, 0x80, 0x00, 0x00, 0x03, 0xC0, 0x00, 0x00, 0x01, 0xE0, 0x00, 0x00,
  0x00, 0xF0, 0x00, 0x00, 0x00, 0x00, 0x00, 0x00, 0x00, 0x00, 0x00, 0x00,
  0x00, 0x00, 0x00, 0x00, 0x00, 0x00, 0x00, 0x00, 0x00, 0x00, 0x00, 0x00,
  0x00, 0x03, 0xE0, 0x00, 0x00, 0x07, 0xF8, 0x00, 0x00, 0x03, 0xFE, 0x00,
  0x00, 0x03, 0xFF, 0x80, 0x00, 0x01, 0xFF, 0xC0, 0x00, 0x00, 0xFF, 0xE0,
  0x00, 0x00, 0x7F, 0xF0, 0x00, 0x00, 0x1F, 0xF0, 0x00, 0x00, 0x07, 0xF0,
  0x00, 0x00, 0x01, 0xF0, 0x00, 0x00, 0x00, 0x00, 0x00, 0x03, 0xFF, 0xC0,
  0x00, 0x00, 0x00, 0x00, 0x00, 0xFF, 0xFF, 0xF0, 0x00, 0x00, 0x00, 0x00,
  0x1F, 0xFF, 0xFF, 0xF8, 0x00, 0x00, 0x00, 0x01, 0xFF, 0x00, 0x1F, 0xF8,
  0x00, 0x00, 0x00, 0x1F, 0xC0, 0x00, 0x0F, 0xF8, 0x00, 0x00, 0x01, 0xFC,
  0x00, 0x00, 0x07, 0xF0, 0x00, 0x00, 0x0F, 0xC0, 0x00, 0x00, 0x0F, 0xF0,
  0x00, 0x00, 0xFC, 0x00, 0x00, 0x00, 0x0F, 0xE0, 0x00, 0x07, 0xE0, 0x00,
  0x00, 0x00, 0x1F, 0x80, 0x00, 0x3E, 0x00, 0x00, 0x00, 0x00, 0x3F, 0x00,
  0x01, 0xF0, 0x00, 0x00, 0x00, 0x00, 0x7E, 0x00, 0x0F, 0x80, 0x00, 0x00,
  0x00, 0x00, 0xFC, 0x00, 0x7C, 0x00, 0x00, 0x00, 0x00, 0x01, 0xF0, 0x03,
  0xE0, 0x00, 0x00, 0x00, 0x00, 0x07, 0xE0, 0x1F, 0x00, 0x00, 0xFE, 0x00,
  0x00, 0x0F, 0x80, 0xFC, 0x00, 0x0F, 0xFC, 0x3F, 0xC0, 0x3E, 0x03, 0xE0,
  0x00, 0xFF, 0xF8, 0xFE, 0x00, 0xF8, 0x1F, 0x00, 0x07, 0xFF, 0xF3, 0xF8,
  0x01, 0xF0, 0x7C, 0x00, 0x3F, 0xFF, 0xFF, 0xE0, 0x07, 0xC3, 0xE0, 0x01,
  0xFF, 0x07, 0xFF, 0x00, 0x1F, 0x0F, 0x80, 0x0F, 0xF8, 0x0F, 0xFC, 0x00,
  0x7C, 0x7C, 0x00, 0x7F, 0xC0, 0x3F, 0xF0, 0x01, 0xF1, 0xF0, 0x01, 0xFE,
  0x00, 0x7F, 0x80, 0x07, 0xCF, 0x80, 0x0F, 0xF0, 0x01, 0xFE, 0x00, 0x1F,
  0x3E, 0x00, 0x3F, 0x80, 0x07, 0xF0, 0x00, 0x7C, 0xF8, 0x01, 0xFE, 0x00,
  0x1F, 0xC0, 0x01, 0xF7, 0xC0, 0x07, 0xF8, 0x00, 0xFF, 0x00, 0x07, 0xDF,
  0x00, 0x3F, 0xC0, 0x03, 0xF8, 0x00, 0x1F, 0x7C, 0x00, 0xFF, 0x00, 0x0F,
  0xE0, 0x00, 0xFD, 0xF0, 0x03, 0xF8, 0x00, 0x7F, 0x80, 0x03, 0xEF, 0xC0,
  0x0F, 0xE0, 0x01, 0xFC, 0x00, 0x0F, 0xBE, 0x00, 0x7F, 0x80, 0x07, 0xF0,
  0x00, 0x7E, 0xF8, 0x01, 0xFE, 0x00, 0x3F, 0xC0, 0x01, 0xF3, 0xE0, 0x07,
  0xF0, 0x00, 0xFE, 0x00, 0x0F, 0xCF, 0x80, 0x1F, 0xC0, 0x03, 0xF8, 0x00,
  0x3F, 0x3E, 0x00, 0x7F, 0x00, 0x1F, 0xE0, 0x01, 0xF8, 0xF8, 0x01, 0xFC,
  0x00, 0x7F, 0x00, 0x07, 0xE3, 0xE0, 0x07, 0xF0, 0x01, 0xFC, 0x00, 0x3F,
  0x0F, 0x80, 0x1F, 0xC0, 0x0F, 0xE0, 0x01, 0xF8, 0x3E, 0x00, 0x7F, 0x00,
  0x7F, 0x80, 0x0F, 0xE0, 0xF8, 0x01, 0xFC, 0x01, 0xFE, 0x00, 0x7F, 0x03,
  0xE0, 0x07, 0xF0, 0x0F, 0xF8, 0x03, 0xF8, 0x0F, 0x80, 0x0F, 0xE0, 0x7F,
  0xE0, 0x3F, 0xC0, 0x3E, 0x00, 0x3F, 0xC7, 0xFF, 0xC3, 0xFE, 0x00, 0xF8,
  0x00, 0x7F, 0xFF, 0x3F, 0xFF, 0xE0, 0x03, 0xF0, 0x01, 0xFF, 0xFC, 0xFF,
  0xFF, 0x00, 0x07, 0xC0, 0x03, 0xFF, 0xE1, 0xFF, 0xF8, 0x00, 0x1F, 0x00,
  0x03, 0xFE, 0x03, 0xFF, 0x00, 0x00, 0x7E, 0x00, 0x03, 0xE0, 0x07, 0xF0,
  0x00, 0x00, 0xF8, 0x00, 0x00, 0x00, 0x00, 0x00, 0x00, 0x03, 0xE0, 0x00,
  0x00, 0x00, 0x00, 0x00, 0x00, 0x07, 0xC0, 0x00, 0x00, 0x00, 0x00, 0x00,
  0x00, 0x1F, 0x80, 0x00, 0x00, 0x00, 0x00, 0x00, 0x00, 0x3E, 0x00, 0x00,
  0x00, 0x00, 0x00, 0x00, 0x00, 0xFC, 0x00, 0x00, 0x00, 0x00, 0x00, 0x00,
  0x01, 0xF8, 0x00, 0x00, 0x00, 0x00, 0x18, 0x00, 0x03, 0xF0, 0x00, 0x00,
  0x00, 0x00, 0xF0, 0x00, 0x07, 0xE0, 0x00, 0x00, 0x00, 0x07, 0xC0, 0x00,
  0x0F, 0xE0, 0x00, 0x00, 0x00, 0x7E, 0x00, 0x00, 0x1F, 0xE0, 0x00, 0x00,
  0x03, 0xF0, 0x00, 0x00, 0x1F, 0xE0, 0x00, 0x00, 0x3F, 0x00, 0x00, 0x00,
  0x3F, 0xE0, 0x00, 0x03, 0xF8, 0x00, 0x00, 0x00, 0x3F, 0xFC, 0x00, 0xFF,
  0x80, 0x00, 0x00, 0x00, 0x1F, 0xFF, 0xFF, 0xF8, 0x00, 0x00, 0x00, 0x00,
  0x0F, 0xFF, 0xFF, 0x80, 0x00, 0x00, 0x00, 0x00, 0x03, 0xFF, 0xC0, 0x00,
  0x00, 0x00, 0x00, 0x00, 0x00, 0x7E, 0x00, 0x00, 0x00, 0x00, 0x00, 0x01,
  0xFC, 0x00, 0x00, 0x00, 0x00, 0x00, 0x03, 0xF8, 0x00, 0x00, 0x00, 0x00,
  0x00, 0x07, 0xF8, 0x00, 0x00, 0x00, 0x00, 0x00, 0x1F, 0xF0, 0x00, 0x00,
  0x00, 0x00, 0x00, 0x3F, 0xE0, 0x00, 0x00, 0x00, 0x00, 0x00, 0x7F, 0xE0,
  0x00, 0x00, 0x00, 0x00, 0x01, 0xFF, 0xC0, 0x00, 0x00, 0x00, 0x00, 0x03,
  0xFF, 0x80, 0x00, 0x00, 0x00, 0x00, 0x07, 0xFF, 0x80, 0x00, 0x00, 0x00,
  0x00, 0x1F, 0xFF, 0x00, 0x00, 0x00, 0x00, 0x00, 0x3E, 0xFE, 0x00, 0x00,
  0x00, 0x00, 0x00, 0x79, 0xFE, 0x00, 0x00, 0x00, 0x00, 0x01, 0xF3, 0xFC,
  0x00, 0x00, 0x00, 0x00, 0x03, 0xE3, 0xFC, 0x00, 0x00, 0x00, 0x00, 0x0F,
  0x87, 0xF8, 0x00, 0x00, 0x00, 0x00, 0x1F, 0x0F, 0xF0, 0x00, 0x00, 0x00,
  0x00, 0x3E, 0x1F, 0xF0, 0x00, 0x00, 0x00, 0x00, 0xF8, 0x1F, 0xE0, 0x00,
  0x00, 0x00, 0x01, 0xF0, 0x3F, 0xC0, 0x00, 0x00, 0x00, 0x03, 0xE0, 0x7F,
  0xC0, 0x00, 0x00, 0x00, 0x0F, 0x80, 0x7F, 0x80, 0x00, 0x00, 0x00, 0x1F,
  0x00, 0xFF, 0x00, 0x00, 0x00, 0x00, 0x3E, 0x01, 0xFF, 0x00, 0x00, 0x00,
  0x00, 0xF8, 0x01, 0xFE, 0x00, 0x00, 0x00, 0x01, 0xF0, 0x03, 0xFC, 0x00,
  0x00, 0x00, 0x03, 0xE0, 0x07, 0xFC, 0x00, 0x00, 0x00, 0x0F, 0x80, 0x07,
  0xF8, 0x00, 0x00, 0x00, 0x1F, 0x00, 0x0F, 0xF0, 0x00, 0x00, 0x00, 0x3E,
  0x00, 0x1F, 0xF0, 0x00, 0x00, 0x00, 0xF8, 0x00, 0x1F, 0xE0, 0x00, 0x00,
  0x01, 0xF0, 0x00, 0x3F, 0xC0, 0x00, 0x00, 0x07, 0xE0, 0x00, 0x7F, 0xC0,
  0x00, 0x00, 0x0F, 0x80, 0x00, 0x7F, 0x80, 0x00, 0x00, 0x1F, 0xFF, 0xFF,
  0xFF, 0x00, 0x00, 0x00, 0x7F, 0xFF, 0xFF, 0xFF, 0x00, 0x00, 0x00, 0xFF,
  0xFF, 0xFF, 0xFE, 0x00, 0x00, 0x01, 0xF0, 0x00, 0x03, 0xFC, 0x00, 0x00,
  0x07, 0xC0, 0x00, 0x07, 0xFC, 0x00, 0x00, 0x0F, 0x80, 0x00, 0x07, 0xF8,
  0x00, 0x00, 0x1F, 0x00, 0x00, 0x0F, 0xF0, 0x00, 0x00, 0x7C, 0x00, 0x00,
  0x1F, 0xF0, 0x00, 0x00, 0xF8, 0x00, 0x00, 0x1F, 0xE0, 0x00, 0x01, 0xF0,
  0x00, 0x00, 0x3F, 0xE0, 0x00, 0x07, 0xC0, 0x00, 0x00, 0x7F, 0xC0, 0x00,
  0x0F, 0x80, 0x00, 0x00, 0x7F, 0x80, 0x00, 0x1F, 0x00, 0x00, 0x00, 0xFF,
  0x80, 0x00, 0x7C, 0x00, 0x00, 0x01, 0xFF, 0x00, 0x00, 0xF8, 0x00, 0x00,
  0x01, 0xFE, 0x00, 0x03, 0xF0, 0x00, 0x00, 0x03, 0xFE, 0x00, 0x07, 0xC0,
  0x00, 0x00, 0x07, 0xFC, 0x00, 0x0F, 0x80, 0x00, 0x00, 0x0F, 0xF8, 0x00,
  0x7F, 0x00, 0x00, 0x00, 0x1F, 0xFC, 0x1F, 0xFF, 0xFC, 0x00, 0x0F, 0xFF,
  0xFF, 0xFF, 0xFF, 0xF8, 0x00, 0x1F, 0xFF, 0xFF, 0xFF, 0xFF, 0xF0, 0x00,
  0x3F, 0xFF, 0xFF, 0x7F, 0xFF, 0xFF, 0xFE, 0x00, 0x01, 0xFF, 0xFF, 0xFF,
  0xFF, 0x80, 0x07, 0xFF, 0xFF, 0xFF, 0xFF, 0x80, 0x00, 0xFF, 0xE0, 0x03,
  0xFF, 0x80, 0x00, 0xFF, 0x80, 0x01, 0xFF, 0x00, 0x01, 0xFE, 0x00, 0x03,
  0xFE, 0x00, 0x07, 0xF8, 0x00, 0x07, 0xFC, 0x00, 0x1F, 0xE0, 0x00, 0x0F,
  0xF0, 0x00, 0x7F, 0x80, 0x00, 0x3F, 0xE0, 0x01, 0xFE, 0x00, 0x00, 0x7F,
  0x80, 0x07, 0xF8, 0x00, 0x01, 0xFE, 0x00, 0x1F, 0xE0, 0x00, 0x07, 0xF8,
  0x00, 0x7F, 0x80, 0x00, 0x1F, 0xE0, 0x01, 0xFE, 0x00, 0x00, 0x7F, 0x80,
  0x07, 0xF8, 0x00, 0x01, 0xFE, 0x00, 0x1F, 0xE0, 0x00, 0x07, 0xF8, 0x00,
  0x7F, 0x80, 0x00, 0x3F, 0xC0, 0x01, 0xFE, 0x00, 0x00, 0xFF, 0x00, 0x07,
  0xF8, 0x00, 0x07, 0xF8, 0x00, 0x1F, 0xE0, 0x00, 0x1F, 0xC0, 0x00, 0x7F,
  0x80, 0x00, 0xFE, 0x00, 0x01, 0xFE, 0x00, 0x0F, 0xF0, 0x00, 0x07, 0xF8,
  0x01, 0xFF, 0x80, 0x00, 0x1F, 0xFF, 0xFF, 0xF0, 0x00, 0x00, 0x7F, 0xFF,
  0xFF, 0xE0, 0x00, 0x01, 0xFF, 0xFF, 0xFF, 0xF0, 0x00, 0x07, 0xF8, 0x00,
  0x1F, 0xF0, 0x00, 0x1F, 0xE0, 0x00, 0x1F, 0xE0, 0x00, 0x7F, 0x80, 0x00,
  0x1F, 0xE0, 0x01, 0xFE, 0x00, 0x00, 0x7F, 0x80, 0x07, 0xF8, 0x00, 0x00,
  0xFF, 0x00, 0x1F, 0xE0, 0x00, 0x01, 0xFE, 0x00, 0x7F, 0x80, 0x00, 0x07,
  0xF8, 0x01, 0xFE, 0x00, 0x00, 0x0F, 0xE0, 0x07, 0xF8, 0x00, 0x00, 0x3F,
  0xC0, 0x1F, 0xE0, 0x00, 0x00, 0xFF, 0x00, 0x7F, 0x80, 0x00, 0x03, 0xFC,
  0x01, 0xFE, 0x00, 0x00, 0x0F, 0xF0, 0x07, 0xF8, 0x00, 0x00, 0x3F, 0xC0,
  0x1F, 0xE0, 0x00, 0x00, 0xFF, 0x00, 0x7F, 0x80, 0x00, 0x03, 0xFC, 0x01,
  0xFE, 0x00, 0x00, 0x0F, 0xF0, 0x07, 0xF8, 0x00, 0x00, 0x7F, 0x80, 0x1F,
  0xE0, 0x00, 0x01, 0xFE, 0x00, 0x7F, 0x80, 0x00, 0x07, 0xF8, 0x01, 0xFE,
  0x00, 0x00, 0x3F, 0xC0, 0x07, 0xF8, 0x00, 0x01, 0xFE, 0x00, 0x1F, 0xE0,
  0x00, 0x07, 0xF8, 0x00, 0x7F, 0x80, 0x00, 0x7F, 0xC0, 0x03, 0xFE, 0x00,
  0x03, 0xFE, 0x01, 0xFF, 0xFC, 0x00, 0x7F, 0xE0, 0x1F, 0xFF, 0xFF, 0xFF,
  0xFF, 0x00, 0x7F, 0xFF, 0xFF, 0xFF, 0xE0, 0x01, 0xFF, 0xFF, 0xFF, 0xF8,
  0x00, 0x00, 0x00, 0x00, 0x07, 0xFF, 0xC0, 0x00, 0x00, 0x07, 0xFF, 0xFF,
  0xF0, 0x00, 0x01, 0xFF, 0xFF, 0xFF, 0xE0, 0x00, 0x7F, 0xC0, 0x3F, 0xFF,
  0x00, 0x1F, 0xE0, 0x00, 0xFF, 0xF0, 0x03, 0xF8, 0x00, 0x03, 0xFF, 0x00,
  0x7F, 0x00, 0x00, 0x1F, 0xF0, 0x0F, 0xE0, 0x00, 0x00, 0xFF, 0x01, 0xFC,
  0x00, 0x00, 0x07, 0xF0, 0x3F, 0xC0, 0x00, 0x00, 0x7F, 0x07, 0xF8, 0x00,
  0x00, 0x03, 0xF0, 0x7F, 0x80, 0x00, 0x00, 0x1F, 0x0F, 0xF0, 0x00, 0x00,
  0x01, 0xF1, 0xFF, 0x00, 0x00, 0x00, 0x1F, 0x1F, 0xF0, 0x00, 0x00, 0x00,
  0xF3, 0xFE, 0x00, 0x00, 0x00, 0x0E, 0x3F, 0xE0, 0x00, 0x00, 0x00, 0x43,
  0xFE, 0x00, 0x00, 0x00, 0x00, 0x7F, 0xE0, 0x00, 0x00, 0x00, 0x07, 0xFE,
  0x00, 0x00, 0x00, 0x00, 0x7F, 0xC0, 0x00, 0x00, 0x00, 0x07, 0xFC, 0x00,
  0x00, 0x00, 0x00, 0xFF, 0xC0, 0x00, 0x00, 0x00, 0x0F, 0xFC, 0x00, 0x00,
  0x00, 0x00, 0xFF, 0xC0, 0x00, 0x00, 0x00, 0x0F, 0xFC, 0x00, 0x00, 0x00,
  0x00, 0xFF, 0xC0, 0x00, 0x00, 0x00, 0x0F, 0xFC, 0x00, 0x00, 0x00, 0x00,
  0xFF, 0xC0, 0x00, 0x00, 0x00, 0x0F, 0xFC, 0x00, 0x00, 0x00, 0x00, 0xFF,
  0xC0, 0x00, 0x00, 0x00, 0x0F, 0xFC, 0x00, 0x00, 0x00, 0x00, 0xFF, 0xC0,
  0x00, 0x00, 0x00, 0x0F, 0xFC, 0x00, 0x00, 0x00, 0x00, 0xFF, 0xC0, 0x00,
  0x00, 0x00, 0x0F, 0xFC, 0x00, 0x00, 0x00, 0x00, 0x7F, 0xC0, 0x00, 0x00,
  0x00, 0x07, 0xFE, 0x00, 0x00, 0x00, 0x00, 0x7F, 0xE0, 0x00, 0x00, 0x00,
  0x07, 0xFE, 0x00, 0x00, 0x00, 0x00, 0x3F, 0xE0, 0x00, 0x00, 0x00, 0x63,
  0xFF, 0x00, 0x00, 0x00, 0x0F, 0x3F, 0xF0, 0x00, 0x00, 0x00, 0xF1, 0xFF,
  0x00, 0x00, 0x00, 0x0F, 0x1F, 0xF8, 0x00, 0x00, 0x01, 0xF0, 0xFF, 0x80,
  0x00, 0x00, 0x1E, 0x07, 0xFC, 0x00, 0x00, 0x01, 0xE0, 0x7F, 0xC0, 0x00,
  0x00, 0x3E, 0x03, 0xFE, 0x00, 0x00, 0x07, 0xE0, 0x1F, 0xF0, 0x00, 0x00,
  0x7E, 0x00, 0xFF, 0x80, 0x00, 0x0F, 0xE0, 0x07, 0xFC, 0x00, 0x01, 0xFE,
  0x00, 0x1F, 0xF0, 0x00, 0x7F, 0xC0, 0x00, 0xFF, 0xE0, 0x1F, 0xF8, 0x00,
  0x03, 0xFF, 0xFF, 0xFE, 0x00, 0x00, 0x07, 0xFF, 0xFF, 0x00, 0x00, 0x00,
  0x07, 0xFF, 0x00, 0x00, 0xFF, 0xFF, 0xFF, 0xFE, 0x00, 0x00, 0x0F, 0xFF,
  0xFF, 0xFF, 0xFE, 0x00, 0x00, 0xFF, 0xFF, 0xFF, 0xFF, 0xFC, 0x00, 0x00,
  0xFF, 0xE0, 0x00, 0xFF, 0xF0, 0x00, 0x03, 0xFE, 0x00, 0x00, 0xFF, 0xC0,
  0x00, 0x1F, 0xE0, 0x00, 0x03, 0xFE, 0x00, 0x01, 0xFE, 0x00, 0x00, 0x1F,
  0xF0, 0x00, 0x1F, 0xE0, 0x00, 0x00, 0x7F, 0x80, 0x01, 0xFE, 0x00, 0x00,
  0x03, 0xFC, 0x00, 0x1F, 0xE0, 0x00, 0x00, 0x3F, 0xE0, 0x01, 0xFE, 0x00,
  0x00, 0x01, 0xFF, 0x00, 0x1F, 0xE0, 0x00, 0x00, 0x0F, 0xF0, 0x01, 0xFE,
  0x00, 0x00, 0x00, 0xFF, 0x80, 0x1F, 0xE0, 0x00, 0x00, 0x07, 0xF8, 0x01,
  0xFE, 0x00, 0x00, 0x00, 0x7F, 0xC0, 0x1F, 0xE0, 0x00, 0x00, 0x03, 0xFC,
  0x01, 0xFE, 0x00, 0x00, 0x00, 0x3F, 0xE0, 0x1F, 0xE0, 0x00, 0x00, 0x03,
  0xFE, 0x01, 0xFE, 0x00, 0x00, 0x00, 0x3F, 0xE0, 0x1F, 0xE0, 0x00, 0x00,
  0x01, 0xFE, 0x01, 0xFE, 0x00, 0x00, 0x00, 0x1F, 0xF0, 0x1F, 0xE0, 0x00,
  0x00, 0x01, 0xFF, 0x01, 0xFE, 0x00, 0x00, 0x00, 0x1F, 0xF0, 0x1F, 0xE0,
  0x00, 0x00, 0x01, 0xFF, 0x01, 0xFE, 0x00, 0x00, 0x00, 0x1F, 0xF0, 0x1F,
  0xE0, 0x00, 0x00, 0x01, 0xFF, 0x01, 0xFE, 0x00, 0x00, 0x00, 0x1F, 0xF0,
  0x1F, 0xE0, 0x00, 0x00, 0x01, 0xFF, 0x01, 0xFE, 0x00, 0x00, 0x00, 0x1F,
  0xF0, 0x1F, 0xE0, 0x00, 0x00, 0x01, 0xFF, 0x01, 0xFE, 0x00, 0x00, 0x00,
  0x1F, 0xF0, 0x1F, 0xE0, 0x00, 0x00, 0x01, 0xFF, 0x01, 0xFE, 0x00, 0x00,
  0x00, 0x1F, 0xE0, 0x1F, 0xE0, 0x00, 0x00, 0x01, 0xFE, 0x01, 0xFE, 0x00,
  0x00, 0x00, 0x3F, 0xE0, 0x1F, 0xE0, 0x00, 0x00, 0x03, 0xFE, 0x01, 0xFE,
  0x00, 0x00, 0x00, 0x3F, 0xC0, 0x1F, 0xE0, 0x00, 0x00, 0x03, 0xFC, 0x01,
  0xFE, 0x00, 0x00, 0x00, 0x3F, 0xC0, 0x1F, 0xE0, 0x00, 0x00, 0x07, 0xF8,
  0x01, 0xFE, 0x00, 0x00, 0x00, 0x7F, 0x80, 0x1F, 0xE0, 0x00, 0x00, 0x0F,
  0xF0, 0x01, 0xFE, 0x00, 0x00, 0x00, 0xFF, 0x00, 0x1F, 0xE0, 0x00, 0x00,
  0x1F, 0xE0, 0x01, 0xFE, 0x00, 0x00, 0x01, 0xFC, 0x00, 0x1F, 0xE0, 0x00,
  0x00, 0x3F, 0x80, 0x01, 0xFE, 0x00, 0x00, 0x07, 0xF0, 0x00, 0x1F, 0xE0,
  0x00, 0x00, 0xFE, 0x00, 0x01, 0xFE, 0x00, 0x00, 0x1F, 0xC0, 0x00, 0x3F,
  0xF0, 0x00, 0x07, 0xF8, 0x00, 0x1F, 0xFF, 0xC0, 0x07, 0xFE, 0x00, 0x0F,
  0xFF, 0xFF, 0xFF, 0xFF, 0x80, 0x00, 0xFF, 0xFF, 0xFF, 0xFF, 0xE0, 0x00,
  0x07, 0xFF, 0xFF, 0xFF, 0xE0, 0x00, 0x00, 0xFF, 0xFF, 0xFF, 0xFF, 0xFC,
  0x0F, 0xFF, 0xFF, 0xFF, 0xFF, 0xC0, 0xFF, 0xFF, 0xFF, 0xFF, 0xFE, 0x00,
  0xFF, 0xE0, 0x00, 0x3F, 0xE0, 0x03, 0xFE, 0x00, 0x00, 0xFE, 0x00, 0x1F,
  0xE0, 0x00, 0x0F, 0xE0, 0x01, 0xFE, 0x00, 0x00, 0x7E, 0x00, 0x1F, 0xE0,
  0x00, 0x07, 0xE0, 0x01, 0xFE, 0x00, 0x00, 0x3E, 0x00, 0x1F, 0xE0, 0x00,
  0x03, 0xE0, 0x01, 0xFE, 0x00, 0x00, 0x1E, 0x00, 0x1F, 0xE0, 0x00, 0x01,
  0xF0, 0x01, 0xFE, 0x00, 0x00, 0x0F, 0x00, 0x1F, 0xE0, 0x00, 0x00, 0x60,
  0x01, 0xFE, 0x00, 0x00, 0x00, 0x00, 0x1F, 0xE0, 0x00, 0x00, 0x00, 0x01,
  0xFE, 0x00, 0x00, 0x00, 0x00, 0x1F, 0xE0, 0x00, 0xE0, 0x00, 0x01, 0xFE,
  0x00, 0x0E, 0x00, 0x00, 0x1F, 0xE0, 0x01, 0xE0, 0x00, 0x01, 0xFE, 0x00,
  0x1E, 0x00, 0x00, 0x1F, 0xE0, 0x01, 0xE0, 0x00, 0x01, 0xFE, 0x00, 0x3E,
  0x00, 0x00, 0x1F, 0xE0, 0x07, 0xE0, 0x00, 0x01, 0xFF, 0xFF, 0xFE, 0x00,
  0x00, 0x1F, 0xFF, 0xFF, 0xE0, 0x00, 0x01, 0xFF, 0xFF, 0xFE, 0x00, 0x00,
  0x1F, 0xE0, 0x07, 0xE0, 0x00, 0x01, 0xFE, 0x00, 0x3E, 0x00, 0x00, 0x1F,
  0xE0, 0x03, 0xE0, 0x00, 0x01, 0xFE, 0x00, 0x1E, 0x00, 0x00, 0x1F, 0xE0,
  0x01, 0xE0, 0x00, 0x01, 0xFE, 0x00, 0x0E, 0x00, 0x00, 0x1F, 0xE0, 0x00,
  0xE0, 0x00, 0x01, 0xFE, 0x00, 0x0E, 0x00, 0x00, 0x1F, 0xE0, 0x00, 0xE0,
  0x00, 0x01, 0xFE, 0x00, 0x00, 0x00, 0x00, 0x1F, 0xE0, 0x00, 0x00, 0x00,
  0x01, 0xFE, 0x00, 0x00, 0x00, 0x00, 0x1F, 0xE0, 0x00, 0x00, 0x1E, 0x01,
  0xFE, 0x00, 0x00, 0x01, 0xF0, 0x1F, 0xE0, 0x00, 0x00, 0x1E, 0x01, 0xFE,
  0x00, 0x00, 0x03, 0xE0, 0x1F, 0xE0, 0x00, 0x00, 0x3E, 0x01, 0xFE, 0x00,
  0x00, 0x03, 0xE0, 0x1F, 0xE0, 0x00, 0x00, 0x7E, 0x01, 0xFE, 0x00, 0x00,
  0x07, 0xE0, 0x1F, 0xE0, 0x00, 0x00, 0xFE, 0x01, 0xFE, 0x00, 0x00, 0x1F,
  0xC0, 0x3F, 0xF0, 0x00, 0x03, 0xFC, 0x1F, 0xFF, 0x80, 0x00, 0xFF, 0xCF,
  0xFF, 0xFF, 0xFF, 0xFF, 0xFC, 0xFF, 0xFF, 0xFF, 0xFF, 0xFF, 0xC7, 0xFF,
  0xFF, 0xFF, 0xFF, 0xFC, 0x7F, 0xFF, 0xFF, 0xFF, 0xFF, 0xBF, 0xFF, 0xFF,
  0xFF, 0xFF, 0xE7, 0xFF, 0xFF, 0xFF, 0xFF, 0xF8, 0x07, 0xFE, 0x00, 0x01,
  0xFE, 0x00, 0xFF, 0x80, 0x00, 0x3F, 0x80, 0x1F, 0xE0, 0x00, 0x07, 0xF0,
  0x07, 0xF8, 0x00, 0x00, 0xFC, 0x01, 0xFE, 0x00, 0x00, 0x1F, 0x00, 0x7F,
  0x80, 0x00, 0x07, 0xC0, 0x1F, 0xE0, 0x00, 0x00, 0xF0, 0x07, 0xF8, 0x00,
  0x00, 0x3C, 0x01, 0xFE, 0x00, 0x00, 0x07, 0x00, 0x7F, 0x80, 0x00, 0x01,
  0xC0, 0x1F, 0xE0, 0x00, 0x00, 0x70, 0x07, 0xF8, 0x00, 0x00, 0x00, 0x01,
  0xFE, 0x00, 0x00, 0x00, 0x00, 0x7F, 0x80, 0x00, 0x00, 0x00, 0x1F, 0xE0,
  0x00, 0x00, 0x00, 0x07, 0xF8, 0x00, 0x1C, 0x00, 0x01, 0xFE, 0x00, 0x07,
  0x00, 0x00, 0x7F, 0x80, 0x03, 0xC0, 0x00, 0x1F, 0xE0, 0x00, 0xF0, 0x00,
  0x07, 0xF8, 0x00, 0x3C, 0x00, 0x01, 0xFE, 0x00, 0x1F, 0x00, 0x00, 0x7F,
  0x80, 0x07, 0xC0, 0x00, 0x1F, 0xE0, 0x03, 0xF0, 0x00, 0x07, 0xFF, 0xFF,
  0xFC, 0x00, 0x01, 0xFF, 0xFF, 0xFF, 0x00, 0x00, 0x7F, 0xFF, 0xFF, 0xC0,
  0x00, 0x1F, 0xE0, 0x03, 0xF0, 0x00, 0x07, 0xF8, 0x00, 0x7C, 0x00, 0x01,
  0xFE, 0x00, 0x1F, 0x00, 0x00, 0x7F, 0x80, 0x03, 0xC0, 0x00, 0x1F, 0xE0,
  0x00, 0xF0, 0x00, 0x07, 0xF8, 0x00, 0x3C, 0x00, 0x01, 0xFE, 0x00, 0x0F,
  0x00, 0x00, 0x7F, 0x80, 0x01, 0xC0, 0x00, 0x1F, 0xE0, 0x00, 0x00, 0x00,
  0x07, 0xF8, 0x00, 0x00, 0x00, 0x01, 0xFE, 0x00, 0x00, 0x00, 0x00, 0x7F,
  0x80, 0x00, 0x00, 0x00, 0x1F, 0xE0, 0x00, 0x00, 0x00, 0x07, 0xF8, 0x00,
  0x00, 0x00, 0x01, 0xFE, 0x00, 0x00, 0x00, 0x00, 0x7F, 0x80, 0x00, 0x00,
  0x00, 0x1F, 0xE0, 0x00, 0x00, 0x00, 0x07, 0xF8, 0x00, 0x00, 0x00, 0x01,
  0xFE, 0x00, 0x00, 0x00, 0x00, 0x7F, 0xC0, 0x00, 0x00, 0x00, 0x3F, 0xF8,
  0x00, 0x00, 0x01, 0xFF, 0xFF, 0x80, 0x00, 0x01, 0xFF, 0xFF, 0xFF, 0x80,
  0x00, 0x7F, 0xFF, 0xFF, 0xE0, 0x00, 0x1F, 0xFF, 0xFF, 0xF8, 0x00, 0x00,
  0x00, 0x00, 0x03, 0xFF, 0xF0, 0x00, 0x00, 0x00, 0x03, 0xFF, 0xFF, 0xF8,
  0x00, 0x00, 0x00, 0xFF, 0xFF, 0xFF, 0xF0, 0x00, 0x00, 0x7F, 0xE0, 0x1F,
  0xFF, 0x80, 0x00, 0x0F, 0xF0, 0x00, 0x3F, 0xF8, 0x00, 0x03, 0xFE, 0x00,
  0x01, 0xFF, 0x80, 0x00, 0x7F, 0x80, 0x00, 0x07, 0xF8, 0x00, 0x0F, 0xF0,
  0x00, 0x00, 0x3F, 0x80, 0x01, 0xFE, 0x00, 0x00, 0x01, 0xF8, 0x00, 0x3F,
  0xE0, 0x00, 0x00, 0x1F, 0x80, 0x07, 0xFC, 0x00, 0x00, 0x00, 0xF8, 0x00,
  0x7F, 0x80, 0x00, 0x00, 0x0F, 0x80, 0x0F, 0xF8, 0x00, 0x00, 0x00, 0x78,
  0x01, 0xFF, 0x00, 0x00, 0x00, 0x07, 0x80, 0x1F, 0xF0, 0x00, 0x00, 0x00,
  0x38, 0x03, 0xFF, 0x00, 0x00, 0x00, 0x03, 0x80, 0x3F, 0xE0, 0x00, 0x00,
  0x00, 0x00, 0x03, 0xFE, 0x00, 0x00, 0x00, 0x00, 0x00, 0x7F, 0xE0, 0x00,
  0x00, 0x00, 0x00, 0x07, 0xFE, 0x00, 0x00, 0x00, 0x00, 0x00, 0x7F, 0xE0,
  0x00, 0x00, 0x00, 0x00, 0x07, 0xFC, 0x00, 0x00, 0x00, 0x00, 0x00, 0xFF,
  0xC0, 0x00, 0x00, 0x00, 0x00, 0x0F, 0xFC, 0x00, 0x00, 0x00, 0x00, 0x00,
  0xFF, 0xC0, 0x00, 0x00, 0x00, 0x00, 0x0F, 0xFC, 0x00, 0x00, 0x00, 0x00,
  0x00, 0xFF, 0xC0, 0x00, 0x00, 0x00, 0x00, 0x0F, 0xFC, 0x00, 0x00, 0x00,
  0x00, 0x00, 0xFF, 0xC0, 0x00, 0x00, 0x00, 0x00, 0x0F, 0xFC, 0x00, 0x00,
  0x00, 0x00, 0x00, 0xFF, 0xC0, 0x00, 0x00, 0x00, 0x00, 0x0F, 0xFC, 0x00,
  0x00, 0x3F, 0xFF, 0xFF, 0xFF, 0xC0, 0x00, 0x03, 0xFF, 0xFF, 0xFF, 0xFC,
  0x00, 0x00, 0x3F, 0xFF, 0xFF, 0xFF, 0xC0, 0x00, 0x00, 0x1F, 0xFF, 0xE7,
  0xFC, 0x00, 0x00, 0x00, 0x7F, 0xE0, 0x7F, 0xE0, 0x00, 0x00, 0x03, 0xFC,
  0x07, 0xFE, 0x00, 0x00, 0x00, 0x3F, 0xC0, 0x7F, 0xE0, 0x00, 0x00, 0x03,
  0xFC, 0x03, 0xFE, 0x00, 0x00, 0x00, 0x3F, 0xC0, 0x3F, 0xF0, 0x00, 0x00,
  0x03, 0xFC, 0x03, 0xFF, 0x00, 0x00, 0x00, 0x3F, 0xC0, 0x1F, 0xF8, 0x00,
  0x00, 0x03, 0xFC, 0x01, 0xFF, 0x80, 0x00, 0x00, 0x3F, 0xC0, 0x0F, 0xFC,
  0x00, 0x00, 0x03, 0xFC, 0x00, 0xFF, 0xC0, 0x00, 0x00, 0x3F, 0xC0, 0x07,
  0xFE, 0x00, 0x00, 0x03, 0xFC, 0x00, 0x3F, 0xF0, 0x00, 0x00, 0x3F, 0xC0,
  0x01, 0xFF, 0x00, 0x00, 0x03, 0xFC, 0x00, 0x0F, 0xF8, 0x00, 0x00, 0x3F,
  0xC0, 0x00, 0x7F, 0xE0, 0x00, 0x07, 0xFC, 0x00, 0x03, 0xFF, 0x00, 0x00,
  0x7F, 0xC0, 0x00, 0x1F, 0xFC, 0x00, 0x1F, 0xF8, 0x00, 0x00, 0x7F, 0xF0,
  0x07, 0xFE, 0x00, 0x00, 0x01, 0xFF, 0xFF, 0xFF, 0x80, 0x00, 0x00, 0x07,
  0xFF, 0xFF, 0xC0, 0x00, 0x00, 0x00, 0x07, 0xFF, 0x80, 0x00, 0x00, 0xFF,
  0xFF, 0xF8, 0x00, 0x1F, 0xFF, 0xFF, 0xFF, 0xFF, 0xFC, 0x00, 0x0F, 0xFF,
  0xFF, 0xFF, 0xFF, 0xFE, 0x00, 0x07, 0xFF, 0xFF, 0xE7, 0xFF, 0xFC, 0x00,
  0x00, 0xFF, 0xFF, 0xC0, 0x3F, 0xF0, 0x00, 0x00, 0x07, 0xFE, 0x00, 0x0F,
  0xF0, 0x00, 0x00, 0x01, 0xFE, 0x00, 0x07, 0xF8, 0x00, 0x00, 0x00, 0xFF,
  0x00, 0x03, 0xFC, 0x00, 0x00, 0x00, 0x7F, 0x80, 0x01, 0xFE, 0x00, 0x00,
  0x00, 0x3F, 0xC0, 0x00, 0xFF, 0x00, 0x00, 0x00, 0x1F, 0xE0, 0x00, 0x7F,
  0x80, 0x00, 0x00, 0x0F, 0xF0, 0x00, 0x3F, 0xC0, 0x00, 0x00, 0x07, 0xF8,
  0x00, 0x1F, 0xE0, 0x00, 0x00, 0x03, 0xFC, 0x00, 0x0F, 0xF0, 0x00, 0x00,
  0x01, 0xFE, 0x00, 0x07, 0xF8, 0x00, 0x00, 0x00, 0xFF, 0x00, 0x03, 0xFC,
  0x00, 0x00, 0x00, 0x7F, 0x80, 0x01, 0xFE, 0x00, 0x00, 0x00, 0x3F, 0xC0,
  0x00, 0xFF, 0x00, 0x00, 0x00, 0x1F, 0xE0, 0x00, 0x7F, 0x80, 0x00, 0x00,
  0x0F, 0xF0, 0x00, 0x3F, 0xC0, 0x00, 0x00, 0x07, 0xF8, 0x00, 0x1F, 0xE0,
  0x00, 0x00, 0x03, 0xFC, 0x00, 0x0F, 0xF0, 0x00, 0x00, 0x01, 0xFE, 0x00,
  0x07, 0xF8, 0x00, 0x00, 0x00, 0xFF, 0x00, 0x03, 0xFC, 0x00, 0x00, 0x00,
  0x7F, 0x80, 0x01, 0xFE, 0x00, 0x00, 0x00, 0x3F, 0xC0, 0x00, 0xFF, 0xFF,
  0xFF, 0xFF, 0xFF, 0xE0, 0x00, 0x7F, 0xFF, 0xFF, 0xFF, 0xFF, 0xF0, 0x00,
  0x3F, 0xFF, 0xFF, 0xFF, 0xFF, 0xF8, 0x00, 0x1F, 0xE0, 0x00, 0x00, 0x03,
  0xFC, 0x00, 0x0F, 0xF0, 0x00, 0x00, 0x01, 0xFE, 0x00, 0x07, 0xF8, 0x00,
  0x00, 0x00, 0xFF, 0x00, 0x03, 0xFC, 0x00, 0x00, 0x00, 0x7F, 0x80, 0x01,
  0xFE, 0x00, 0x00, 0x00, 0x3F, 0xC0, 0x00, 0xFF, 0x00, 0x00, 0x00, 0x1F,
  0xE0, 0x00, 0x7F, 0x80, 0x00, 0x00, 0x0F, 0xF0, 0x00, 0x3F, 0xC0, 0x00,
  0x00, 0x07, 0xF8, 0x00, 0x1F, 0xE0, 0x00, 0x00, 0x03, 0xFC, 0x00, 0x0F,
  0xF0, 0x00, 0x00, 0x01, 0xFE, 0x00, 0x07, 0xF8, 0x00, 0x00, 0x00, 0xFF,
  0x00, 0x03, 0xFC, 0x00, 0x00, 0x00, 0x7F, 0x80, 0x01, 0xFE, 0x00, 0x00,
  0x00, 0x3F, 0xC0, 0x00, 0xFF, 0x00, 0x00, 0x00, 0x1F, 0xE0, 0x00, 0x7F,
  0x80, 0x00, 0x00, 0x0F, 0xF0, 0x00, 0x3F, 0xC0, 0x00, 0x00, 0x07, 0xF8,
  0x00, 0x1F, 0xE0, 0x00, 0x00, 0x03, 0xFC, 0x00, 0x0F, 0xF0, 0x00, 0x00,
  0x01, 0xFE, 0x00, 0x07, 0xF8, 0x00, 0x00, 0x00, 0xFF, 0x00, 0x03, 0xFC,
  0x00, 0x00, 0x00, 0x7F, 0x80, 0x01, 0xFE, 0x00, 0x00, 0x00, 0x3F, 0xC0,
  0x00, 0xFF, 0x80, 0x00, 0x00, 0x1F, 0xF0, 0x01, 0xFF, 0xE0, 0x00, 0x00,
  0x3F, 0xFC, 0x0F, 0xFF, 0xFF, 0x80, 0x03, 0xFF, 0xFF, 0xF7, 0xFF, 0xFF,
  0xC0, 0x01, 0xFF, 0xFF, 0xFB, 0xFF, 0xFF, 0xE0, 0x00, 0xFF, 0xFF, 0xFC,
  0xFF, 0xFF, 0xE0, 0x00, 0x3F, 0xFF, 0xFC, 0x7F, 0xFF, 0xFB, 0xFF, 0xFF,
  0xFF, 0xFF, 0xFF, 0xFF, 0xFF, 0xFF, 0x07, 0xFF, 0x80, 0x0F, 0xF8, 0x00,
  0x1F, 0xE0, 0x00, 0x7F, 0x80, 0x01, 0xFE, 0x00, 0x07, 0xF8, 0x00, 0x1F,
  0xE0, 0x00, 0x7F, 0x80, 0x01, 0xFE, 0x00, 0x07, 0xF8, 0x00, 0x1F, 0xE0,
  0x00, 0x7F, 0x80, 0x01, 0xFE, 0x00, 0x07, 0xF8, 0x00, 0x1F, 0xE0, 0x00,
  0x7F, 0x80, 0x01, 0xFE, 0x00, 0x07, 0xF8, 0x00, 0x1F, 0xE0, 0x00, 0x7F,
  0x80, 0x01, 0xFE, 0x00, 0x07, 0xF8, 0x00, 0x1F, 0xE0, 0x00, 0x7F, 0x80,
  0x01, 0xFE, 0x00, 0x07, 0xF8, 0x00, 0x1F, 0xE0, 0x00, 0x7F, 0x80, 0x01,
  0xFE, 0x00, 0x07, 0xF8, 0x00, 0x1F, 0xE0, 0x00, 0x7F, 0x80, 0x01, 0xFE,
  0x00, 0x07, 0xF8, 0x00, 0x1F, 0xE0, 0x00, 0x7F, 0x80, 0x01, 0xFE, 0x00,
  0x07, 0xF8, 0x00, 0x1F, 0xE0, 0x00, 0x7F, 0x80, 0x01, 0xFE, 0x00, 0x07,
  0xF8, 0x00, 0x1F, 0xE0, 0x00, 0x7F, 0x80, 0x01, 0xFE, 0x00, 0x07, 0xF8,
  0x00, 0x3F, 0xF0, 0x0F, 0xFF, 0xFC, 0xFF, 0xFF, 0xFF, 0xFF, 0xFF, 0xFF,
  0xFF, 0xFF, 0xC0, 0x00, 0x00, 0xFF, 0xFF, 0xF0, 0x00, 0x0F, 0xFF, 0xFF,
  0x00, 0x00, 0xFF, 0xFF, 0xF0, 0x00, 0x00, 0xFF, 0xFC, 0x00, 0x00, 0x07,
  0xFE, 0x00, 0x00, 0x00, 0x3F, 0xC0, 0x00, 0x00, 0x03, 0xFC, 0x00, 0x00,
  0x00, 0x3F, 0xC0, 0x00, 0x00, 0x03, 0xFC, 0x00, 0x00, 0x00, 0x3F, 0xC0,
  0x00, 0x00, 0x03, 0xFC, 0x00, 0x00, 0x00, 0x3F, 0xC0, 0x00, 0x00, 0x03,
  0xFC, 0x00, 0x00, 0x00, 0x3F, 0xC0, 0x00, 0x00, 0x03, 0xFC, 0x00, 0x00,
  0x00, 0x3F, 0xC0, 0x00, 0x00, 0x03, 0xFC, 0x00, 0x00, 0x00, 0x3F, 0xC0,
  0x00, 0x00, 0x03, 0xFC, 0x00, 0x00, 0x00, 0x3F, 0xC0, 0x00, 0x00, 0x03,
  0xFC, 0x00, 0x00, 0x00, 0x3F, 0xC0, 0x00, 0x00, 0x03, 0xFC, 0x00, 0x00,
  0x00, 0x3F, 0xC0, 0x00, 0x00, 0x03, 0xFC, 0x00, 0x00, 0x00, 0x3F, 0xC0,
  0x00, 0x00, 0x03, 0xFC, 0x00, 0x00, 0x00, 0x3F, 0xC0, 0x00, 0x00, 0x03,
  0xFC, 0x00, 0x00, 0x00, 0x3F, 0xC0, 0x00, 0x00, 0x03, 0xFC, 0x00, 0x00,
  0x00, 0x3F, 0xC0, 0x00, 0x00, 0x03, 0xFC, 0x00, 0x00, 0x00, 0x3F, 0xC0,
  0x00, 0x00, 0x03, 0xFC, 0x00, 0x00, 0x00, 0x3F, 0xC0, 0x00, 0x00, 0x03,
  0xFC, 0x01, 0xF8, 0x00, 0x3F, 0xC0, 0x3F, 0x80, 0x03, 0xFC, 0x07, 0xF8,
  0x00, 0x3F, 0xC0, 0x7F, 0x80, 0x03, 0xFC, 0x0F, 0xF0, 0x00, 0x3F, 0xC0,
  0xFF, 0x00, 0x03, 0xFC, 0x0F, 0xF0, 0x00, 0x3F, 0x80, 0xFF, 0x00, 0x03,
  0xF8, 0x0F, 0xF0, 0x00, 0x7F, 0x80, 0xFF, 0x00, 0x07, 0xF8, 0x0F, 0xF0,
  0x00, 0x7F, 0x00, 0x7F, 0x00, 0x0F, 0xF0, 0x07, 0xE0, 0x00, 0xFE, 0x00,
  0x3E, 0x00, 0x1F, 0xC0, 0x01, 0xF0, 0x03, 0xF8, 0x00, 0x0F, 0xC0, 0xFF,
  0x00, 0x00, 0x7F, 0xFF, 0xE0, 0x00, 0x01, 0xFF, 0xF8, 0x00, 0x00, 0x03,
  0xFC, 0x00, 0x00, 0xFF, 0xFF, 0xF8, 0x07, 0xFF, 0xFF, 0x9F, 0xFF, 0xFF,
  0x80, 0xFF, 0xFF, 0xF3, 0xFF, 0xFF, 0xF0, 0x1F, 0xFF, 0xFE, 0x07, 0xFF,
  0xF8, 0x00, 0x3F, 0xF8, 0x00, 0x3F, 0xF0, 0x00, 0x01, 0xFC, 0x00, 0x03,
  0xFC, 0x00, 0x00, 0x7E, 0x00, 0x00, 0x7F, 0x80, 0x00, 0x1F, 0x80, 0x00,
  0x0F, 0xF0, 0x00, 0x07, 0xF0, 0x00, 0x01, 0xFE, 0x00, 0x00, 0xFC, 0x00,
  0x00, 0x3F, 0xC0, 0x00, 0x3F, 0x00, 0x00, 0x07, 0xF8, 0x00, 0x0F, 0xC0,
  0x00, 0x00, 0xFF, 0x00, 0x03, 0xF0, 0x00, 0x00, 0x1F, 0xE0, 0x00, 0xFC,
  0x00, 0x00, 0x03, 0xFC, 0x00, 0x1F, 0x80, 0x00, 0x00, 0x7F, 0x80, 0x07,
  0xE0, 0x00, 0x00, 0x0F, 0xF0, 0x01, 0xF8, 0x00, 0x00, 0x01, 0xFE, 0x00,
  0x7E, 0x00, 0x00, 0x00, 0x3F, 0xC0, 0x1F, 0x80, 0x00, 0x00, 0x07, 0xF8,
  0x03, 0xE0, 0x00, 0x00, 0x00, 0xFF, 0x00, 0xF8, 0x00, 0x00, 0x00, 0x1F,
  0xE0, 0x3F, 0x00, 0x00, 0x00, 0x03, 0xFC, 0x0F, 0xC0, 0x00, 0x00, 0x00,
  0x7F, 0x83, 0xF0, 0x00, 0x00, 0x00, 0x0F, 0xF0, 0x7C, 0x00, 0x00, 0x00,
  0x01, 0xFE, 0x1F, 0xE0, 0x00, 0x00, 0x00, 0x3F, 0xC7, 0xFE, 0x00, 0x00,
  0x00, 0x07, 0xF9, 0xFF, 0xE0, 0x00, 0x00, 0x00, 0xFF, 0x1F, 0xFC, 0x00,
  0x00, 0x00, 0x1F, 0xE1, 0xFF, 0xC0, 0x00, 0x00, 0x03, 0xFC, 0x0F, 0xFC,
  0x00, 0x00, 0x00, 0x7F, 0x81, 0xFF, 0xC0, 0x00, 0x00, 0x0F, 0xF0, 0x1F,
  0xFC, 0x00, 0x00, 0x01, 0xFE, 0x01, 0xFF, 0x80, 0x00, 0x00, 0x3F, 0xC0,
  0x1F, 0xF8, 0x00, 0x00, 0x07, 0xF8, 0x03, 0xFF, 0x80, 0x00, 0x00, 0xFF,
  0x00, 0x3F, 0xF0, 0x00, 0x00, 0x1F, 0xE0, 0x03, 0xFF, 0x00, 0x00, 0x03,
  0xFC, 0x00, 0x7F, 0xF0, 0x00, 0x00, 0x7F, 0x80, 0x07, 0xFE, 0x00, 0x00,
  0x0F, 0xF0, 0x00, 0x7F, 0xE0, 0x00, 0x01, 0xFE, 0x00, 0x0F, 0xFE, 0x00,
  0x00, 0x3F, 0xC0, 0x00, 0xFF, 0xE0, 0x00, 0x07, 0xF8, 0x00, 0x0F, 0xFC,
  0x00, 0x00, 0xFF, 0x00, 0x01, 0xFF, 0xC0, 0x00, 0x1F, 0xE0, 0x00, 0x1F,
  0xFC, 0x00, 0x03, 0xFC, 0x00, 0x03, 0xFF, 0x80, 0x00, 0x7F, 0x80, 0x00,
  0x3F, 0xF8, 0x00, 0x0F, 0xF0, 0x00, 0x03, 0xFF, 0x80, 0x01, 0xFE, 0x00,
  0x00, 0x7F, 0xFC, 0x00, 0x7F, 0xE0, 0x00, 0x07, 0xFF, 0xC0, 0xFF, 0xFF,
  0xC0, 0x00, 0xFF, 0xFE, 0x7F, 0xFF, 0xFE, 0x00, 0x0F, 0xFF, 0xFF, 0xFF,
  0xFF, 0xC0, 0x00, 0xFF, 0xFF, 0xFF, 0xFF, 0xF8, 0x00, 0x0F, 0xFF, 0xC0,
  0xFF, 0xFF, 0xFC, 0x00, 0x00, 0x3F, 0xFF, 0xFF, 0x00, 0x00, 0x0F, 0xFF,
  0xFF, 0xC0, 0x00, 0x00, 0x3F, 0xFF, 0x00, 0x00, 0x00, 0x03, 0xFF, 0x00,
  0x00, 0x00, 0x00, 0x7F, 0x80, 0x00, 0x00, 0x00, 0x1F, 0xE0, 0x00, 0x00,
  0x00, 0x07, 0xF8, 0x00, 0x00, 0x00, 0x01, 0xFE, 0x00, 0x00, 0x00, 0x00,
  0x7F, 0x80, 0x00, 0x00, 0x00, 0x1F, 0xE0, 0x00, 0x00, 0x00, 0x07, 0xF8,
  0x00, 0x00, 0x00, 0x01, 0xFE, 0x00, 0x00, 0x00, 0x00, 0x7F, 0x80, 0x00,
  0x00, 0x00, 0x1F, 0xE0, 0x00, 0x00, 0x00, 0x07, 0xF8, 0x00, 0x00, 0x00,
  0x01, 0xFE, 0x00, 0x00, 0x00, 0x00, 0x7F, 0x80, 0x00, 0x00, 0x00, 0x1F,
  0xE0, 0x00, 0x00, 0x00, 0x07, 0xF8, 0x00, 0x00, 0x00, 0x01, 0xFE, 0x00,
  0x00, 0x00, 0x00, 0x7F, 0x80, 0x00, 0x00, 0x00, 0x1F, 0xE0, 0x00, 0x00,
  0x00, 0x07, 0xF8, 0x00, 0x00, 0x00, 0x01, 0xFE, 0x00, 0x00, 0x00, 0x00,
  0x7F, 0x80, 0x00, 0x00, 0x00, 0x1F, 0xE0, 0x00, 0x00, 0x00, 0x07, 0xF8,
  0x00, 0x00, 0x00, 0x01, 0xFE, 0x00, 0x00, 0x00, 0x00, 0x7F, 0x80, 0x00,
  0x00, 0x00, 0x1F, 0xE0, 0x00, 0x00, 0x00, 0x07, 0xF8, 0x00, 0x00, 0x00,
  0x01, 0xFE, 0x00, 0x00, 0x00, 0x00, 0x7F, 0x80, 0x00, 0x00, 0x00, 0x1F,
  0xE0, 0x00, 0x00, 0x00, 0x07, 0xF8, 0x00, 0x00, 0x00, 0x01, 0xFE, 0x00,
  0x00, 0x00, 0x00, 0x7F, 0x80, 0x00, 0x00, 0xE0, 0x1F, 0xE0, 0x00, 0x00,
  0x38, 0x07, 0xF8, 0x00, 0x00, 0x1E, 0x01, 0xFE, 0x00, 0x00, 0x07, 0x80,
  0x7F, 0x80, 0x00, 0x01, 0xE0, 0x1F, 0xE0, 0x00, 0x00, 0xF8, 0x07, 0xF8,
  0x00, 0x00, 0x3E, 0x01, 0xFE, 0x00, 0x00, 0x1F, 0x80, 0x7F, 0x80, 0x00,
  0x07, 0xE0, 0x1F, 0xE0, 0x00, 0x03, 0xF0, 0x07, 0xF8, 0x00, 0x00, 0xFC,
  0x01, 0xFE, 0x00, 0x00, 0x7F, 0x00, 0xFF, 0x80, 0x00, 0x3F, 0xC1, 0xFF,
  0xF0, 0x00, 0x1F, 0xF3, 0xFF, 0xFF, 0xFF, 0xFF, 0xFC, 0xFF, 0xFF, 0xFF,
  0xFF, 0xFF, 0x1F, 0xFF, 0xFF, 0xFF, 0xFF, 0xC0, 0xFF, 0xFF, 0xF8, 0x00,
  0x00, 0x01, 0xFF, 0xFF, 0xFF, 0xFF, 0xFE, 0x00, 0x00, 0x00, 0x7F, 0xFF,
  0xFF, 0xFF, 0xFF, 0x80, 0x00, 0x00, 0x1F, 0xFF, 0xFC, 0x1F, 0xFF, 0xF0,
  0x00, 0x00, 0x0F, 0xFF, 0xFC, 0x01, 0xFF, 0xFC, 0x00, 0x00, 0x03, 0xFF,
  0xF0, 0x00, 0x3C, 0xFF, 0x00, 0x00, 0x00, 0xE7, 0xF8, 0x00, 0x0F, 0x3F,
  0xE0, 0x00, 0x00, 0x79, 0xFE, 0x00, 0x03, 0xCF, 0xF8, 0x00, 0x00, 0x1E,
  0x7F, 0x80, 0x00, 0xF1, 0xFE, 0x00, 0x00, 0x07, 0x9F, 0xE0, 0x00, 0x3C,
  0x7F, 0xC0, 0x00, 0x03, 0xC7, 0xF8, 0x00, 0x0F, 0x1F, 0xF0, 0x00, 0x00,
  0xF1, 0xFE, 0x00, 0x03, 0xC3, 0xFC, 0x00, 0x00, 0x3C, 0x7F, 0x80, 0x00,
  0xF0, 0xFF, 0x80, 0x00, 0x1E, 0x1F, 0xE0, 0x00, 0x3C, 0x1F, 0xE0, 0x00,
  0x07, 0x87, 0xF8, 0x00, 0x0F, 0x07, 0xF8, 0x00, 0x01, 0xE1, 0xFE, 0x00,
  0x03, 0xC1, 0xFF, 0x00, 0x00, 0x70, 0x7F, 0x80, 0x00, 0xF0, 0x3F, 0xC0,
  0x00, 0x3C, 0x1F, 0xE0, 0x00, 0x3C, 0x0F, 0xF0, 0x00, 0x0F, 0x07, 0xF8,
  0x00, 0x0F, 0x03, 0xFE, 0x00, 0x03, 0x81, 0xFE, 0x00, 0x03, 0xC0, 0x7F,
  0x80, 0x01, 0xE0, 0x7F, 0x80, 0x00, 0xF0, 0x1F, 0xE0, 0x00, 0x78, 0x1F,
  0xE0, 0x00, 0x3C, 0x03, 0xFC, 0x00, 0x1C, 0x07, 0xF8, 0x00, 0x0F, 0x00,
  0xFF, 0x00, 0x0F, 0x01, 0xFE, 0x00, 0x03, 0xC0, 0x3F, 0xC0, 0x03, 0xC0,
  0x7F, 0x80, 0x00, 0xF0, 0x07, 0xF8, 0x00, 0xE0, 0x1F, 0xE0, 0x00, 0x3C,
  0x01, 0xFE, 0x00, 0x78, 0x07, 0xF8, 0x00, 0x0F, 0x00, 0x7F, 0x80, 0x1E,
  0x01, 0xFE, 0x00, 0x03, 0xC0, 0x0F, 0xF0, 0x07, 0x00, 0x7F, 0x80, 0x00,
  0xF0, 0x03, 0xFC, 0x03, 0xC0, 0x1F, 0xE0, 0x00, 0x3C, 0x00, 0xFF, 0x00,
  0xF0, 0x07, 0xF8, 0x00, 0x0F, 0x00, 0x1F, 0xE0, 0x38, 0x01, 0xFE, 0x00,
  0x03, 0xC0, 0x07, 0xF8, 0x1E, 0x00, 0x7F, 0x80, 0x00, 0xF0, 0x00, 0xFE,
  0x07, 0x80, 0x1F, 0xE0, 0x00, 0x3C, 0x00, 0x3F, 0xC1, 0xC0, 0x07, 0xF8,
  0x00, 0x0F, 0x00, 0x0F, 0xF0, 0xF0, 0x01, 0xFE, 0x00, 0x03, 0xC0, 0x01,
  0xFC, 0x3C, 0x00, 0x7F, 0x80, 0x00, 0xF0, 0x00, 0x7F, 0x8E, 0x00, 0x1F,
  0xE0, 0x00, 0x3C, 0x00, 0x1F, 0xE7, 0x80, 0x07, 0xF8, 0x00, 0x0F, 0x00,
  0x03, 0xF9, 0xE0, 0x01, 0xFE, 0x00, 0x03, 0xC0, 0x00, 0xFF, 0x70, 0x00,
  0x7F, 0x80, 0x00, 0xF0, 0x00, 0x1F, 0xFC, 0x00, 0x1F, 0xE0, 0x00, 0x3C,
  0x00, 0x07, 0xFF, 0x00, 0x07, 0xF8, 0x00, 0x0F, 0x00, 0x01, 0xFF, 0x80,
  0x01, 0xFE, 0x00, 0x03, 0xC0, 0x00, 0x3F, 0xE0, 0x00, 0x7F, 0x80, 0x00,
  0xF0, 0x00, 0x0F, 0xF8, 0x00, 0x1F, 0xE0, 0x00, 0x3C, 0x00, 0x03, 0xFE,
  0x00, 0x07, 0xF8, 0x00, 0x0F, 0x00, 0x00, 0x7F, 0x00, 0x01, 0xFE, 0x00,
  0x03, 0xC0, 0x00, 0x1F, 0xC0, 0x00, 0x7F, 0x80, 0x00, 0xF0, 0x00, 0x07,
  0xF0, 0x00, 0x1F, 0xE0, 0x00, 0x7E, 0x00, 0x00, 0xF8, 0x00, 0x07, 0xFC,
  0x00, 0x3F, 0xE0, 0x00, 0x3E, 0x00, 0x07, 0xFF, 0x81, 0xFF, 0xFF, 0xE0,
  0x07, 0x80, 0x3F, 0xFF, 0xFF, 0x7F, 0xFF, 0xF8, 0x01, 0xC0, 0x0F, 0xFF,
  0xFF, 0xDF, 0xFF, 0xFE, 0x00, 0x70, 0x03, 0xFF, 0xFF, 0xF3, 0xFF, 0xFF,
  0x00, 0x0C, 0x00, 0x7F, 0xFF, 0xF8, 0x7F, 0xFC, 0x00, 0x00, 0x07, 0xFF,
  0xFE, 0xFF, 0xFC, 0x00, 0x00, 0x0F, 0xFF, 0xFF, 0xFF, 0xFE, 0x00, 0x00,
  0x0F, 0xFF, 0xFF, 0xFF, 0xFF, 0x00, 0x00, 0x0F, 0xFF, 0xFF, 0x07, 0xFF,
  0x80, 0x00, 0x00, 0x7F, 0xE0, 0x03, 0xFF, 0x80, 0x00, 0x00, 0x1F, 0x80,
  0x01, 0xFF, 0xC0, 0x00, 0x00, 0x0F, 0x00, 0x01, 0xFF, 0xE0, 0x00, 0x00,
  0x0F, 0x00, 0x01, 0xFF, 0xE0, 0x00, 0x00, 0x0F, 0x00, 0x01, 0xFF, 0xF0,
  0x00, 0x00, 0x0F, 0x00, 0x01, 0xFF, 0xF8, 0x00, 0x00, 0x0F, 0x00, 0x01,
  0xEF, 0xFC, 0x00, 0x00, 0x0F, 0x00, 0x01, 0xEF, 0xFC, 0x00, 0x00, 0x0F,
  0x00, 0x01, 0xE7, 0xFE, 0x00, 0x00, 0x0F, 0x00, 0x01, 0xE3, 0xFF, 0x00,
  0x00, 0x0F, 0x00, 0x01, 0xE1, 0xFF, 0x00, 0x00, 0x0F, 0x00, 0x01, 0xE1,
  0xFF, 0x80, 0x00, 0x0F, 0x00, 0x01, 0xE0, 0xFF, 0xC0, 0x00, 0x0F, 0x00,
  0x01, 0xE0, 0x7F, 0xE0, 0x00, 0x0F, 0x00, 0x01, 0xE0, 0x7F, 0xE0, 0x00,
  0x0F, 0x00, 0x01, 0xE0, 0x3F, 0xF0, 0x00, 0x0F, 0x00, 0x01, 0xE0, 0x1F,
  0xF8, 0x00, 0x0F, 0x00, 0x01, 0xE0, 0x0F, 0xF8, 0x00, 0x0F, 0x00, 0x01,
  0xE0, 0x0F, 0xFC, 0x00, 0x0F, 0x00, 0x01, 0xE0, 0x07, 0xFE, 0x00, 0x0F,
  0x00, 0x01, 0xE0, 0x03, 0xFF, 0x00, 0x0F, 0x00, 0x01, 0xE0, 0x01, 0xFF,
  0x00, 0x0F, 0x00, 0x01, 0xE0, 0x01, 0xFF, 0x80, 0x0F, 0x00, 0x01, 0xE0,
  0x00, 0xFF, 0xC0, 0x0F, 0x00, 0x01, 0xE0, 0x00, 0x7F, 0xC0, 0x0F, 0x00,
  0x01, 0xE0, 0x00, 0x3F, 0xE0, 0x0F, 0x00, 0x01, 0xE0, 0x00, 0x3F, 0xF0,
  0x0F, 0x00, 0x01, 0xE0, 0x00, 0x1F, 0xF8, 0x0F, 0x00, 0x01, 0xE0, 0x00,
  0x0F, 0xF8, 0x0F, 0x00, 0x01, 0xE0, 0x00, 0x0F, 0xFC, 0x0F, 0x00, 0x01,
  0xE0, 0x00, 0x07, 0xFE, 0x0F, 0x00, 0x01, 0xE0, 0x00, 0x03, 0xFE, 0x0F,
  0x00, 0x01, 0xE0, 0x00, 0x01, 0xFF, 0x0F, 0x00, 0x01, 0xE0, 0x00, 0x01,
  0xFF, 0x8F, 0x00, 0x01, 0xE0, 0x00, 0x00, 0xFF, 0xCF, 0x00, 0x01, 0xE0,
  0x00, 0x00, 0x7F, 0xCF, 0x00, 0x01, 0xE0, 0x00, 0x00, 0x3F, 0xEF, 0x00,
  0x01, 0xE0, 0x00, 0x00, 0x3F, 0xFF, 0x00, 0x01, 0xE0, 0x00, 0x00, 0x1F,
  0xFF, 0x00, 0x01, 0xE0, 0x00, 0x00, 0x0F, 0xFF, 0x00, 0x01, 0xE0, 0x00,
  0x00, 0x0F, 0xFF, 0x00, 0x01, 0xE0, 0x00, 0x00, 0x07, 0xFF, 0x00, 0x01,
  0xE0, 0x00, 0x00, 0x03, 0xFF, 0x00, 0x01, 0xE0, 0x00, 0x00, 0x01, 0xFF,
  0x00, 0x01, 0xE0, 0x00, 0x00, 0x01, 0xFF, 0x00, 0x03, 0xF8, 0x00, 0x00,
  0x00, 0xFF, 0x00, 0x3F, 0xFF, 0x80, 0x00, 0x00, 0x7F, 0x00, 0xFF, 0xFF,
  0xE0, 0x00, 0x00, 0x3F, 0x00, 0xFF, 0xFF, 0xE0, 0x00, 0x00, 0x3F, 0x00,
  0xFF, 0xFF, 0xE0, 0x00, 0x00, 0x1F, 0x00, 0x00, 0x00, 0x00, 0x00, 0x00,
  0x0E, 0x00, 0x00, 0x00, 0x0F, 0xFE, 0x00, 0x00, 0x00, 0x00, 0x1F, 0xFF,
  0xFC, 0x00, 0x00, 0x00, 0x0F, 0xFF, 0xFF, 0xE0, 0x00, 0x00, 0x07, 0xF8,
  0x03, 0xFF, 0x00, 0x00, 0x01, 0xFC, 0x00, 0x0F, 0xF0, 0x00, 0x00, 0x7E,
  0x00, 0x00, 0x7F, 0x80, 0x00, 0x3F, 0x80, 0x00, 0x07, 0xF8, 0x00, 0x0F,
  0xE0, 0x00, 0x00, 0x7F, 0x80, 0x01, 0xF8, 0x00, 0x00, 0x07, 0xF8, 0x00,
  0x7E, 0x00, 0x00, 0x00, 0x7F, 0x00, 0x1F, 0xC0, 0x00, 0x00, 0x0F, 0xF0,
  0x07, 0xF0, 0x00, 0x00, 0x00, 0xFF, 0x00, 0xFE, 0x00, 0x00, 0x00, 0x1F,
  0xE0, 0x3F, 0xC0, 0x00, 0x00, 0x03, 0xFE, 0x07, 0xF0, 0x00, 0x00, 0x00,
  0x3F, 0xC1, 0xFE, 0x00, 0x00, 0x00, 0x07, 0xFC, 0x3F, 0xC0, 0x00, 0x00,
  0x00, 0xFF, 0x87, 0xF8, 0x00, 0x00, 0x00, 0x1F, 0xF1, 0xFF, 0x00, 0x00,
  0x00, 0x03, 0xFF, 0x3F, 0xC0, 0x00, 0x00, 0x00, 0x7F, 0xE7, 0xF8, 0x00,
  0x00, 0x00, 0x07, 0xFC, 0xFF, 0x00, 0x00, 0x00, 0x00, 0xFF, 0xBF, 0xE0,
  0x00, 0x00, 0x00, 0x1F, 0xFF, 0xFC, 0x00, 0x00, 0x00, 0x03, 0xFF, 0xFF,
  0x80, 0x00, 0x00, 0x00, 0x7F, 0xFF, 0xF0, 0x00, 0x00, 0x00, 0x0F, 0xFF,
  0xFE, 0x00, 0x00, 0x00, 0x01, 0xFF, 0xFF, 0xC0, 0x00, 0x00, 0x00, 0x3F,
  0xFF, 0xF8, 0x00, 0x00, 0x00, 0x07, 0xFF, 0xFF, 0x00, 0x00, 0x00, 0x00,
  0xFF, 0xFF, 0xE0, 0x00, 0x00, 0x00, 0x1F, 0xFF, 0xFC, 0x00, 0x00, 0x00,
  0x03, 0xFF, 0xFF, 0x80, 0x00, 0x00, 0x00, 0x7F, 0xFF, 0xF0, 0x00, 0x00,
  0x00, 0x0F, 0xFF, 0xFE, 0x00, 0x00, 0x00, 0x01, 0xFF, 0x3F, 0xC0, 0x00,
  0x00, 0x00, 0x3F, 0xE7, 0xF8, 0x00, 0x00, 0x00, 0x07, 0xFC, 0xFF, 0x80,
  0x00, 0x00, 0x01, 0xFF, 0x9F, 0xF0, 0x00, 0x00, 0x00, 0x3F, 0xF1, 0xFE,
  0x00, 0x00, 0x00, 0x07, 0xFC, 0x3F, 0xC0, 0x00, 0x00, 0x00, 0xFF, 0x87,
  0xF8, 0x00, 0x00, 0x00, 0x1F, 0xE0, 0x7F, 0x80, 0x00, 0x00, 0x03, 0xFC,
  0x0F, 0xF0, 0x00, 0x00, 0x00, 0xFF, 0x80, 0xFE, 0x00, 0x00, 0x00, 0x1F,
  0xE0, 0x1F, 0xE0, 0x00, 0x00, 0x03, 0xF8, 0x01, 0xFC, 0x00, 0x00, 0x00,
  0xFF, 0x00, 0x1F, 0xC0, 0x00, 0x00, 0x1F, 0xC0, 0x01, 0xF8, 0x00, 0x00,
  0x07, 0xF0, 0x00, 0x3F, 0x80, 0x00, 0x01, 0xFC, 0x00, 0x03, 0xF8, 0x00,
  0x00, 0x7F, 0x00, 0x00, 0x1F, 0x80, 0x00, 0x1F, 0xC0, 0x00, 0x01, 0xFC,
  0x00, 0x0F, 0xF0, 0x00, 0x00, 0x1F, 0xF0, 0x07, 0xF8, 0x00, 0x00, 0x00,
  0xFF, 0xFF, 0xFE, 0x00, 0x00, 0x00, 0x07, 0xFF, 0xFF, 0x00, 0x00, 0x00,
  0x00, 0x0F, 0xFE, 0x00, 0x00, 0x00, 0x7F, 0xFF, 0xFF, 0xF8, 0x00, 0x1F,
  0xFF, 0xFF, 0xFF, 0xC0, 0x0F, 0xFF, 0xFF, 0xFF, 0xFE, 0x01, 0xFF, 0xFC,
  0x01, 0xFF, 0xC0, 0x03, 0xFF, 0x00, 0x0F, 0xF8, 0x00, 0x3F, 0xC0, 0x00,
  0xFF, 0x00, 0x0F, 0xF0, 0x00, 0x1F, 0xE0, 0x03, 0xFC, 0x00, 0x03, 0xFC,
  0x00, 0xFF, 0x00, 0x00, 0xFF, 0x80, 0x3F, 0xC0, 0x00, 0x1F, 0xE0, 0x0F,
  0xF0, 0x00, 0x07, 0xF8, 0x03, 0xFC, 0x00, 0x01, 0xFF, 0x00, 0xFF, 0x00,
  0x00, 0x3F, 0xC0, 0x3F, 0xC0, 0x00, 0x0F, 0xF0, 0x0F, 0xF0, 0x00, 0x03,
  0xFC, 0x03, 0xFC, 0x00, 0x00, 0xFF, 0x00, 0xFF, 0x00, 0x00, 0x3F, 0xC0,
  0x3F, 0xC0, 0x00, 0x0F, 0xF0, 0x0F, 0xF0, 0x00, 0x03, 0xFC, 0x03, 0xFC,
  0x00, 0x00, 0xFF, 0x00, 0xFF, 0x00, 0x00, 0x3F, 0x80, 0x3F, 0xC0, 0x00,
  0x1F, 0xE0, 0x0F, 0xF0, 0x00, 0x07, 0xF8, 0x03, 0xFC, 0x00, 0x03, 0xFC,
  0x00, 0xFF, 0x00, 0x00, 0xFF, 0x00, 0x3F, 0xC0, 0x00, 0x7F, 0x80, 0x0F,
  0xF0, 0x00, 0x3F, 0xC0, 0x03, 0xFC, 0x00, 0x1F, 0xE0, 0x00, 0xFF, 0x00,
  0x1F, 0xF0, 0x00, 0x3F, 0xC0, 0x1F, 0xF8, 0x00, 0x0F, 0xFF, 0xFF, 0xF8,
  0x00, 0x03, 0xFF, 0xFF, 0xF8, 0x00, 0x00, 0xFF, 0xFF, 0xF0, 0x00, 0x00,
  0x3F, 0xC0, 0x00, 0x00, 0x00, 0x0F, 0xF0, 0x00, 0x00, 0x00, 0x03, 0xFC,
  0x00, 0x00, 0x00, 0x00, 0xFF, 0x00, 0x00, 0x00, 0x00, 0x3F, 0xC0, 0x00,
  0x00, 0x00, 0x0F, 0xF0, 0x00, 0x00, 0x00, 0x03, 0xFC, 0x00, 0x00, 0x00,
  0x00, 0xFF, 0x00, 0x00, 0x00, 0x00, 0x3F, 0xC0, 0x00, 0x00, 0x00, 0x0F,
  0xF0, 0x00, 0x00, 0x00, 0x03, 0xFC, 0x00, 0x00, 0x00, 0x00, 0xFF, 0x00,
  0x00, 0x00, 0x00, 0x3F, 0xC0, 0x00, 0x00, 0x00, 0x0F, 0xF0, 0x00, 0x00,
  0x00, 0x03, 0xFC, 0x00, 0x00, 0x00, 0x00, 0xFF, 0x00, 0x00, 0x00, 0x00,
  0x3F, 0xE0, 0x00, 0x00, 0x00, 0x3F, 0xFE, 0x00, 0x00, 0x01, 0xFF, 0xFF,
  0xFE, 0x00, 0x00, 0x7F, 0xFF, 0xFF, 0x80, 0x00, 0x1F, 0xFF, 0xFF, 0xE0,
  0x00, 0x03, 0xFF, 0xFF, 0xF0, 0x00, 0x00, 0x00, 0x00, 0x0F, 0xFE, 0x00,
  0x00, 0x00, 0x00, 0x1F, 0xFF, 0xFC, 0x00, 0x00, 0x00, 0x0F, 0xFF, 0xFF,
  0xE0, 0x00, 0x00, 0x07, 0xF8, 0x01, 0xFF, 0x00, 0x00, 0x01, 0xF8, 0x00,
  0x0F, 0xF8, 0x00, 0x00, 0x7E, 0x00, 0x00, 0x7F, 0x80, 0x00, 0x3F, 0x00,
  0x00, 0x07, 0xF8, 0x00, 0x0F, 0xE0, 0x00, 0x00, 0x7F, 0x80, 0x01, 0xF8,
  0x00, 0x00, 0x07, 0xF8, 0x00, 0x7E, 0x00, 0x00, 0x00, 0x7F, 0x80, 0x1F,
  0xC0, 0x00, 0x00, 0x0F, 0xF0, 0x07, 0xF0, 0x00, 0x00, 0x00, 0xFF, 0x00,
  0xFE, 0x00, 0x00, 0x00, 0x1F, 0xE0, 0x3F, 0xC0, 0x00, 0x00, 0x03, 0xFE,
  0x07, 0xF0, 0x00, 0x00, 0x00, 0x3F, 0xC1, 0xFE, 0x00, 0x00, 0x00, 0x07,
  0xFC, 0x3F, 0xC0, 0x00, 0x00, 0x00, 0xFF, 0x87, 0xF8, 0x00, 0x00, 0x00,
  0x1F, 0xF1, 0xFF, 0x00, 0x00, 0x00, 0x03, 0xFF, 0x3F, 0xC0, 0x00, 0x00,
  0x00, 0x7F, 0xE7, 0xF8, 0x00, 0x00, 0x00, 0x07, 0xFC, 0xFF, 0x00, 0x00,
  0x00, 0x00, 0xFF, 0xBF, 0xE0, 0x00, 0x00, 0x00, 0x1F, 0xFF, 0xFC, 0x00,
  0x00, 0x00, 0x03, 0xFF, 0xFF, 0x80, 0x00, 0x00, 0x00, 0x7F, 0xFF, 0xF0,
  0x00, 0x00, 0x00, 0x0F, 0xFF, 0xFE, 0x00, 0x00, 0x00, 0x01, 0xFF, 0xFF,
  0xC0, 0x00, 0x00, 0x00, 0x3F, 0xFF, 0xF8, 0x00, 0x00, 0x00, 0x07, 0xFF,
  0xFF, 0x00, 0x00, 0x00, 0x00, 0xFF, 0xFF, 0xE0, 0x00, 0x00, 0x00, 0x1F,
  0xFF, 0xFC, 0x00, 0x00, 0x00, 0x03, 0xFF, 0xFF, 0x80, 0x00, 0x00, 0x00,
  0x7F, 0xFF, 0xF0, 0x00, 0x00, 0x00, 0x0F, 0xFD, 0xFE, 0x00, 0x00, 0x00,
  0x01, 0xFF, 0x3F, 0xC0, 0x00, 0x00, 0x00, 0x3F, 0xE7, 0xFC, 0x00, 0x00,
  0x00, 0x0F, 0xFC, 0xFF, 0x80, 0x00, 0x00, 0x01, 0xFF, 0x8F, 0xF0, 0x00,
  0x00, 0x00, 0x3F, 0xE1, 0xFE, 0x00, 0x00, 0x00, 0x07, 0xFC, 0x3F, 0xC0,
  0x00, 0x00, 0x00, 0xFF, 0x83, 0xFC, 0x00, 0x00, 0x00, 0x1F, 0xE0, 0x7F,
  0x80, 0x00, 0x00, 0x07, 0xFC, 0x07, 0xF0, 0x00, 0x00, 0x00, 0xFF, 0x00,
  0xFF, 0x00, 0x00, 0x00, 0x3F, 0xE0, 0x0F, 0xE0, 0x00, 0x00, 0x07, 0xF8,
  0x01, 0xFE, 0x00, 0x00, 0x01, 0xFE, 0x00, 0x1F, 0xC0, 0x00, 0x00, 0x3F,
  0x80, 0x01, 0xFC, 0x00, 0x00, 0x0F, 0xF0, 0x00, 0x1F, 0xC0, 0x00, 0x03,
  0xFC, 0x00, 0x01, 0xFC, 0x00, 0x00, 0xFF, 0x00, 0x00, 0x1F, 0xE0, 0x00,
  0x7F, 0x80, 0x00, 0x00, 0xFF, 0xE1, 0xFF, 0xE0, 0x00, 0x00, 0x0F, 0xFF,
  0xFF, 0xF0, 0x00, 0x00, 0x00, 0x7F, 0xFF, 0xF8, 0x00, 0x00, 0x00, 0x01,
  0xFF, 0xF8, 0x00, 0x00, 0x00, 0x00, 0x03, 0xFE, 0x00, 0x00, 0x00, 0x00,
  0x00, 0x7F, 0xE0, 0x00, 0x00, 0x00, 0x00, 0x0F, 0xFC, 0x00, 0x00, 0x00,
  0x00, 0x01, 0xFF, 0x80, 0x00, 0x00, 0x00, 0x00, 0x1F, 0xF8, 0x00, 0x00,
  0x00, 0x00, 0x03, 0xFF, 0x00, 0x00, 0x00, 0x00, 0x00, 0x3F, 0xF0, 0x00,
  0x00, 0x00, 0x00, 0x07, 0xFF, 0x00, 0x00, 0x00, 0x00, 0x00, 0x7F, 0xF0,
  0x00, 0x00, 0x00, 0x00, 0x07, 0xFF, 0x80, 0x00, 0x00, 0x00, 0x00, 0x7F,
  0xFC, 0x00, 0x00, 0x00, 0x00, 0x07, 0xFF, 0xFE, 0x00, 0x00, 0x00, 0x00,
  0x7F, 0xFF, 0xF0, 0x00, 0x00, 0x00, 0x03, 0xFF, 0xFE, 0x00, 0x00, 0x00,
  0x00, 0x0F, 0xFF, 0x80, 0x00, 0x00, 0x00, 0x00, 0x06, 0x00, 0xFF, 0xFF,
  0xFF, 0xF0, 0x00, 0x00, 0x1F, 0xFF, 0xFF, 0xFF, 0xE0, 0x00, 0x03, 0xFF,
  0xFF, 0xFF, 0xFF, 0x00, 0x00, 0x0F, 0xFF, 0x00, 0x3F, 0xF8, 0x00, 0x00,
  0x3F, 0xE0, 0x00, 0xFF, 0x80, 0x00, 0x03, 0xFC, 0x00, 0x0F, 0xF8, 0x00,
  0x00, 0x7F, 0x80, 0x00, 0xFF, 0x80, 0x00, 0x0F, 0xF0, 0x00, 0x0F, 0xF8,
  0x00, 0x01, 0xFE, 0x00, 0x00, 0xFF, 0x00, 0x00, 0x3F, 0xC0, 0x00, 0x1F,
  0xE0, 0x00, 0x07, 0xF8, 0x00, 0x03, 0xFE, 0x00, 0x00, 0xFF, 0x00, 0x00,
  0x3F, 0xC0, 0x00, 0x1F, 0xE0, 0x00, 0x07, 0xF8, 0x00, 0x03, 0xFC, 0x00,
  0x00, 0xFF, 0x00, 0x00, 0x7F, 0x80, 0x00, 0x1F, 0xE0, 0x00, 0x0F, 0xF0,
  0x00, 0x03, 0xFC, 0x00, 0x01, 0xFE, 0x00, 0x00, 0x7F, 0x80, 0x00, 0x3F,
  0xC0, 0x00, 0x0F, 0xF0, 0x00, 0x07, 0xF8, 0x00, 0x01, 0xFC, 0x00, 0x00,
  0xFF, 0x00, 0x00, 0x3F, 0x80, 0x00, 0x1F, 0xE0, 0x00, 0x0F, 0xF0, 0x00,
  0x03, 0xFC, 0x00, 0x01, 0xFC, 0x00, 0x00, 0x7F, 0x80, 0x00, 0x7F, 0x80,
  0x00, 0x0F, 0xF0, 0x00, 0x0F, 0xE0, 0x00, 0x01, 0xFE, 0x00, 0x03, 0xF8,
  0x00, 0x00, 0x3F, 0xC0, 0x01, 0xFE, 0x00, 0x00, 0x07, 0xF8, 0x01, 0xFF,
  0x80, 0x00, 0x00, 0xFF, 0xFF, 0xFF, 0xC0, 0x00, 0x00, 0x1F, 0xFF, 0xFF,
  0xC0, 0x00, 0x00, 0x03, 0xFF, 0xFF, 0xFE, 0x00, 0x00, 0x00, 0x7F, 0x80,
  0x3F, 0xF0, 0x00, 0x00, 0x0F, 0xF0, 0x01, 0xFF, 0x80, 0x00, 0x01, 0xFE,
  0x00, 0x1F, 0xF8, 0x00, 0x00, 0x3F, 0xC0, 0x01, 0xFF, 0x00, 0x00, 0x07,
  0xF8, 0x00, 0x1F, 0xF0, 0x00, 0x00, 0xFF, 0x00, 0x03, 0xFF, 0x00, 0x00,
  0x1F, 0xE0, 0x00, 0x3F, 0xE0, 0x00, 0x03, 0xFC, 0x00, 0x07, 0xFC, 0x00,
  0x00, 0x7F, 0x80, 0x00, 0x7F, 0xC0, 0x00, 0x0F, 0xF0, 0x00, 0x0F, 0xF8,
  0x00, 0x01, 0xFE, 0x00, 0x00, 0xFF, 0x80, 0x00, 0x3F, 0xC0, 0x00, 0x1F,
  0xF0, 0x00, 0x07, 0xF8, 0x00, 0x03, 0xFE, 0x00, 0x00, 0xFF, 0x00, 0x00,
  0x3F, 0xE0, 0x00, 0x1F, 0xE0, 0x00, 0x07, 0xFC, 0x00, 0x03, 0xFC, 0x00,
  0x00, 0xFF, 0xC0, 0x00, 0x7F, 0x80, 0x00, 0x0F, 0xFC, 0x00, 0x0F, 0xF0,
  0x00, 0x01, 0xFF, 0x80, 0x01, 0xFE, 0x00, 0x00, 0x3F, 0xF8, 0x00, 0x7F,
  0xE0, 0x00, 0x03, 0xFF, 0x80, 0x7F, 0xFF, 0xC0, 0x00, 0x7F, 0xFE, 0x7F,
  0xFF, 0xFF, 0x00, 0x07, 0xFF, 0xEF, 0xFF, 0xFF, 0xE0, 0x00, 0xFF, 0xFD,
  0xFF, 0xFF, 0xFC, 0x00, 0x0F, 0xFF, 0x80, 0x00, 0x03, 0xFE, 0x00, 0x00,
  0x00, 0xFF, 0xFF, 0x1C, 0x00, 0x1F, 0xFF, 0xFF, 0xF0, 0x03, 0xFE, 0x07,
  0xFF, 0x80, 0x3F, 0x80, 0x0F, 0xFC, 0x03, 0xF8, 0x00, 0x1F, 0xE0, 0x3F,
  0x80, 0x00, 0x7F, 0x01, 0xFC, 0x00, 0x01, 0xF8, 0x1F, 0xC0, 0x00, 0x0F,
  0xC0, 0xFE, 0x00, 0x00, 0x3E, 0x0F, 0xF0, 0x00, 0x01, 0xF0, 0x7F, 0x80,
  0x00, 0x07, 0x83, 0xFC, 0x00, 0x00, 0x3E, 0x1F, 0xE0, 0x00, 0x01, 0xF0,
  0xFF, 0x00, 0x00, 0x07, 0x87, 0xFC, 0x00, 0x00, 0x38, 0x3F, 0xE0, 0x00,
  0x00, 0x01, 0xFF, 0x80, 0x00, 0x00, 0x0F, 0xFE, 0x00, 0x00, 0x00, 0x3F,
  0xF8, 0x00, 0x00, 0x01, 0xFF, 0xF0, 0x00, 0x00, 0x07, 0xFF, 0xC0, 0x00,
  0x00, 0x3F, 0xFF, 0x80, 0x00, 0x00, 0xFF, 0xFE, 0x00, 0x00, 0x03, 0xFF,
  0xFC, 0x00, 0x00, 0x0F, 0xFF, 0xF8, 0x00, 0x00, 0x3F, 0xFF, 0xE0, 0x00,
  0x00, 0xFF, 0xFF, 0xC0, 0x00, 0x01, 0xFF, 0xFF, 0x80, 0x00, 0x07, 0xFF,
  0xFE, 0x00, 0x00, 0x0F, 0xFF, 0xF8, 0x00, 0x00, 0x1F, 0xFF, 0xE0, 0x00,
  0x00, 0x3F, 0xFF, 0x80, 0x00, 0x00, 0x7F, 0xFE, 0x00, 0x00, 0x01, 0xFF,
  0xF8, 0x00, 0x00, 0x03, 0xFF, 0xC6, 0x00, 0x00, 0x0F, 0xFF, 0x78, 0x00,
  0x00, 0x3F, 0xFB, 0xC0, 0x00, 0x00, 0xFF, 0xFE, 0x00, 0x00, 0x03, 0xFF,
  0xF8, 0x00, 0x00, 0x0F, 0xFF, 0xC0, 0x00, 0x00, 0x7F, 0xFF, 0x00, 0x00,
  0x01, 0xFF, 0xF8, 0x00, 0x00, 0x0F, 0xF7, 0xC0, 0x00, 0x00, 0x7F, 0xBF,
  0x00, 0x00, 0x03, 0xFD, 0xF8, 0x00, 0x00, 0x1F, 0xCF, 0xE0, 0x00, 0x00,
  0xFE, 0x7F, 0x80, 0x00, 0x0F, 0xF3, 0xFC, 0x00, 0x00, 0x7F, 0x1F, 0xF8,
  0x00, 0x03, 0xF0, 0xFF, 0xE0, 0x00, 0x3F, 0x87, 0xFF, 0x80, 0x07, 0xF8,
  0x3C, 0x7F, 0x80, 0xFF, 0x81, 0xC0, 0xFF, 0xFF, 0xF0, 0x00, 0x01, 0xFF,
  0xFE, 0x00, 0x00, 0x01, 0xFF, 0x80, 0x00, 0x7F, 0xFF, 0xFF, 0xFF, 0xFF,
  0xF9, 0xFF, 0xFF, 0xFF, 0xFF, 0xFF, 0xE7, 0xFF, 0xFF, 0xFF, 0xFF, 0xFF,
  0x9F, 0xC0, 0x07, 0xF8, 0x00, 0xFE, 0x7E, 0x00, 0x1F, 0xE0, 0x01, 0xF9,
  0xF0, 0x00, 0x7F, 0x80, 0x03, 0xE7, 0xC0, 0x01, 0xFE, 0x00, 0x0F, 0x9E,
  0x00, 0x07, 0xF8, 0x00, 0x1E, 0x78, 0x00, 0x1F, 0xE0, 0x00, 0x79, 0xE0,
  0x00, 0x7F, 0x80, 0x01, 0xEF, 0x80, 0x01, 0xFE, 0x00, 0x07, 0xBC, 0x00,
  0x07, 0xF8, 0x00, 0x0F, 0xF0, 0x00, 0x1F, 0xE0, 0x00, 0x3F, 0xC0, 0x00,
  0x7F, 0x80, 0x00, 0xFF, 0x00, 0x01, 0xFE, 0x00, 0x03, 0xFC, 0x00, 0x07,
  0xF8, 0x00, 0x0E, 0x60, 0x00, 0x1F, 0xE0, 0x00, 0x18, 0x00, 0x00, 0x7F,
  0x80, 0x00, 0x00, 0x00, 0x01, 0xFE, 0x00, 0x00, 0x00, 0x00, 0x07, 0xF8,
  0x00, 0x00, 0x00, 0x00, 0x1F, 0xE0, 0x00, 0x00, 0x00, 0x00, 0x7F, 0x80,
  0x00, 0x00, 0x00, 0x01, 0xFE, 0x00, 0x00, 0x00, 0x00, 0x07, 0xF8, 0x00,
  0x00, 0x00, 0x00, 0x1F, 0xE0, 0x00, 0x00, 0x00, 0x00, 0x7F, 0x80, 0x00,
  0x00, 0x00, 0x01, 0xFE, 0x00, 0x00, 0x00, 0x00, 0x07, 0xF8, 0x00, 0x00,
  0x00, 0x00, 0x1F, 0xE0, 0x00, 0x00, 0x00, 0x00, 0x7F, 0x80, 0x00, 0x00,
  0x00, 0x01, 0xFE, 0x00, 0x00, 0x00, 0x00, 0x07, 0xF8, 0x00, 0x00, 0x00,
  0x00, 0x1F, 0xE0, 0x00, 0x00, 0x00, 0x00, 0x7F, 0x80, 0x00, 0x00, 0x00,
  0x01, 0xFE, 0x00, 0x00, 0x00, 0x00, 0x07, 0xF8, 0x00, 0x00, 0x00, 0x00,
  0x1F, 0xE0, 0x00, 0x00, 0x00, 0x00, 0x7F, 0x80, 0x00, 0x00, 0x00, 0x01,
  0xFE, 0x00, 0x00, 0x00, 0x00, 0x07, 0xF8, 0x00, 0x00, 0x00, 0x00, 0x1F,
  0xE0, 0x00, 0x00, 0x00, 0x00, 0x7F, 0x80, 0x00, 0x00, 0x00, 0x01, 0xFE,
  0x00, 0x00, 0x00, 0x00, 0x07, 0xF8, 0x00, 0x00, 0x00, 0x00, 0x1F, 0xE0,
  0x00, 0x00, 0x00, 0x00, 0x7F, 0x80, 0x00, 0x00, 0x00, 0x01, 0xFE, 0x00,
  0x00, 0x00, 0x00, 0x07, 0xF8, 0x00, 0x00, 0x00, 0x00, 0x1F, 0xE0, 0x00,
  0x00, 0x00, 0x00, 0xFF, 0xC0, 0x00, 0x00, 0x00, 0x0F, 0xFF, 0xE0, 0x00,
  0x00, 0x0F, 0xFF, 0xFF, 0xFC, 0x00, 0x00, 0x3F, 0xFF, 0xFF, 0xF0, 0x00,
  0x00, 0xFF, 0xFF, 0xFF, 0xC0, 0x00, 0xFF, 0xFF, 0xFE, 0x00, 0x1F, 0xFF,
  0xFF, 0xFF, 0xFF, 0xFC, 0x00, 0x3F, 0xFF, 0xFF, 0xFF, 0xFF, 0xF8, 0x00,
  0x7F, 0xFF, 0xF8, 0x3F, 0xFE, 0x00, 0x00, 0x0F, 0xFE, 0x00, 0x3F, 0xE0,
  0x00, 0x00, 0x03, 0xF0, 0x00, 0x3F, 0xC0, 0x00, 0x00, 0x03, 0xC0, 0x00,
  0x7F, 0x80, 0x00, 0x00, 0x07, 0x80, 0x00, 0xFF, 0x00, 0x00, 0x00, 0x0F,
  0x00, 0x01, 0xFE, 0x00, 0x00, 0x00, 0x1E, 0x00, 0x03, 0xFC, 0x00, 0x00,
  0x00, 0x3C, 0x00, 0x07, 0xF8, 0x00, 0x00, 0x00, 0x78, 0x00, 0x0F, 0xF0,
  0x00, 0x00, 0x00, 0xF0, 0x00, 0x1F, 0xE0, 0x00, 0x00, 0x01, 0xE0, 0x00,
  0x3F, 0xC0, 0x00, 0x00, 0x03, 0xC0, 0x00, 0x7F, 0x80, 0x00, 0x00, 0x07,
  0x80, 0x00, 0xFF, 0x00, 0x00, 0x00, 0x0F, 0x00, 0x01, 0xFE, 0x00, 0x00,
  0x00, 0x1E, 0x00, 0x03, 0xFC, 0x00, 0x00, 0x00, 0x3C, 0x00, 0x07, 0xF8,
  0x00, 0x00, 0x00, 0x78, 0x00, 0x0F, 0xF0, 0x00, 0x00, 0x00, 0xF0, 0x00,
  0x1F, 0xE0, 0x00, 0x00, 0x01, 0xE0, 0x00, 0x3F, 0xC0, 0x00, 0x00, 0x03,
  0xC0, 0x00, 0x7F, 0x80, 0x00, 0x00, 0x07, 0x80, 0x00, 0xFF, 0x00, 0x00,
  0x00, 0x0F, 0x00, 0x01, 0xFE, 0x00, 0x00, 0x00, 0x1E, 0x00, 0x03, 0xFC,
  0x00, 0x00, 0x00, 0x3C, 0x00, 0x07, 0xF8, 0x00, 0x00, 0x00, 0x78, 0x00,
  0x0F, 0xF0, 0x00, 0x00, 0x00, 0xF0, 0x00, 0x1F, 0xE0, 0x00, 0x00, 0x01,
  0xE0, 0x00, 0x3F, 0xC0, 0x00, 0x00, 0x03, 0xC0, 0x00, 0x7F, 0x80, 0x00,
  0x00, 0x07, 0x80, 0x00, 0xFF, 0x00, 0x00, 0x00, 0x0F, 0x00, 0x01, 0xFE,
  0x00, 0x00, 0x00, 0x1E, 0x00, 0x03, 0xFC, 0x00, 0x00, 0x00, 0x3C, 0x00,
  0x07, 0xF8, 0x00, 0x00, 0x00, 0x78, 0x00, 0x0F, 0xF0, 0x00, 0x00, 0x00,
  0xF0, 0x00, 0x1F, 0xE0, 0x00, 0x00, 0x01, 0xE0, 0x00, 0x3F, 0xC0, 0x00,
  0x00, 0x03, 0xC0, 0x00, 0x7F, 0x80, 0x00, 0x00, 0x07, 0x80, 0x00, 0xFF,
  0x00, 0x00, 0x00, 0x0F, 0x00, 0x00, 0xFE, 0x00, 0x00, 0x00, 0x3C, 0x00,
  0x01, 0xFE, 0x00, 0x00, 0x00, 0x78, 0x00, 0x03, 0xFC, 0x00, 0x00, 0x00,
  0xF0, 0x00, 0x03, 0xF8, 0x00, 0x00, 0x01, 0xE0, 0x00, 0x07, 0xF0, 0x00,
  0x00, 0x07, 0x80, 0x00, 0x0F, 0xF0, 0x00, 0x00, 0x0F, 0x00, 0x00, 0x0F,
  0xE0, 0x00, 0x00, 0x3C, 0x00, 0x00, 0x0F, 0xE0, 0x00, 0x00, 0x78, 0x00,
  0x00, 0x1F, 0xE0, 0x00, 0x01, 0xE0, 0x00, 0x00, 0x1F, 0xE0, 0x00, 0x0F,
  0x80, 0x00, 0x00, 0x1F, 0xE0, 0x00, 0x3E, 0x00, 0x00, 0x00, 0x0F, 0xF8,
  0x03, 0xF8, 0x00, 0x00, 0x00, 0x0F, 0xFF, 0xFF, 0xC0, 0x00, 0x00, 0x00,
  0x07, 0xFF, 0xFE, 0x00, 0x00, 0x00, 0x00, 0x00, 0xFF, 0xE0, 0x00, 0x00,
  0x00, 0xFF, 0xFF, 0xFE, 0x00, 0x0F, 0xFF, 0xFF, 0xFF, 0xFF, 0xFE, 0x00,
  0x0F, 0xFF, 0xFF, 0xFF, 0xFF, 0xFE, 0x00, 0x0F, 0xFF, 0xFF, 0x03, 0xFF,
  0x00, 0x00, 0x00, 0x7F, 0xC0, 0x01, 0xFF, 0x00, 0x00, 0x00, 0x1F, 0x80,
  0x01, 0xFF, 0x80, 0x00, 0x00, 0x1F, 0x80, 0x00, 0xFF, 0x80, 0x00, 0x00,
  0x1F, 0x00, 0x00, 0xFF, 0x80, 0x00, 0x00, 0x1F, 0x00, 0x00, 0x7F, 0xC0,
  0x00, 0x00, 0x3F, 0x00, 0x00, 0x7F, 0xC0, 0x00, 0x00, 0x3E, 0x00, 0x00,
  0x7F, 0xC0, 0x00, 0x00, 0x3E, 0x00, 0x00, 0x3F, 0xE0, 0x00, 0x00, 0x7E,
  0x00, 0x00, 0x3F, 0xE0, 0x00, 0x00, 0x7C, 0x00, 0x00, 0x1F, 0xE0, 0x00,
  0x00, 0x7C, 0x00, 0x00, 0x1F, 0xF0, 0x00, 0x00, 0xF8, 0x00, 0x00, 0x1F,
  0xF0, 0x00, 0x00, 0xF8, 0x00, 0x00, 0x0F, 0xF0, 0x00, 0x00, 0xF8, 0x00,
  0x00, 0x0F, 0xF8, 0x00, 0x01, 0xF0, 0x00, 0x00, 0x0F, 0xF8, 0x00, 0x01,
  0xF0, 0x00, 0x00, 0x07, 0xF8, 0x00, 0x01, 0xF0, 0x00, 0x00, 0x07, 0xFC,
  0x00, 0x03, 0xE0, 0x00, 0x00, 0x03, 0xFC, 0x00, 0x03, 0xE0, 0x00, 0x00,
  0x03, 0xFC, 0x00, 0x03, 0xE0, 0x00, 0x00, 0x03, 0xFE, 0x00, 0x07, 0xC0,
  0x00, 0x00, 0x01, 0xFE, 0x00, 0x07, 0xC0, 0x00, 0x00, 0x01, 0xFE, 0x00,
  0x07, 0x80, 0x00, 0x00, 0x01, 0xFF, 0x00, 0x0F, 0x80, 0x00, 0x00, 0x00,
  0xFF, 0x00, 0x0F, 0x80, 0x00, 0x00, 0x00, 0xFF, 0x00, 0x0F, 0x00, 0x00,
  0x00, 0x00, 0x7F, 0x80, 0x1F, 0x00, 0x00, 0x00, 0x00, 0x7F, 0x80, 0x1F,
  0x00, 0x00, 0x00, 0x00, 0x7F, 0xC0, 0x1E, 0x00, 0x00, 0x00, 0x00, 0x3F,
  0xC0, 0x3E, 0x00, 0x00, 0x00, 0x00, 0x3F, 0xC0, 0x3E, 0x00, 0x00, 0x00,
  0x00, 0x3F, 0xE0, 0x3C, 0x00, 0x00, 0x00, 0x00, 0x1F, 0xE0, 0x7C, 0x00,
  0x00, 0x00, 0x00, 0x1F, 0xE0, 0x7C, 0x00, 0x00, 0x00, 0x00, 0x0F, 0xF0,
  0x78, 0x00, 0x00, 0x00, 0x00, 0x0F, 0xF0, 0xF8, 0x00, 0x00, 0x00, 0x00,
  0x0F, 0xF0, 0xF0, 0x00, 0x00, 0x00, 0x00, 0x07, 0xF8, 0xF0, 0x00, 0x00,
  0x00, 0x00, 0x07, 0xF9, 0xF0, 0x00, 0x00, 0x00, 0x00, 0x03, 0xF9, 0xE0,
  0x00, 0x00, 0x00, 0x00, 0x03, 0xFD, 0xE0, 0x00, 0x00, 0x00, 0x00, 0x03,
  0xFF, 0xE0, 0x00, 0x00, 0x00, 0x00, 0x01, 0xFF, 0xC0, 0x00, 0x00, 0x00,
  0x00, 0x01, 0xFF, 0xC0, 0x00, 0x00, 0x00, 0x00, 0x01, 0xFF, 0xC0, 0x00,
  0x00, 0x00, 0x00, 0x00, 0xFF, 0x80, 0x00, 0x00, 0x00, 0x00, 0x00, 0xFF,
  0x80, 0x00, 0x00, 0x00, 0x00, 0x00, 0x7F, 0x00, 0x00, 0x00, 0x00, 0x00,
  0x00, 0x7F, 0x00, 0x00, 0x00, 0x00, 0x00, 0x00, 0x7F, 0x00, 0x00, 0x00,
  0x00, 0x00, 0x00, 0x3E, 0x00, 0x00, 0x00, 0x00, 0x00, 0x00, 0x3E, 0x00,
  0x00, 0x00, 0xFF, 0xFF, 0xFC, 0x00, 0x00, 0x00, 0x00, 0x3F, 0xFF, 0xFF,
  0xFF, 0xFF, 0xF0, 0x00, 0x0F, 0x00, 0x00, 0xFF, 0xFF, 0xFF, 0xFF, 0xFF,
  0xC0, 0x00, 0x7E, 0x00, 0x03, 0xFF, 0xFF, 0xC1, 0xFF, 0x80, 0x00, 0x01,
  0xF8, 0x00, 0x00, 0x0F, 0xC0, 0x03, 0xFE, 0x00, 0x00, 0x07, 0xE0, 0x00,
  0x00, 0x3E, 0x00, 0x07, 0xF8, 0x00, 0x00, 0x1F, 0xC0, 0x00, 0x00, 0xF8,
  0x00, 0x1F, 0xE0, 0x00, 0x00, 0xFF, 0x00, 0x00, 0x03, 0xE0, 0x00, 0x3F,
  0xC0, 0x00, 0x03, 0xFC, 0x00, 0x00, 0x1F, 0x00, 0x00, 0xFF, 0x00, 0x00,
  0x0F, 0xF8, 0x00, 0x00, 0x7C, 0x00, 0x03, 0xFC, 0x00, 0x00, 0x7F, 0xE0,
  0x00, 0x01, 0xF0, 0x00, 0x0F, 0xF0, 0x00, 0x01, 0xFF, 0x80, 0x00, 0x07,
  0x80, 0x00, 0x1F, 0xE0, 0x00, 0x07, 0xFF, 0x00, 0x00, 0x3E, 0x00, 0x00,
  0x7F, 0x80, 0x00, 0x3F, 0xFC, 0x00, 0x00, 0xF8, 0x00, 0x01, 0xFE, 0x00,
  0x00, 0xFF, 0xF0, 0x00, 0x03, 0xC0, 0x00, 0x03, 0xF8, 0x00, 0x03, 0xFF,
  0xE0, 0x00, 0x1F, 0x00, 0x00, 0x0F, 0xF0, 0x00, 0x0F, 0x7F, 0x80, 0x00,
  0x7C, 0x00, 0x00, 0x3F, 0xC0, 0x00, 0x79, 0xFE, 0x00, 0x01, 0xF0, 0x00,
  0x00, 0xFF, 0x00, 0x01, 0xE7, 0xF8, 0x00, 0x07, 0x80, 0x00, 0x01, 0xFE,
  0x00, 0x07, 0x8F, 0xF0, 0x00, 0x3E, 0x00, 0x00, 0x07, 0xF8, 0x00, 0x3C,
  0x3F, 0xC0, 0x00, 0xF8, 0x00, 0x00, 0x1F, 0xE0, 0x00, 0xF0, 0xFF, 0x00,
  0x03, 0xC0, 0x00, 0x00, 0x7F, 0x80, 0x03, 0xC1, 0xFE, 0x00, 0x0F, 0x00,
  0x00, 0x00, 0xFF, 0x00, 0x1E, 0x07, 0xF8, 0x00, 0x7C, 0x00, 0x00, 0x03,
  0xFC, 0x00, 0x78, 0x1F, 0xE0, 0x01, 0xF0, 0x00, 0x00, 0x0F, 0xF0, 0x01,
  0xE0, 0x3F, 0xC0, 0x07, 0x80, 0x00, 0x00, 0x1F, 0xC0, 0x07, 0x80, 0xFF,
  0x00, 0x3E, 0x00, 0x00, 0x00, 0x7F, 0x80, 0x3C, 0x03, 0xFC, 0x00, 0xF8,
  0x00, 0x00, 0x01, 0xFE, 0x00, 0xF0, 0x07, 0xF8, 0x03, 0xC0, 0x00, 0x00,
  0x07, 0xF8, 0x03, 0xC0, 0x1F, 0xE0, 0x0F, 0x00, 0x00, 0x00, 0x0F, 0xF0,
  0x1E, 0x00, 0x7F, 0x80, 0x7C, 0x00, 0x00, 0x00, 0x3F, 0xC0, 0x78, 0x01,
  0xFF, 0x01, 0xE0, 0x00, 0x00, 0x00, 0xFF, 0x01, 0xE0, 0x03, 0xFC, 0x07,
  0x80, 0x00, 0x00, 0x01, 0xFC, 0x0F, 0x00, 0x0F, 0xF0, 0x1E, 0x00, 0x00,
  0x00, 0x07, 0xF8, 0x3C, 0x00, 0x3F, 0xE0, 0xF8, 0x00, 0x00, 0x00, 0x1F,
  0xE0, 0xF0, 0x00, 0x7F, 0x83, 0xC0, 0x00, 0x00, 0x00, 0x7F, 0x83, 0xC0,
  0x01, 0xFE, 0x0F, 0x00, 0x00, 0x00, 0x00, 0xFE, 0x1E, 0x00, 0x07, 0xF8,
  0x3C, 0x00, 0x00, 0x00, 0x03, 0xFC, 0x78, 0x00, 0x0F, 0xF1, 0xE0, 0x00,
  0x00, 0x00, 0x0F, 0xF1, 0xE0, 0x00, 0x3F, 0xC7, 0x80, 0x00, 0x00, 0x00,
  0x1F, 0xCF, 0x00, 0x00, 0xFF, 0x1E, 0x00, 0x00, 0x00, 0x00, 0x7F, 0x3C,
  0x00, 0x01, 0xFE, 0xF8, 0x00, 0x00, 0x00, 0x01, 0xFE, 0xF0, 0x00, 0x07,
  0xFB, 0xC0, 0x00, 0x00, 0x00, 0x07, 0xFF, 0x80, 0x00, 0x1F, 0xEF, 0x00,
  0x00, 0x00, 0x00, 0x0F, 0xFE, 0x00, 0x00, 0x3F, 0xFC, 0x00, 0x00, 0x00,
  0x00, 0x3F, 0xF8, 0x00, 0x00, 0xFF, 0xE0, 0x00, 0x00, 0x00, 0x00, 0xFF,
  0xE0, 0x00, 0x03, 0xFF, 0x80, 0x00, 0x00, 0x00, 0x01, 0xFF, 0x00, 0x00,
  0x07, 0xFE, 0x00, 0x00, 0x00, 0x00, 0x07, 0xFC, 0x00, 0x00, 0x1F, 0xF0,
  0x00, 0x00, 0x00, 0x00, 0x1F, 0xF0, 0x00, 0x00, 0x7F, 0xC0, 0x00, 0x00,
  0x00, 0x00, 0x7F, 0x80, 0x00, 0x00, 0xFF, 0x00, 0x00, 0x00, 0x00, 0x00,
  0xFE, 0x00, 0x00, 0x03, 0xFC, 0x00, 0x00, 0x00, 0x00, 0x03, 0xF8, 0x00,
  0x00, 0x0F, 0xE0, 0x00, 0x00, 0x00, 0x00, 0x0F, 0xC0, 0x00, 0x00, 0x1F,
  0x80, 0x00, 0x00, 0x00, 0x00, 0x1F, 0x00, 0x00, 0x00, 0x7E, 0x00, 0x00,
  0x00, 0x00, 0x00, 0x7C, 0x00, 0x00, 0x01, 0xF0, 0x00, 0x00, 0x00, 0x7F,
  0xFF, 0xFE, 0x01, 0xFF, 0xFF, 0xE7, 0xFF, 0xFF, 0xF0, 0x1F, 0xFF, 0xFE,
  0x7F, 0xFF, 0xFF, 0x01, 0xFF, 0xFF, 0xE0, 0x7F, 0xF8, 0x00, 0x00, 0xFF,
  0xF0, 0x00, 0xFF, 0x80, 0x00, 0x07, 0xF0, 0x00, 0x07, 0xF8, 0x00, 0x00,
  0x7E, 0x00, 0x00, 0x7F, 0xC0, 0x00, 0x0F, 0xC0, 0x00, 0x03, 0xFE, 0x00,
  0x00, 0xF8, 0x00, 0x00, 0x3F, 0xE0, 0x00, 0x1F, 0x00, 0x00, 0x01, 0xFF,
  0x00, 0x03, 0xF0, 0x00, 0x00, 0x0F, 0xF0, 0x00, 0x3E, 0x00, 0x00, 0x00,
  0xFF, 0x80, 0x07, 0xC0, 0x00, 0x00, 0x07, 0xFC, 0x00, 0x7C, 0x00, 0x00,
  0x00, 0x3F, 0xC0, 0x0F, 0x80, 0x00, 0x00, 0x03, 0xFE, 0x01, 0xF0, 0x00,
  0x00, 0x00, 0x1F, 0xF0, 0x1F, 0x00, 0x00, 0x00, 0x00, 0xFF, 0x03, 0xE0,
  0x00, 0x00, 0x00, 0x0F, 0xF8, 0x3C, 0x00, 0x00, 0x00, 0x00, 0x7F, 0xC7,
  0x80, 0x00, 0x00, 0x00, 0x07, 0xFC, 0xF8, 0x00, 0x00, 0x00, 0x00, 0x3F,
  0xEF, 0x00, 0x00, 0x00, 0x00, 0x01, 0xFF, 0xE0, 0x00, 0x00, 0x00, 0x00,
  0x1F, 0xFE, 0x00, 0x00, 0x00, 0x00, 0x00, 0xFF, 0xC0, 0x00, 0x00, 0x00,
  0x00, 0x07, 0xF8, 0x00, 0x00, 0x00, 0x00, 0x00, 0x7F, 0x80, 0x00, 0x00,
  0x00, 0x00, 0x03, 0xFC, 0x00, 0x00, 0x00, 0x00, 0x00, 0x3F, 0xE0, 0x00,
  0x00, 0x00, 0x00, 0x03, 0xFE, 0x00, 0x00, 0x00, 0x00, 0x00, 0x3F, 0xF0,
  0x00, 0x00, 0x00, 0x00, 0x07, 0xFF, 0x80, 0x00, 0x00, 0x00, 0x00, 0xFF,
  0xF8, 0x00, 0x00, 0x00, 0x00, 0x0F, 0x3F, 0xC0, 0x00, 0x00, 0x00, 0x01,
  0xE3, 0xFC, 0x00, 0x00, 0x00, 0x00, 0x3E, 0x1F, 0xE0, 0x00, 0x00, 0x00,
  0x03, 0xC1, 0xFF, 0x00, 0x00, 0x00, 0x00, 0x78, 0x0F, 0xF0, 0x00, 0x00,
  0x00, 0x0F, 0x80, 0xFF, 0x80, 0x00, 0x00, 0x00, 0xF0, 0x07, 0xFC, 0x00,
  0x00, 0x00, 0x1F, 0x00, 0x3F, 0xC0, 0x00, 0x00, 0x03, 0xE0, 0x03, 0xFE,
  0x00, 0x00, 0x00, 0x7C, 0x00, 0x1F, 0xF0, 0x00, 0x00, 0x07, 0xC0, 0x01,
  0xFF, 0x00, 0x00, 0x00, 0xF8, 0x00, 0x0F, 0xF8, 0x00, 0x00, 0x1F, 0x00,
  0x00, 0xFF, 0xC0, 0x00, 0x01, 0xF0, 0x00, 0x07, 0xFC, 0x00, 0x00, 0x3E,
  0x00, 0x00, 0x7F, 0xE0, 0x00, 0x07, 0xE0, 0x00, 0x03, 0xFE, 0x00, 0x00,
  0x7C, 0x00, 0x00, 0x1F, 0xF0, 0x00, 0x1F, 0xC0, 0x00, 0x01, 0xFF, 0x80,
  0x1F, 0xFE, 0x00, 0x00, 0x1F, 0xFE, 0x0F, 0xFF, 0xFE, 0x00, 0xFF, 0xFF,
  0xFF, 0xFF, 0xFF, 0xE0, 0x0F, 0xFF, 0xFF, 0xF7, 0xFF, 0xFE, 0x00, 0xFF,
  0xFF, 0xFF, 0xFF, 0xFF, 0xFC, 0x00, 0x7F, 0xFF, 0xFF, 0xFF, 0xFF, 0xC0,
  0x0F, 0xFF, 0xFF, 0xFF, 0xFF, 0xF8, 0x01, 0xFF, 0xFF, 0x87, 0xFF, 0x80,
  0x00, 0x00, 0xFF, 0x00, 0x3F, 0xE0, 0x00, 0x00, 0x0F, 0x80, 0x03, 0xFE,
  0x00, 0x00, 0x03, 0xF0, 0x00, 0x7F, 0xC0, 0x00, 0x00, 0x7C, 0x00, 0x07,
  0xFC, 0x00, 0x00, 0x1F, 0x00, 0x00, 0xFF, 0x80, 0x00, 0x03, 0xE0, 0x00,
  0x0F, 0xF8, 0x00, 0x00, 0xF8, 0x00, 0x01, 0xFF, 0x00, 0x00, 0x1F, 0x00,
  0x00, 0x1F, 0xF0, 0x00, 0x07, 0xC0, 0x00, 0x03, 0xFE, 0x00, 0x00, 0xF8,
  0x00, 0x00, 0x3F, 0xE0, 0x00, 0x1E, 0x00, 0x00, 0x07, 0xFC, 0x00, 0x07,
  0xC0, 0x00, 0x00, 0x7F, 0xC0, 0x00, 0xF0, 0x00, 0x00, 0x0F, 0xF8, 0x00,
  0x3E, 0x00, 0x00, 0x00, 0xFF, 0x80, 0x07, 0x80, 0x00, 0x00, 0x1F, 0xF0,
  0x01, 0xF0, 0x00, 0x00, 0x01, 0xFF, 0x00, 0x3C, 0x00, 0x00, 0x00, 0x1F,
  0xE0, 0x0F, 0x80, 0x00, 0x00, 0x03, 0xFE, 0x01, 0xE0, 0x00, 0x00, 0x00,
  0x3F, 0xC0, 0x7C, 0x00, 0x00, 0x00, 0x07, 0xFC, 0x0F, 0x00, 0x00, 0x00,
  0x00, 0x7F, 0x83, 0xE0, 0x00, 0x00, 0x00, 0x0F, 0xF8, 0x78, 0x00, 0x00,
  0x00, 0x00, 0xFF, 0x1F, 0x00, 0x00, 0x00, 0x00, 0x1F, 0xF3, 0xC0, 0x00,
  0x00, 0x00, 0x01, 0xFE, 0xF8, 0x00, 0x00, 0x00, 0x00, 0x3F, 0xDE, 0x00,
  0x00, 0x00, 0x00, 0x03, 0xFF, 0x80, 0x00, 0x00, 0x00, 0x00, 0x7F, 0xF0,
  0x00, 0x00, 0x00, 0x00, 0x07, 0xFC, 0x00, 0x00, 0x00, 0x00, 0x00, 0xFF,
  0x80, 0x00, 0x00, 0x00, 0x00, 0x0F, 0xF0, 0x00, 0x00, 0x00, 0x00, 0x01,
  0xFE, 0x00, 0x00, 0x00, 0x00, 0x00, 0x3F, 0xC0, 0x00, 0x00, 0x00, 0x00,
  0x07, 0xF8, 0x00, 0x00, 0x00, 0x00, 0x00, 0xFF, 0x00, 0x00, 0x00, 0x00,
  0x00, 0x1F, 0xE0, 0x00, 0x00, 0x00, 0x00, 0x03, 0xFC, 0x00, 0x00, 0x00,
  0x00, 0x00, 0x7F, 0x80, 0x00, 0x00, 0x00, 0x00, 0x0F, 0xF0, 0x00, 0x00,
  0x00, 0x00, 0x01, 0xFE, 0x00, 0x00, 0x00, 0x00, 0x00, 0x3F, 0xC0, 0x00,
  0x00, 0x00, 0x00, 0x07, 0xF8, 0x00, 0x00, 0x00, 0x00, 0x00, 0xFF, 0x00,
  0x00, 0x00, 0x00, 0x00, 0x1F, 0xE0, 0x00, 0x00, 0x00, 0x00, 0x03, 0xFC,
  0x00, 0x00, 0x00, 0x00, 0x00, 0x7F, 0x80, 0x00, 0x00, 0x00, 0x00, 0x0F,
  0xF0, 0x00, 0x00, 0x00, 0x00, 0x03, 0xFF, 0x00, 0x00, 0x00, 0x00, 0x3F,
  0xFF, 0xFF, 0xC0, 0x00, 0x00, 0x07, 0xFF, 0xFF, 0xF8, 0x00, 0x00, 0x00,
  0xFF, 0xFF, 0xFF, 0x00, 0x00, 0x0F, 0xFF, 0xFF, 0xFF, 0xFF, 0xC7, 0xFF,
  0xFF, 0xFF, 0xFF, 0xF1, 0xFF, 0xFF, 0xFF, 0xFF, 0xFC, 0x7F, 0x80, 0x00,
  0x03, 0xFE, 0x1F, 0xC0, 0x00, 0x01, 0xFF, 0x87, 0xE0, 0x00, 0x00, 0xFF,
  0xC1, 0xF8, 0x00, 0x00, 0x3F, 0xE0, 0x7C, 0x00, 0x00, 0x1F, 0xF8, 0x1F,
  0x00, 0x00, 0x0F, 0xFC, 0x07, 0x80, 0x00, 0x03, 0xFE, 0x01, 0xE0, 0x00,
  0x01, 0xFF, 0x80, 0x70, 0x00, 0x00, 0xFF, 0xC0, 0x3C, 0x00, 0x00, 0x3F,
  0xE0, 0x0E, 0x00, 0x00, 0x1F, 0xF8, 0x03, 0x80, 0x00, 0x0F, 0xFC, 0x00,
  0xE0, 0x00, 0x03, 0xFE, 0x00, 0x00, 0x00, 0x01, 0xFF, 0x80, 0x00, 0x00,
  0x00, 0xFF, 0xC0, 0x00, 0x00, 0x00, 0x3F, 0xE0, 0x00, 0x00, 0x00, 0x1F,
  0xF8, 0x00, 0x00, 0x00, 0x0F, 0xFC, 0x00, 0x00, 0x00, 0x03, 0xFE, 0x00,
  0x00, 0x00, 0x01, 0xFF, 0x80, 0x00, 0x00, 0x00, 0xFF, 0xC0, 0x00, 0x00,
  0x00, 0x3F, 0xF0, 0x00, 0x00, 0x00, 0x1F, 0xF8, 0x00, 0x00, 0x00, 0x07,
  0xFC, 0x00, 0x00, 0x00, 0x03, 0xFF, 0x00, 0x00, 0x00, 0x01, 0xFF, 0x80,
  0x00, 0x00, 0x00, 0x7F, 0xC0, 0x00, 0x00, 0x00, 0x3F, 0xF0, 0x00, 0x00,
  0x00, 0x1F, 0xF8, 0x00, 0x00, 0x00, 0x07, 0xFC, 0x00, 0x00, 0x00, 0x03,
  0xFF, 0x00, 0x00, 0x00, 0x01, 0xFF, 0x80, 0x00, 0x00, 0x00, 0x7F, 0xC0,
  0x00, 0x00, 0x00, 0x3F, 0xF0, 0x00, 0x00, 0x80, 0x1F, 0xF8, 0x00, 0x00,
  0x70, 0x07, 0xFC, 0x00, 0x00, 0x1C, 0x03, 0xFF, 0x00, 0x00, 0x07, 0x01,
  0xFF, 0x80, 0x00, 0x03, 0xC0, 0x7F, 0xC0, 0x00, 0x00, 0xF0, 0x3F, 0xF0,
  0x00, 0x00, 0x7C, 0x1F, 0xF8, 0x00, 0x00, 0x3E, 0x07, 0xFC, 0x00, 0x00,
  0x0F, 0x83, 0xFF, 0x00, 0x00, 0x07, 0xE1, 0xFF, 0x80, 0x00, 0x03, 0xF8,
  0x7F, 0xC0, 0x00, 0x00, 0xFE, 0x3F, 0xF0, 0x00, 0x00, 0x7F, 0x8F, 0xF8,
  0x00, 0x00, 0x3F, 0xE7, 0xFC, 0x00, 0x00, 0x1F, 0xFB, 0xFF, 0xFF, 0xFF,
  0xFF, 0xFC, 0xFF, 0xFF, 0xFF, 0xFF, 0xFF, 0x3F, 0xFF, 0xFF, 0xFF, 0xFF,
  0xC0, 0xFF, 0xFF, 0xFF, 0xFF, 0xFF, 0xFF, 0xFF, 0xC0, 0x0F, 0xE0, 0x07,
  0xF0, 0x03, 0xF8, 0x01, 0xFC, 0x00, 0xFE, 0x00, 0x7F, 0x00, 0x3F, 0x80,
  0x1F, 0xC0, 0x0F, 0xE0, 0x07, 0xF0, 0x03, 0xF8, 0x01, 0xFC, 0x00, 0xFE,
  0x00, 0x7F, 0x00, 0x3F, 0x80, 0x1F, 0xC0, 0x0F, 0xE0, 0x07, 0xF0, 0x03,
  0xF8, 0x01, 0xFC, 0x00, 0xFE, 0x00, 0x7F, 0x00, 0x3F, 0x80, 0x1F, 0xC0,
  0x0F, 0xE0, 0x07, 0xF0, 0x03, 0xF8, 0x01, 0xFC, 0x00, 0xFE, 0x00, 0x7F,
  0x00, 0x3F, 0x80, 0x1F, 0xC0, 0x0F, 0xE0, 0x07, 0xF0, 0x03, 0xF8, 0x01,
  0xFC, 0x00, 0xFE, 0x00, 0x7F, 0x00, 0x3F, 0x80, 0x1F, 0xC0, 0x0F, 0xE0,
  0x07, 0xF0, 0x03, 0xF8, 0x01, 0xFC, 0x00, 0xFE, 0x00, 0x7F, 0x00, 0x3F,
  0x80, 0x1F, 0xC0, 0x0F, 0xE0, 0x07, 0xF0, 0x03, 0xF8, 0x01, 0xFC, 0x00,
  0xFE, 0x00, 0x7F, 0x00, 0x3F, 0x80, 0x1F, 0xC0, 0x0F, 0xE0, 0x07, 0xF0,
  0x03, 0xF8, 0x01, 0xFC, 0x00, 0xFE, 0x00, 0x7F, 0x00, 0x3F, 0x80, 0x1F,
  0xC0, 0x0F, 0xFF, 0xFF, 0xFF, 0xFF, 0xFF, 0xFE, 0xF8, 0x00, 0x01, 0xF0,
  0x00, 0x03, 0xF0, 0x00, 0x03, 0xE0, 0x00, 0x07, 0xC0, 0x00, 0x0F, 0x80,
  0x00, 0x1F, 0x80, 0x00, 0x1F, 0x00, 0x00, 0x3E, 0x00, 0x00, 0x7C, 0x00,
  0x00, 0xFC, 0x00, 0x00, 0xF8, 0x00, 0x01, 0xF0, 0x00, 0x03, 0xE0, 0x00,
  0x07, 0xC0, 0x00, 0x0F, 0xC0, 0x00, 0x0F, 0x80, 0x00, 0x1F, 0x00, 0x00,
  0x3E, 0x00, 0x00, 0x7E, 0x00, 0x00, 0x7C, 0x00, 0x00, 0xF8, 0x00, 0x01,
  0xF0, 0x00, 0x03, 0xF0, 0x00, 0x03, 0xE0, 0x00, 0x07, 0xC0, 0x00, 0x0F,
  0x80, 0x00, 0x1F, 0x00, 0x00, 0x3F, 0x00, 0x00, 0x3E, 0x00, 0x00, 0x7C,
  0x00, 0x00, 0xF8, 0x00, 0x01, 0xF8, 0x00, 0x01, 0xF0, 0x00, 0x03, 0xE0,
  0x00, 0x07, 0xC0, 0x00, 0x0F, 0xC0, 0x00, 0x0F, 0x80, 0x00, 0x1F, 0x00,
  0x00, 0x3E, 0x00, 0x00, 0x7C, 0x00, 0x00, 0x7C, 0x00, 0x00, 0xF8, 0x00,
  0x01, 0xF0, 0x00, 0x03, 0xE0, 0x00, 0x07, 0xE0, 0x00, 0x07, 0xC0, 0x00,
  0x0F, 0x80, 0x00, 0x1F, 0x00, 0x00, 0x3F, 0x00, 0x00, 0x3E, 0x00, 0x00,
  0x7C, 0x00, 0x00, 0xF8, 0x00, 0x01, 0xF0, 0x00, 0x01, 0xF0, 0x00, 0x03,
  0xE0, 0x00, 0x07, 0xC0, 0x00, 0x0F, 0x80, 0x00, 0x1F, 0x80, 0x00, 0x1F,
  0x00, 0x00, 0x3E, 0x00, 0x00, 0x7C, 0x00, 0x00, 0xFC, 0x00, 0x00, 0xF8,
  0x00, 0x01, 0xF0, 0x00, 0x03, 0xE0, 0x00, 0x07, 0xE0, 0x00, 0x07, 0xC0,
  0x00, 0x0F, 0x80, 0x00, 0x1F, 0x00, 0x00, 0x3E, 0x00, 0x00, 0x7E, 0x00,
  0x00, 0x7C, 0x00, 0x00, 0xF8, 0x00, 0x01, 0xF0, 0x00, 0x03, 0xF0, 0x00,
  0x03, 0xE0, 0x00, 0x07, 0xC0, 0x00, 0x0F, 0x80, 0xFF, 0xFF, 0xFF, 0xFF,
  0xFF, 0xFF, 0xE0, 0x07, 0xF0, 0x03, 0xF8, 0x01, 0xFC, 0x00, 0xFE, 0x00,
  0x7F, 0x00, 0x3F, 0x80, 0x1F, 0xC0, 0x0F, 0xE0, 0x07, 0xF0, 0x03, 0xF8,
  0x01, 0xFC, 0x00, 0xFE, 0x00, 0x7F, 0x00, 0x3F, 0x80, 0x1F, 0xC0, 0x0F,
  0xE0, 0x07, 0xF0, 0x03, 0xF8, 0x01, 0xFC, 0x00, 0xFE, 0x00, 0x7F, 0x00,
  0x3F, 0x80, 0x1F, 0xC0, 0x0F, 0xE0, 0x07, 0xF0, 0x03, 0xF8, 0x01, 0xFC,
  0x00, 0xFE, 0x00, 0x7F, 0x00, 0x3F, 0x80, 0x1F, 0xC0, 0x0F, 0xE0, 0x07,
  0xF0, 0x03, 0xF8, 0x01, 0xFC, 0x00, 0xFE, 0x00, 0x7F, 0x00, 0x3F, 0x80,
  0x1F, 0xC0, 0x0F, 0xE0, 0x07, 0xF0, 0x03, 0xF8, 0x01, 0xFC, 0x00, 0xFE,
  0x00, 0x7F, 0x00, 0x3F, 0x80, 0x1F, 0xC0, 0x0F, 0xE0, 0x07, 0xF0, 0x03,
  0xF8, 0x01, 0xFC, 0x00, 0xFE, 0x00, 0x7F, 0x00, 0x3F, 0x80, 0x1F, 0xC0,
  0x0F, 0xE0, 0x07, 0xF0, 0x03, 0xF8, 0x01, 0xFC, 0x00, 0xFE, 0x00, 0x7F,
  0x00, 0x3F, 0x80, 0x1F, 0xC0, 0x0F, 0xE0, 0x07, 0xFF, 0xFF, 0xFF, 0xFF,
  0xFF, 0xFF, 0xFE, 0x00, 0x00, 0x3C, 0x00, 0x00, 0x00, 0x00, 0x3F, 0x00,
  0x00, 0x00, 0x00, 0x1F, 0x80, 0x00, 0x00, 0x00, 0x0F, 0xE0, 0x00, 0x00,
  0x00, 0x0F, 0xF0, 0x00, 0x00, 0x00, 0x07, 0xFC, 0x00, 0x00, 0x00, 0x07,
  0xFE, 0x00, 0x00, 0x00, 0x03, 0xFF, 0x00, 0x00, 0x00, 0x01, 0xE7, 0xC0,
  0x00, 0x00, 0x01, 0xF3, 0xE0, 0x00, 0x00, 0x00, 0xF8, 0xF8, 0x00, 0x00,
  0x00, 0xF8, 0x7C, 0x00, 0x00, 0x00, 0x7C, 0x3E, 0x00, 0x00, 0x00, 0x7C,
  0x0F, 0x80, 0x00, 0x00, 0x3E, 0x07, 0xC0, 0x00, 0x00, 0x1F, 0x01, 0xF0,
  0x00, 0x00, 0x1F, 0x00, 0xF8, 0x00, 0x00, 0x0F, 0x80, 0x7E, 0x00, 0x00,
  0x0F, 0xC0, 0x1F, 0x00, 0x00, 0x07, 0xC0, 0x0F, 0x80, 0x00, 0x03, 0xE0,
  0x03, 0xE0, 0x00, 0x03, 0xE0, 0x01, 0xF0, 0x00, 0x01, 0xF0, 0x00, 0xFC,
  0x00, 0x01, 0xF8, 0x00, 0x3E, 0x00, 0x00, 0xF8, 0x00, 0x1F, 0x00, 0x00,
  0xFC, 0x00, 0x07, 0xC0, 0x00, 0x7C, 0x00, 0x03, 0xE0, 0x00, 0x3E, 0x00,
  0x01, 0xF8, 0x00, 0x3F, 0x00, 0x00, 0x7C, 0x00, 0x1F, 0x00, 0x00, 0x3F,
  0x00, 0x1F, 0x80, 0x00, 0x0F, 0x80, 0x0F, 0x80, 0x00, 0x07, 0xC0, 0x0F,
  0xC0, 0x00, 0x03, 0xF0, 0x07, 0xE0, 0x00, 0x00, 0xF8, 0x03, 0xE0, 0x00,
  0x00, 0x7E, 0x03, 0xF0, 0x00, 0x00, 0x1F, 0x01, 0xF8, 0x00, 0x00, 0x0F,
  0xC1, 0xF8, 0x00, 0x00, 0x07, 0xE0, 0xFC, 0x00, 0x00, 0x01, 0xF0, 0x7C,
  0x00, 0x00, 0x00, 0xFC, 0x7E, 0x00, 0x00, 0x00, 0x3E, 0x3F, 0x00, 0x00,
  0x00, 0x1F, 0xBF, 0x00, 0x00, 0x00, 0x0F, 0xDF, 0x80, 0x00, 0x00, 0x03,
  0xE0, 0xFF, 0xFF, 0xFF, 0xFF, 0xFF, 0xFF, 0xFF, 0xFF, 0xFF, 0xFF, 0xFF,
  0xFF, 0xFF, 0xFF, 0xFF, 0xFF, 0xFF, 0xFF, 0xFF, 0xF0, 0x3C, 0x00, 0x1F,
  0x80, 0x0F, 0xF0, 0x03, 0xFE, 0x00, 0xFF, 0xC0, 0x3F, 0xF0, 0x07, 0xFE,
  0x00, 0xFF, 0xC0, 0x0F, 0xF0, 0x01, 0xFE, 0x00, 0x1F, 0xC0, 0x03, 0xF8,
  0x00, 0x3F, 0x00, 0x07, 0xC0, 0x00, 0xF8, 0x00, 0x1F, 0x00, 0x03, 0x80,
  0x00, 0x00, 0x00, 0x1F, 0xF8, 0x00, 0x00, 0x3F, 0xFF, 0xC0, 0x00, 0x1F,
  0xFF, 0xFE, 0x00, 0x07, 0xF0, 0x1F, 0xE0, 0x03, 0xFC, 0x01, 0xFE, 0x00,
  0x7F, 0x80, 0x1F, 0xC0, 0x1F, 0xE0, 0x01, 0xFC, 0x03, 0xFC, 0x00, 0x1F,
  0x80, 0xFF, 0x00, 0x03, 0xF8, 0x1F, 0xE0, 0x00, 0x7F, 0x01, 0xFC, 0x00,
  0x0F, 0xE0, 0x3F, 0x00, 0x01, 0xFC, 0x03, 0xE0, 0x00, 0x3F, 0x80, 0x08,
  0x00, 0x07, 0xF0, 0x00, 0x00, 0x00, 0xFE, 0x00, 0x00, 0x00, 0x1F, 0xC0,
  0x00, 0x00, 0x0F, 0xF8, 0x00, 0x00, 0x7F, 0xFF, 0x00, 0x00, 0xFF, 0xFF,
  0xE0, 0x00, 0x7F, 0xFD, 0xFC, 0x00, 0x3F, 0xF0, 0x3F, 0x80, 0x1F, 0xF0,
  0x07, 0xF0, 0x07, 0xFC, 0x00, 0xFE, 0x01, 0xFE, 0x00, 0x1F, 0xC0, 0x7F,
  0xC0, 0x03, 0xF8, 0x0F, 0xF0, 0x00, 0x7F, 0x03, 0xFE, 0x00, 0x0F, 0xE0,
  0x7F, 0x80, 0x01, 0xFC, 0x0F, 0xF0, 0x00, 0x3F, 0x81, 0xFE, 0x00, 0x07,
  0xF0, 0x3F, 0xC0, 0x00, 0xFE, 0x07, 0xF8, 0x00, 0x1F, 0xC0, 0xFF, 0x00,
  0x03, 0xF8, 0x1F, 0xF0, 0x00, 0x7F, 0x01, 0xFE, 0x00, 0x1F, 0xE0, 0x3F,
  0xE0, 0x0F, 0xFC, 0x03, 0xFE, 0x07, 0xDF, 0xC0, 0x3F, 0xFF, 0xF3, 0xFF,
  0xC1, 0xFF, 0xF8, 0x7F, 0xF0, 0x0F, 0xF8, 0x07, 0xF8, 0xFF, 0xFC, 0x00,
  0x00, 0x00, 0x7F, 0xFE, 0x00, 0x00, 0x00, 0x3F, 0xFF, 0x00, 0x00, 0x00,
  0x07, 0xFF, 0x80, 0x00, 0x00, 0x00, 0x7F, 0xC0, 0x00, 0x00, 0x00, 0x1F,
  0xE0, 0x00, 0x00, 0x00, 0x07, 0xF0, 0x00, 0x00, 0x00, 0x03, 0xF8, 0x00,
  0x00, 0x00, 0x01, 0xFC, 0x00, 0x00, 0x00, 0x00, 0xFE, 0x00, 0x00, 0x00,
  0x00, 0x7F, 0x00, 0x00, 0x00, 0x00, 0x3F, 0x80, 0x00, 0x00, 0x00, 0x1F,
  0xC0, 0x00, 0x00, 0x00, 0x0F, 0xE0, 0x00, 0x00, 0x00, 0x07, 0xF0, 0x00,
  0x00, 0x00, 0x03, 0xF8, 0x00, 0x00, 0x00, 0x01, 0xFC, 0x00, 0x00, 0x00,
  0x00, 0xFE, 0x00, 0x00, 0x00, 0x00, 0x7F, 0x00, 0x00, 0x00, 0x00, 0x3F,
  0x80, 0x00, 0x00, 0x00, 0x1F, 0xC0, 0x00, 0x00, 0x00, 0x0F, 0xE0, 0x3F,
  0xC0, 0x00, 0x07, 0xF0, 0x7F, 0xFC, 0x00, 0x03, 0xF8, 0xFF, 0xFF, 0x80,
  0x01, 0xFD, 0xF0, 0x3F, 0xE0, 0x00, 0xFF, 0xC0, 0x07, 0xF8, 0x00, 0x7F,
  0xC0, 0x01, 0xFE, 0x00, 0x3F, 0xC0, 0x00, 0x7F, 0x80, 0x1F, 0xC0, 0x00,
  0x1F, 0xC0, 0x0F, 0xE0, 0x00, 0x0F, 0xF0, 0x07, 0xF0, 0x00, 0x07, 0xF8,
  0x03, 0xF8, 0x00, 0x01, 0xFC, 0x01, 0xFC, 0x00, 0x00, 0xFF, 0x00, 0xFE,
  0x00, 0x00, 0x7F, 0x80, 0x7F, 0x00, 0x00, 0x3F, 0xC0, 0x3F, 0x80, 0x00,
  0x0F, 0xF0, 0x1F, 0xC0, 0x00, 0x07, 0xF8, 0x0F, 0xE0, 0x00, 0x03, 0xFC,
  0x07, 0xF0, 0x00, 0x01, 0xFE, 0x03, 0xF8, 0x00, 0x00, 0xFF, 0x01, 0xFC,
  0x00, 0x00, 0x7F, 0x80, 0xFE, 0x00, 0x00, 0x3F, 0xC0, 0x7F, 0x00, 0x00,
  0x1F, 0xE0, 0x3F, 0x80, 0x00, 0x0F, 0xF0, 0x1F, 0xC0, 0x00, 0x07, 0xF8,
  0x0F, 0xE0, 0x00, 0x03, 0xFC, 0x07, 0xF0, 0x00, 0x01, 0xFC, 0x03, 0xF8,
  0x00, 0x00, 0xFE, 0x01, 0xFC, 0x00, 0x00, 0xFF, 0x00, 0xFE, 0x00, 0x00,
  0x7F, 0x80, 0x7F, 0x00, 0x00, 0x3F, 0x80, 0x3F, 0x80, 0x00, 0x1F, 0xC0,
  0x1F, 0xC0, 0x00, 0x1F, 0xC0, 0x0F, 0xE0, 0x00, 0x0F, 0xE0, 0x07, 0xF0,
  0x00, 0x0F, 0xE0, 0x03, 0xFC, 0x00, 0x0F, 0xE0, 0x01, 0xFF, 0x00, 0x0F,
  0xE0, 0x00, 0xFF, 0xF0, 0x1F, 0xE0, 0x00, 0x7C, 0xFF, 0xFF, 0xE0, 0x00,
  0x3C, 0x3F, 0xFF, 0xC0, 0x00, 0x1C, 0x03, 0xFF, 0x00, 0x00, 0x00, 0x03,
  0xFE, 0x00, 0x00, 0x3F, 0xFF, 0x80, 0x01, 0xFF, 0xFF, 0x80, 0x0F, 0xF0,
  0x3F, 0x80, 0x3F, 0x80, 0x3F, 0x80, 0xFE, 0x00, 0x3F, 0x83, 0xF8, 0x00,
  0x7F, 0x0F, 0xE0, 0x00, 0xFF, 0x1F, 0xC0, 0x00, 0xFE, 0x7F, 0x00, 0x01,
  0xFC, 0xFE, 0x00, 0x01, 0xFB, 0xFC, 0x00, 0x03, 0xF7, 0xF8, 0x00, 0x03,
  0xCF, 0xF0, 0x00, 0x00, 0x3F, 0xC0, 0x00, 0x00, 0x7F, 0x80, 0x00, 0x00,
  0xFF, 0x00, 0x00, 0x01, 0xFE, 0x00, 0x00, 0x03, 0xFC, 0x00, 0x00, 0x07,
  0xF8, 0x00, 0x00, 0x0F, 0xF0, 0x00, 0x00, 0x1F, 0xE0, 0x00, 0x00, 0x3F,
  0xC0, 0x00, 0x00, 0x7F, 0x80, 0x00, 0x00, 0xFF, 0x00, 0x00, 0x01, 0xFE,
  0x00, 0x00, 0x01, 0xFE, 0x00, 0x00, 0x03, 0xFC, 0x00, 0x00, 0x07, 0xF8,
  0x00, 0x00, 0x0F, 0xF0, 0x00, 0x00, 0x0F, 0xF0, 0x00, 0x00, 0x1F, 0xE0,
  0x00, 0x0C, 0x1F, 0xE0, 0x00, 0x1C, 0x1F, 0xE0, 0x00, 0x78, 0x3F, 0xE0,
  0x01, 0xE0, 0x3F, 0xE0, 0x07, 0x80, 0x3F, 0xF0, 0x3E, 0x00, 0x3F, 0xFF,
  0xF8, 0x00, 0x1F, 0xFF, 0xC0, 0x00, 0x07, 0xFE, 0x00, 0x00, 0x00, 0x0F,
  0xFF, 0xE0, 0x00, 0x00, 0x0F, 0xFF, 0xF0, 0x00, 0x00, 0x03, 0xFF, 0xF8,
  0x00, 0x00, 0x00, 0x7F, 0xFC, 0x00, 0x00, 0x00, 0x03, 0xFE, 0x00, 0x00,
  0x00, 0x00, 0xFF, 0x00, 0x00, 0x00, 0x00, 0x3F, 0x80, 0x00, 0x00, 0x00,
  0x1F, 0xC0, 0x00, 0x00, 0x00, 0x0F, 0xE0, 0x00, 0x00, 0x00, 0x07, 0xF0,
  0x00, 0x00, 0x00, 0x03, 0xF8, 0x00, 0x00, 0x00, 0x01, 0xFC, 0x00, 0x00,
  0x00, 0x00, 0xFE, 0x00, 0x00, 0x00, 0x00, 0x7F, 0x00, 0x00, 0x00, 0x00,
  0x3F, 0x80, 0x00, 0x00, 0x00, 0x1F, 0xC0, 0x00, 0x00, 0x00, 0x0F, 0xE0,
  0x00, 0x00, 0x00, 0x07, 0xF0, 0x00, 0x00, 0x00, 0x03, 0xF8, 0x00, 0x00,
  0x00, 0x01, 0xFC, 0x00, 0x00, 0x00, 0x00, 0xFE, 0x00, 0x00, 0x3F, 0xF0,
  0x7F, 0x00, 0x00, 0xFF, 0xFF, 0x3F, 0x80, 0x01, 0xFF, 0xFF, 0xFF, 0xC0,
  0x01, 0xFE, 0x01, 0xFF, 0xE0, 0x01, 0xFC, 0x00, 0x3F, 0xF0, 0x01, 0xFC,
  0x00, 0x07, 0xF8, 0x01, 0xFC, 0x00, 0x01, 0xFC, 0x01, 0xFC, 0x00, 0x00,
  0xFE, 0x00, 0xFE, 0x00, 0x00, 0x7F, 0x00, 0xFE, 0x00, 0x00, 0x3F, 0x80,
  0x7F, 0x00, 0x00, 0x1F, 0xC0, 0x7F, 0x80, 0x00, 0x0F, 0xE0, 0x3F, 0xC0,
  0x00, 0x07, 0xF0, 0x1F, 0xC0, 0x00, 0x03, 0xF8, 0x0F, 0xE0, 0x00, 0x01,
  0xFC, 0x0F, 0xF0, 0x00, 0x00, 0xFE, 0x07, 0xF8, 0x00, 0x00, 0x7F, 0x03,
  0xFC, 0x00, 0x00, 0x3F, 0x81, 0xFE, 0x00, 0x00, 0x1F, 0xC0, 0xFF, 0x00,
  0x00, 0x0F, 0xE0, 0x7F, 0x80, 0x00, 0x07, 0xF0, 0x3F, 0xC0, 0x00, 0x03,
  0xF8, 0x1F, 0xE0, 0x00, 0x01, 0xFC, 0x0F, 0xF0, 0x00, 0x00, 0xFE, 0x07,
  0xF8, 0x00, 0x00, 0x7F, 0x03, 0xFC, 0x00, 0x00, 0x3F, 0x80, 0xFF, 0x00,
  0x00, 0x1F, 0xC0, 0x7F, 0x80, 0x00, 0x0F, 0xE0, 0x3F, 0xC0, 0x00, 0x07,
  0xF0, 0x0F, 0xE0, 0x00, 0x03, 0xF8, 0x07, 0xF8, 0x00, 0x01, 0xFC, 0x03,
  0xFC, 0x00, 0x00, 0xFE, 0x00, 0xFF, 0x00, 0x00, 0x7F, 0x00, 0x3F, 0x80,
  0x00, 0x7F, 0x80, 0x1F, 0xE0, 0x00, 0x7F, 0xC0, 0x07, 0xF8, 0x00, 0xFF,
  0xF0, 0x01, 0xFF, 0x01, 0xF7, 0xFF, 0x80, 0x7F, 0xFF, 0xF3, 0xFF, 0xE0,
  0x0F, 0xFF, 0xE0, 0xFF, 0xF0, 0x00, 0xFF, 0x80, 0x00, 0x00, 0x00, 0x07,
  0xFC, 0x00, 0x00, 0x3F, 0xFF, 0x80, 0x00, 0xFF, 0xFF, 0xC0, 0x01, 0xF8,
  0x1F, 0xE0, 0x03, 0xE0, 0x07, 0xF0, 0x07, 0xC0, 0x03, 0xF8, 0x0F, 0xC0,
  0x03, 0xFC, 0x1F, 0x80, 0x01, 0xFC, 0x1F, 0x80, 0x01, 0xFE, 0x3F, 0x80,
  0x01, 0xFE, 0x3F, 0x00, 0x00, 0xFE, 0x7F, 0x00, 0x00, 0xFE, 0x7F, 0x00,
  0x00, 0xFF, 0x7F, 0x00, 0x00, 0xFF, 0xFF, 0x00, 0x00, 0xFF, 0xFF, 0x00,
  0x00, 0xFF, 0xFF, 0xFF, 0xFF, 0xFF, 0xFF, 0xFF, 0xFF, 0xFF, 0xFF, 0xFF,
  0xFF, 0xFF, 0xFF, 0x00, 0x00, 0x00, 0xFF, 0x00, 0x00, 0x00, 0xFF, 0x00,
  0x00, 0x00, 0xFF, 0x00, 0x00, 0x00, 0xFF, 0x00, 0x00, 0x00, 0xFF, 0x00,
  0x00, 0x00, 0xFF, 0x00, 0x00, 0x00, 0x7F, 0x80, 0x00, 0x00, 0x7F, 0x80,
  0x00, 0x00, 0x7F, 0x80, 0x00, 0x00, 0x7F, 0xC0, 0x00, 0x00, 0x3F, 0xC0,
  0x00, 0x00, 0x3F, 0xC0, 0x00, 0x18, 0x1F, 0xE0, 0x00, 0x1C, 0x1F, 0xF0,
  0x00, 0x3C, 0x0F, 0xF8, 0x00, 0x78, 0x07, 0xFC, 0x00, 0xF0, 0x03, 0xFF,
  0x03, 0xE0, 0x00, 0xFF, 0xFF, 0xC0, 0x00, 0x7F, 0xFF, 0x80, 0x00, 0x0F,
  0xFC, 0x00, 0x00, 0x00, 0xFE, 0x00, 0x00, 0x7F, 0xF0, 0x00, 0x3F, 0xFF,
  0x00, 0x0F, 0xFF, 0xE0, 0x03, 0xE3, 0xFC, 0x00, 0xFC, 0x3F, 0x80, 0x1F,
  0x07, 0xF0, 0x07, 0xE0, 0x7E, 0x00, 0xFC, 0x07, 0x80, 0x3F, 0x00, 0x60,
  0x07, 0xE0, 0x00, 0x00, 0xFC, 0x00, 0x00, 0x3F, 0x80, 0x00, 0x07, 0xF0,
  0x00, 0x00, 0xFE, 0x00, 0x00, 0x1F, 0xC0, 0x00, 0x03, 0xF8, 0x00, 0x00,
  0x7F, 0x00, 0x00, 0x0F, 0xE0, 0x00, 0x01, 0xFC, 0x00, 0x00, 0x3F, 0x80,
  0x00, 0x07, 0xF0, 0x00, 0x00, 0xFE, 0x00, 0x03, 0xFF, 0xFF, 0xE0, 0xFF,
  0xFF, 0xFC, 0x1F, 0xFF, 0xFF, 0x80, 0x0F, 0xE0, 0x00, 0x01, 0xFC, 0x00,
  0x00, 0x3F, 0x80, 0x00, 0x07, 0xF0, 0x00, 0x00, 0xFE, 0x00, 0x00, 0x1F,
  0xC0, 0x00, 0x03, 0xF8, 0x00, 0x00, 0x7F, 0x00, 0x00, 0x0F, 0xE0, 0x00,
  0x01, 0xFC, 0x00, 0x00, 0x3F, 0x80, 0x00, 0x07, 0xF0, 0x00, 0x00, 0xFE,
  0x00, 0x00, 0x1F, 0xC0, 0x00, 0x03, 0xF8, 0x00, 0x00, 0x7F, 0x00, 0x00,
  0x0F, 0xE0, 0x00, 0x01, 0xFC, 0x00, 0x00, 0x3F, 0x80, 0x00, 0x07, 0xF0,
  0x00, 0x00, 0xFE, 0x00, 0x00, 0x1F, 0xC0, 0x00, 0x03, 0xF8, 0x00, 0x00,
  0x7F, 0x00, 0x00, 0x0F, 0xE0, 0x00, 0x01, 0xFC, 0x00, 0x00, 0x3F, 0x80,
  0x00, 0x07, 0xF0, 0x00, 0x00, 0xFE, 0x00, 0x00, 0x1F, 0xC0, 0x00, 0x03,
  0xFC, 0x00, 0x01, 0xFF, 0xE0, 0x03, 0xFF, 0xFF, 0xC0, 0x7F, 0xFF, 0xF8,
  0x0F, 0xFF, 0xFF, 0x00, 0x00, 0x00, 0x00, 0x03, 0xE0, 0x00, 0x3F, 0xE0,
  0x1F, 0xC0, 0x03, 0xFF, 0xF1, 0xFF, 0x80, 0x3F, 0xFF, 0xF7, 0xFF, 0x01,
  0xFC, 0x1F, 0xF9, 0xFC, 0x0F, 0xC0, 0x1F, 0xC3, 0xF0, 0x7E, 0x00, 0x7F,
  0x07, 0xC3, 0xF8, 0x00, 0xFE, 0x1F, 0x0F, 0xE0, 0x03, 0xF8, 0x38, 0x3F,
  0x00, 0x07, 0xF0, 0x61, 0xFC, 0x00, 0x1F, 0xC0, 0x07, 0xF0, 0x00, 0x7F,
  0x00, 0x1F, 0xC0, 0x01, 0xFC, 0x00, 0x7F, 0x00, 0x07, 0xF0, 0x01, 0xFC,
  0x00, 0x1F, 0xC0, 0x07, 0xF0, 0x00, 0x7F, 0x00, 0x1F, 0xC0, 0x01, 0xFC,
  0x00, 0x7F, 0x00, 0x07, 0xE0, 0x00, 0xFE, 0x00, 0x3F, 0x80, 0x03, 0xF8,
  0x00, 0xFC, 0x00, 0x0F, 0xF0, 0x03, 0xF0, 0x00, 0x1F, 0xC0, 0x1F, 0x80,
  0x00, 0x3F, 0xC1, 0xFC, 0x00, 0x00, 0x7F, 0xFF, 0xE0, 0x00, 0x03, 0xFF,
  0xFE, 0x00, 0x00, 0x1F, 0x7F, 0xE0, 0x00, 0x00, 0xF0, 0x00, 0x00, 0x00,
  0x07, 0x80, 0x00, 0x00, 0x00, 0x1E, 0x00, 0x00, 0x00, 0x00, 0xF8, 0x00,
  0x00, 0x00, 0x03, 0xE0, 0x00, 0x00, 0x00, 0x0F, 0xC0, 0x00, 0x00, 0x00,
  0x3F, 0xC0, 0x00, 0x00, 0x00, 0xFF, 0xFF, 0xFF, 0x80, 0x01, 0xFF, 0xFF,
  0xFF, 0xC0, 0x07, 0xFF, 0xFF, 0xFF, 0x80, 0x0F, 0xFF, 0xFF, 0xFF, 0x00,
  0x1F, 0xFF, 0xFF, 0xFE, 0x00, 0x7F, 0xFF, 0xFF, 0xF8, 0x07, 0xFF, 0xFF,
  0xFF, 0xE0, 0x3F, 0x00, 0x00, 0x7F, 0xC1, 0xFC, 0x00, 0x00, 0x7F, 0x07,
  0xE0, 0x00, 0x00, 0xFC, 0x3F, 0x80, 0x00, 0x01, 0xF0, 0xFE, 0x00, 0x00,
  0x07, 0xC3, 0xF8, 0x00, 0x00, 0x1F, 0x0F, 0xE0, 0x00, 0x00, 0x7C, 0x3F,
  0x80, 0x00, 0x01, 0xF0, 0xFE, 0x00, 0x00, 0x07, 0x81, 0xFC, 0x00, 0x00,
  0x3E, 0x07, 0xF0, 0x00, 0x00, 0xF0, 0x0F, 0xE0, 0x00, 0x07, 0xC0, 0x1F,
  0xC0, 0x00, 0x3E, 0x00, 0x7F, 0xC0, 0x03, 0xF0, 0x00, 0x7F, 0xC0, 0x3F,
  0x80, 0x00, 0xFF, 0xFF, 0xF8, 0x00, 0x00, 0xFF, 0xFF, 0x80, 0x00, 0x00,
  0x3F, 0xF0, 0x00, 0x00, 0x7F, 0xF8, 0x00, 0x00, 0x00, 0x0F, 0xFF, 0xC0,
  0x00, 0x00, 0x00, 0xFF, 0xFC, 0x00, 0x00, 0x00, 0x07, 0xFF, 0xC0, 0x00,
  0x00, 0x00, 0x07, 0xFC, 0x00, 0x00, 0x00, 0x00, 0x3F, 0xC0, 0x00, 0x00,
  0x00, 0x01, 0xFC, 0x00, 0x00, 0x00, 0x00, 0x1F, 0xC0, 0x00, 0x00, 0x00,
  0x01, 0xFC, 0x00, 0x00, 0x00, 0x00, 0x1F, 0xC0, 0x00, 0x00, 0x00, 0x01,
  0xFC, 0x00, 0x00, 0x00, 0x00, 0x1F, 0xC0, 0x00, 0x00, 0x00, 0x01, 0xFC,
  0x00, 0x00, 0x00, 0x00, 0x1F, 0xC0, 0x00, 0x00, 0x00, 0x01, 0xFC, 0x00,
  0x00, 0x00, 0x00, 0x1F, 0xC0, 0x00, 0x00, 0x00, 0x01, 0xFC, 0x00, 0x00,
  0x00, 0x00, 0x1F, 0xC0, 0x00, 0x00, 0x00, 0x01, 0xFC, 0x00, 0x00, 0x00,
  0x00, 0x1F, 0xC0, 0x00, 0x00, 0x00, 0x01, 0xFC, 0x00, 0x00, 0x00, 0x00,
  0x1F, 0xC0, 0x0F, 0xF0, 0x00, 0x01, 0xFC, 0x0F, 0xFF, 0xC0, 0x00, 0x1F,
  0xC3, 0xFF, 0xFE, 0x00, 0x01, 0xFC, 0xFC, 0x0F, 0xF0, 0x00, 0x1F, 0xDE,
  0x00, 0x7F, 0x00, 0x01, 0xFF, 0x80, 0x03, 0xF8, 0x00, 0x1F, 0xF0, 0x00,
  0x3F, 0x80, 0x01, 0xFE, 0x00, 0x03, 0xF8, 0x00, 0x1F, 0xC0, 0x00, 0x3F,
  0x80, 0x01, 0xFC, 0x00, 0x03, 0xF8, 0x00, 0x1F, 0xC0, 0x00, 0x3F, 0x80,
  0x01, 0xFC, 0x00, 0x03, 0xF8, 0x00, 0x1F, 0xC0, 0x00, 0x3F, 0x80, 0x01,
  0xFC, 0x00, 0x03, 0xF8, 0x00, 0x1F, 0xC0, 0x00, 0x3F, 0x80, 0x01, 0xFC,
  0x00, 0x03, 0xF8, 0x00, 0x1F, 0xC0, 0x00, 0x3F, 0x80, 0x01, 0xFC, 0x00,
  0x03, 0xF8, 0x00, 0x1F, 0xC0, 0x00, 0x3F, 0x80, 0x01, 0xFC, 0x00, 0x03,
  0xF8, 0x00, 0x1F, 0xC0, 0x00, 0x3F, 0x80, 0x01, 0xFC, 0x00, 0x03, 0xF8,
  0x00, 0x1F, 0xC0, 0x00, 0x3F, 0x80, 0x01, 0xFC, 0x00, 0x03, 0xF8, 0x00,
  0x1F, 0xC0, 0x00, 0x3F, 0x80, 0x01, 0xFC, 0x00, 0x03, 0xF8, 0x00, 0x1F,
  0xC0, 0x00, 0x3F, 0x80, 0x01, 0xFC, 0x00, 0x03, 0xF8, 0x00, 0x1F, 0xC0,
  0x00, 0x3F, 0x80, 0x01, 0xFC, 0x00, 0x03, 0xF8, 0x00, 0x1F, 0xC0, 0x00,
  0x3F, 0x80, 0x01, 0xFC, 0x00, 0x03, 0xF8, 0x00, 0x1F, 0xC0, 0x00, 0x3F,
  0x80, 0x01, 0xFC, 0x00, 0x03, 0xF8, 0x00, 0x1F, 0xE0, 0x00, 0x3F, 0xC0,
  0x07, 0xFF, 0x00, 0x0F, 0xFE, 0x07, 0xFF, 0xFE, 0x07, 0xFF, 0xFF, 0x7F,
  0xFF, 0xE0, 0x7F, 0xFF, 0xF7, 0xFF, 0xFE, 0x07, 0xFF, 0xFF, 0x00, 0xF8,
  0x00, 0x1F, 0xC0, 0x01, 0xFC, 0x00, 0x3F, 0xE0, 0x03, 0xFE, 0x00, 0x3F,
  0xE0, 0x03, 0xFE, 0x00, 0x1F, 0xC0, 0x01, 0xFC, 0x00, 0x0F, 0x80, 0x00,
  0x00, 0x00, 0x00, 0x00, 0x00, 0x00, 0x00, 0x00, 0x00, 0x00, 0x00, 0x00,
  0x00, 0x00, 0x00, 0x00, 0x0F, 0xFF, 0xC0, 0xFF, 0xFC, 0x0F, 0xFF, 0xC0,
  0x3F, 0xFC, 0x00, 0x3F, 0xC0, 0x03, 0xFC, 0x00, 0x1F, 0xC0, 0x01, 0xFC,
  0x00, 0x1F, 0xC0, 0x01, 0xFC, 0x00, 0x1F, 0xC0, 0x01, 0xFC, 0x00, 0x1F,
  0xC0, 0x01, 0xFC, 0x00, 0x1F, 0xC0, 0x01, 0xFC, 0x00, 0x1F, 0xC0, 0x01,
  0xFC, 0x00, 0x1F, 0xC0, 0x01, 0xFC, 0x00, 0x1F, 0xC0, 0x01, 0xFC, 0x00,
  0x1F, 0xC0, 0x01, 0xFC, 0x00, 0x1F, 0xC0, 0x01, 0xFC, 0x00, 0x1F, 0xC0,
  0x01, 0xFC, 0x00, 0x1F, 0xC0, 0x01, 0xFC, 0x00, 0x1F, 0xC0, 0x01, 0xFC,
  0x00, 0x1F, 0xC0, 0x01, 0xFE, 0x00, 0x7F, 0xF0, 0x7F, 0xFF, 0xF7, 0xFF,
  0xFF, 0x7F, 0xFF, 0xF0, 0x00, 0x1F, 0x00, 0x0F, 0xE0, 0x03, 0xF8, 0x01,
  0xFF, 0x00, 0x7F, 0xC0, 0x1F, 0xF0, 0x07, 0xFC, 0x00, 0xFE, 0x00, 0x3F,
  0x80, 0x07, 0xC0, 0x00, 0x00, 0x00, 0x00, 0x00, 0x00, 0x00, 0x00, 0x00,
  0x00, 0x00, 0x00, 0x00, 0x00, 0x00, 0x03, 0xFF, 0xF0, 0xFF, 0xFC, 0x3F,
  0xFF, 0x07, 0xFF, 0xC0, 0x1F, 0xF0, 0x03, 0xFC, 0x00, 0x7F, 0x00, 0x1F,
  0xC0, 0x07, 0xF0, 0x01, 0xFC, 0x00, 0x7F, 0x00, 0x1F, 0xC0, 0x07, 0xF0,
  0x01, 0xFC, 0x00, 0x7F, 0x00, 0x1F, 0xC0, 0x07, 0xF0, 0x01, 0xFC, 0x00,
  0x7F, 0x00, 0x1F, 0xC0, 0x07, 0xF0, 0x01, 0xFC, 0x00, 0x7F, 0x00, 0x1F,
  0xC0, 0x07, 0xF0, 0x01, 0xFC, 0x00, 0x7F, 0x00, 0x1F, 0xC0, 0x07, 0xF0,
  0x01, 0xFC, 0x00, 0x7F, 0x00, 0x1F, 0xC0, 0x07, 0xF0, 0x01, 0xFC, 0x00,
  0x7F, 0x00, 0x1F, 0xC0, 0x07, 0xF0, 0x01, 0xFC, 0x00, 0x7F, 0x00, 0x1F,
  0xC0, 0x07, 0xF0, 0x01, 0xFC, 0x00, 0x7F, 0x00, 0x1F, 0xC0, 0x07, 0xE0,
  0x01, 0xF8, 0x00, 0x7E, 0x18, 0x1F, 0x9F, 0x07, 0xCF, 0xC3, 0xF3, 0xF8,
  0xFC, 0xFE, 0x3E, 0x3F, 0xDF, 0x07, 0xFF, 0x81, 0xFF, 0xC0, 0x1F, 0xC0,
  0x00, 0x7F, 0xF8, 0x00, 0x00, 0x00, 0x7F, 0xFE, 0x00, 0x00, 0x00, 0x3F,
  0xFF, 0x00, 0x00, 0x00, 0x0F, 0xFF, 0x80, 0x00, 0x00, 0x00, 0x7F, 0xC0,
  0x00, 0x00, 0x00, 0x1F, 0xE0, 0x00, 0x00, 0x00, 0x07, 0xF0, 0x00, 0x00,
  0x00, 0x03, 0xF8, 0x00, 0x00, 0x00, 0x01, 0xFC, 0x00, 0x00, 0x00, 0x00,
  0xFE, 0x00, 0x00, 0x00, 0x00, 0x7F, 0x00, 0x00, 0x00, 0x00, 0x3F, 0x80,
  0x00, 0x00, 0x00, 0x1F, 0xC0, 0x00, 0x00, 0x00, 0x0F, 0xE0, 0x00, 0x00,
  0x00, 0x07, 0xF0, 0x00, 0x00, 0x00, 0x03, 0xF8, 0x00, 0x00, 0x00, 0x01,
  0xFC, 0x00, 0x00, 0x00, 0x00, 0xFE, 0x00, 0x00, 0x00, 0x00, 0x7F, 0x00,
  0x00, 0x00, 0x00, 0x3F, 0x80, 0x00, 0x00, 0x00, 0x1F, 0xC0, 0x00, 0x00,
  0x00, 0x0F, 0xE0, 0x00, 0x00, 0x00, 0x07, 0xF0, 0x0F, 0xFF, 0xFC, 0x03,
  0xF8, 0x07, 0xFF, 0xFE, 0x01, 0xFC, 0x03, 0xFF, 0xFF, 0x00, 0xFE, 0x00,
  0x0F, 0xF8, 0x00, 0x7F, 0x00, 0x03, 0xF0, 0x00, 0x3F, 0x80, 0x03, 0xF0,
  0x00, 0x1F, 0xC0, 0x01, 0xF0, 0x00, 0x0F, 0xE0, 0x01, 0xF0, 0x00, 0x07,
  0xF0, 0x01, 0xF0, 0x00, 0x03, 0xF8, 0x01, 0xF0, 0x00, 0x01, 0xFC, 0x01,
  0xF0, 0x00, 0x00, 0xFE, 0x01, 0xF0, 0x00, 0x00, 0x7F, 0x01, 0xF0, 0x00,
  0x00, 0x3F, 0x81, 0xF0, 0x00, 0x00, 0x1F, 0xC1, 0xF8, 0x00, 0x00, 0x0F,
  0xE1, 0xFE, 0x00, 0x00, 0x07, 0xF1, 0xFF, 0x00, 0x00, 0x03, 0xF9, 0xFF,
  0xC0, 0x00, 0x01, 0xFD, 0xFF, 0xE0, 0x00, 0x00, 0xFF, 0xFF, 0xF8, 0x00,
  0x00, 0x7F, 0xF3, 0xFE, 0x00, 0x00, 0x3F, 0xF1, 0xFF, 0x00, 0x00, 0x1F,
  0xF0, 0x7F, 0xC0, 0x00, 0x0F, 0xF0, 0x1F, 0xE0, 0x00, 0x07, 0xF0, 0x0F,
  0xF8, 0x00, 0x03, 0xF8, 0x03, 0xFE, 0x00, 0x01, 0xFC, 0x01, 0xFF, 0x00,
  0x00, 0xFE, 0x00, 0x7F, 0xC0, 0x00, 0x7F, 0x00, 0x3F, 0xF0, 0x00, 0x3F,
  0x80, 0x0F, 0xF8, 0x00, 0x1F, 0xC0, 0x03, 0xFE, 0x00, 0x0F, 0xE0, 0x01,
  0xFF, 0x80, 0x07, 0xF0, 0x00, 0x7F, 0xC0, 0x03, 0xF8, 0x00, 0x3F, 0xF0,
  0x07, 0xFF, 0x00, 0x0F, 0xFC, 0x3F, 0xFF, 0xF0, 0x07, 0xFF, 0xDF, 0xFF,
  0xF8, 0x01, 0xFF, 0xEF, 0xFF, 0xFC, 0x00, 0x7F, 0xF0, 0x7F, 0xFC, 0x03,
  0xFF, 0xF0, 0x3F, 0xFF, 0x80, 0xFF, 0xFC, 0x00, 0x7F, 0xE0, 0x00, 0xFF,
  0x00, 0x03, 0xF8, 0x00, 0x1F, 0xC0, 0x00, 0xFE, 0x00, 0x07, 0xF0, 0x00,
  0x3F, 0x80, 0x01, 0xFC, 0x00, 0x0F, 0xE0, 0x00, 0x7F, 0x00, 0x03, 0xF8,
  0x00, 0x1F, 0xC0, 0x00, 0xFE, 0x00, 0x07, 0xF0, 0x00, 0x3F, 0x80, 0x01,
  0xFC, 0x00, 0x0F, 0xE0, 0x00, 0x7F, 0x00, 0x03, 0xF8, 0x00, 0x1F, 0xC0,
  0x00, 0xFE, 0x00, 0x07, 0xF0, 0x00, 0x3F, 0x80, 0x01, 0xFC, 0x00, 0x0F,
  0xE0, 0x00, 0x7F, 0x00, 0x03, 0xF8, 0x00, 0x1F, 0xC0, 0x00, 0xFE, 0x00,
  0x07, 0xF0, 0x00, 0x3F, 0x80, 0x01, 0xFC, 0x00, 0x0F, 0xE0, 0x00, 0x7F,
  0x00, 0x03, 0xF8, 0x00, 0x1F, 0xC0, 0x00, 0xFE, 0x00, 0x07, 0xF0, 0x00,
  0x3F, 0x80, 0x01, 0xFC, 0x00, 0x0F, 0xE0, 0x00, 0x7F, 0x00, 0x03, 0xF8,
  0x00, 0x1F, 0xC0, 0x00, 0xFE, 0x00, 0x07, 0xF0, 0x00, 0x3F, 0x80, 0x01,
  0xFC, 0x00, 0x0F, 0xE0, 0x00, 0x7F, 0x00, 0x03, 0xF8, 0x00, 0x1F, 0xE0,
  0x03, 0xFF, 0x81, 0xFF, 0xFF, 0xCF, 0xFF, 0xFE, 0x7F, 0xFF, 0xF0, 0x00,
  0x00, 0x01, 0xFF, 0x00, 0x03, 0xFE, 0x00, 0x3F, 0xFE, 0x07, 0xFF, 0xF0,
  0x07, 0xFF, 0xE0, 0x0F, 0xFF, 0x87, 0xFF, 0xFE, 0x0F, 0xFF, 0xFC, 0x03,
  0xFF, 0xE7, 0xE0, 0x3F, 0xC7, 0xE0, 0x7F, 0x80, 0x3F, 0xFB, 0xE0, 0x07,
  0xFF, 0xC0, 0x0F, 0xE0, 0x01, 0xFF, 0xE0, 0x00, 0xFF, 0xC0, 0x01, 0xFC,
  0x00, 0x3F, 0xF0, 0x00, 0x3F, 0xE0, 0x00, 0x7F, 0x00, 0x07, 0xF8, 0x00,
  0x0F, 0xF0, 0x00, 0x1F, 0xC0, 0x01, 0xFC, 0x00, 0x03, 0xF8, 0x00, 0x07,
  0xF0, 0x00, 0x7F, 0x00, 0x00, 0xFE, 0x00, 0x01, 0xFC, 0x00, 0x1F, 0xC0,
  0x00, 0x3F, 0x80, 0x00, 0x7F, 0x00, 0x07, 0xF0, 0x00, 0x0F, 0xE0, 0x00,
  0x1F, 0xC0, 0x01, 0xFC, 0x00, 0x03, 0xF8, 0x00, 0x07, 0xF0, 0x00, 0x7F,
  0x00, 0x00, 0xFE, 0x00, 0x01, 0xFC, 0x00, 0x1F, 0xC0, 0x00, 0x3F, 0x80,
  0x00, 0x7F, 0x00, 0x07, 0xF0, 0x00, 0x0F, 0xE0, 0x00, 0x1F, 0xC0, 0x01,
  0xFC, 0x00, 0x03, 0xF8, 0x00, 0x07, 0xF0, 0x00, 0x7F, 0x00, 0x00, 0xFE,
  0x00, 0x01, 0xFC, 0x00, 0x1F, 0xC0, 0x00, 0x3F, 0x80, 0x00, 0x7F, 0x00,
  0x07, 0xF0, 0x00, 0x0F, 0xE0, 0x00, 0x1F, 0xC0, 0x01, 0xFC, 0x00, 0x03,
  0xF8, 0x00, 0x07, 0xF0, 0x00, 0x7F, 0x00, 0x00, 0xFE, 0x00, 0x01, 0xFC,
  0x00, 0x1F, 0xC0, 0x00, 0x3F, 0x80, 0x00, 0x7F, 0x00, 0x07, 0xF0, 0x00,
  0x0F, 0xE0, 0x00, 0x1F, 0xC0, 0x01, 0xFC, 0x00, 0x03, 0xF8, 0x00, 0x07,
  0xF0, 0x00, 0x7F, 0x00, 0x00, 0xFE, 0x00, 0x01, 0xFC, 0x00, 0x1F, 0xC0,
  0x00, 0x3F, 0x80, 0x00, 0x7F, 0x00, 0x07, 0xF0, 0x00, 0x0F, 0xE0, 0x00,
  0x1F, 0xC0, 0x01, 0xFC, 0x00, 0x03, 0xF8, 0x00, 0x07, 0xF0, 0x00, 0x7F,
  0x00, 0x00, 0xFE, 0x00, 0x01, 0xFC, 0x00, 0x1F, 0xC0, 0x00, 0x3F, 0x80,
  0x00, 0x7F, 0x00, 0x07, 0xF0, 0x00, 0x0F, 0xE0, 0x00, 0x1F, 0xC0, 0x01,
  0xFC, 0x00, 0x03, 0xF8, 0x00, 0x07, 0xF0, 0x00, 0x7F, 0x00, 0x00, 0xFE,
  0x00, 0x01, 0xFC, 0x00, 0x1F, 0xE0, 0x00, 0x3F, 0xC0, 0x00, 0x7F, 0x80,
  0x1F, 0xFC, 0x00, 0x3F, 0xF8, 0x00, 0x7F, 0xF0, 0x7F, 0xFF, 0xE0, 0xFF,
  0xFF, 0xE1, 0xFF, 0xFF, 0xDF, 0xFF, 0xF8, 0x3F, 0xFF, 0xF8, 0x7F, 0xFF,
  0xF7, 0xFF, 0xFE, 0x0F, 0xFF, 0xFE, 0x1F, 0xFF, 0xFC, 0x00, 0x00, 0x01,
  0xFF, 0x00, 0x0F, 0xFF, 0x80, 0xFF, 0xFC, 0x00, 0xFF, 0xF8, 0x7F, 0xFF,
  0xE0, 0x0F, 0xFF, 0x9F, 0xC0, 0xFF, 0x00, 0x3F, 0xFB, 0xE0, 0x07, 0xF0,
  0x00, 0x7F, 0xF8, 0x00, 0x3F, 0x80, 0x03, 0xFF, 0x00, 0x03, 0xF8, 0x00,
  0x1F, 0xE0, 0x00, 0x3F, 0x80, 0x01, 0xFC, 0x00, 0x03, 0xF8, 0x00, 0x1F,
  0xC0, 0x00, 0x3F, 0x80, 0x01, 0xFC, 0x00, 0x03, 0xF8, 0x00, 0x1F, 0xC0,
  0x00, 0x3F, 0x80, 0x01, 0xFC, 0x00, 0x03, 0xF8, 0x00, 0x1F, 0xC0, 0x00,
  0x3F, 0x80, 0x01, 0xFC, 0x00, 0x03, 0xF8, 0x00, 0x1F, 0xC0, 0x00, 0x3F,
  0x80, 0x01, 0xFC, 0x00, 0x03, 0xF8, 0x00, 0x1F, 0xC0, 0x00, 0x3F, 0x80,
  0x01, 0xFC, 0x00, 0x03, 0xF8, 0x00, 0x1F, 0xC0, 0x00, 0x3F, 0x80, 0x01,
  0xFC, 0x00, 0x03, 0xF8, 0x00, 0x1F, 0xC0, 0x00, 0x3F, 0x80, 0x01, 0xFC,
  0x00, 0x03, 0xF8, 0x00, 0x1F, 0xC0, 0x00, 0x3F, 0x80, 0x01, 0xFC, 0x00,
  0x03, 0xF8, 0x00, 0x1F, 0xC0, 0x00, 0x3F, 0x80, 0x01, 0xFC, 0x00, 0x03,
  0xF8, 0x00, 0x1F, 0xC0, 0x00, 0x3F, 0x80, 0x01, 0xFC, 0x00, 0x03, 0xF8,
  0x00, 0x1F, 0xC0, 0x00, 0x3F, 0x80, 0x01, 0xFC, 0x00, 0x03, 0xF8, 0x00,
  0x1F, 0xC0, 0x00, 0x3F, 0x80, 0x01, 0xFC, 0x00, 0x03, 0xF8, 0x00, 0x1F,
  0xC0, 0x00, 0x3F, 0x80, 0x01, 0xFE, 0x00, 0x03, 0xFC, 0x00, 0x7F, 0xF0,
  0x00, 0xFF, 0xE0, 0x7F, 0xFF, 0xE0, 0x7F, 0xFF, 0xF7, 0xFF, 0xFE, 0x07,
  0xFF, 0xFF, 0x7F, 0xFF, 0xE0, 0x7F, 0xFF, 0xF0, 0x00, 0x03, 0xFE, 0x00,
  0x00, 0x01, 0xFF, 0xFC, 0x00, 0x00, 0x7F, 0xFF, 0xF0, 0x00, 0x1F, 0xC0,
  0x7F, 0x80, 0x03, 0xF8, 0x01, 0xFC, 0x00, 0x7E, 0x00, 0x07, 0xE0, 0x0F,
  0xE0, 0x00, 0x7F, 0x00, 0xFC, 0x00, 0x03, 0xF8, 0x1F, 0xC0, 0x00, 0x3F,
  0x83, 0xF8, 0x00, 0x01, 0xFC, 0x3F, 0x80, 0x00, 0x1F, 0xC7, 0xF8, 0x00,
  0x01, 0xFE, 0x7F, 0x80, 0x00, 0x1F, 0xE7, 0xF0, 0x00, 0x00, 0xFE, 0x7F,
  0x00, 0x00, 0x0F, 0xEF, 0xF0, 0x00, 0x00, 0xFF, 0xFF, 0x00, 0x00, 0x0F,
  0xFF, 0xF0, 0x00, 0x00, 0xFF, 0xFF, 0x00, 0x00, 0x0F, 0xFF, 0xF0, 0x00,
  0x00, 0xFF, 0xFF, 0x00, 0x00, 0x0F, 0xFF, 0xF0, 0x00, 0x00, 0xFF, 0xFF,
  0x00, 0x00, 0x0F, 0xFF, 0xF0, 0x00, 0x00, 0xFF, 0xFF, 0x00, 0x00, 0x0F,
  0xF7, 0xF0, 0x00, 0x00, 0xFE, 0x7F, 0x00, 0x00, 0x0F, 0xE7, 0xF8, 0x00,
  0x01, 0xFE, 0x7F, 0x80, 0x00, 0x1F, 0xC3, 0xF8, 0x00, 0x01, 0xFC, 0x3F,
  0x80, 0x00, 0x1F, 0xC1, 0xFC, 0x00, 0x03, 0xF8, 0x1F, 0xC0, 0x00, 0x3F,
  0x00, 0xFE, 0x00, 0x07, 0xF0, 0x07, 0xE0, 0x00, 0x7E, 0x00, 0x3F, 0x80,
  0x0F, 0xC0, 0x01, 0xFE, 0x03, 0xF8, 0x00, 0x07, 0xFF, 0xFE, 0x00, 0x00,
  0x3F, 0xFF, 0x80, 0x00, 0x00, 0x7F, 0xC0, 0x00, 0x00, 0x00, 0x07, 0xF8,
  0x00, 0x7F, 0xFE, 0x1F, 0xFF, 0x80, 0x3F, 0xFF, 0x3F, 0xFF, 0xF0, 0x1F,
  0xFF, 0xBC, 0x07, 0xFC, 0x00, 0xFF, 0xF8, 0x00, 0xFF, 0x00, 0x1F, 0xF8,
  0x00, 0x3F, 0xC0, 0x07, 0xF8, 0x00, 0x0F, 0xF0, 0x03, 0xF8, 0x00, 0x03,
  0xF8, 0x01, 0xFC, 0x00, 0x01, 0xFE, 0x00, 0xFE, 0x00, 0x00, 0x7F, 0x00,
  0x7F, 0x00, 0x00, 0x3F, 0x80, 0x3F, 0x80, 0x00, 0x1F, 0xE0, 0x1F, 0xC0,
  0x00, 0x0F, 0xF0, 0x0F, 0xE0, 0x00, 0x07, 0xF8, 0x07, 0xF0, 0x00, 0x01,
  0xFE, 0x03, 0xF8, 0x00, 0x00, 0xFF, 0x01, 0xFC, 0x00, 0x00, 0x7F, 0x80,
  0xFE, 0x00, 0x00, 0x3F, 0xC0, 0x7F, 0x00, 0x00, 0x1F, 0xE0, 0x3F, 0x80,
  0x00, 0x0F, 0xF0, 0x1F, 0xC0, 0x00, 0x07, 0xF8, 0x0F, 0xE0, 0x00, 0x03,
  0xFC, 0x07, 0xF0, 0x00, 0x01, 0xFE, 0x03, 0xF8, 0x00, 0x00, 0xFF, 0x01,
  0xFC, 0x00, 0x00, 0x7F, 0x80, 0xFE, 0x00, 0x00, 0x3F, 0x80, 0x7F, 0x00,
  0x00, 0x1F, 0xC0, 0x3F, 0x80, 0x00, 0x1F, 0xE0, 0x1F, 0xC0, 0x00, 0x0F,
  0xF0, 0x0F, 0xE0, 0x00, 0x07, 0xF0, 0x07, 0xF0, 0x00, 0x03, 0xF8, 0x03,
  0xF8, 0x00, 0x03, 0xF8, 0x01, 0xFC, 0x00, 0x01, 0xFC, 0x00, 0xFE, 0x00,
  0x01, 0xFC, 0x00, 0x7F, 0x80, 0x01, 0xFC, 0x00, 0x3F, 0xE0, 0x01, 0xFC,
  0x00, 0x1F, 0xFC, 0x03, 0xFC, 0x00, 0x0F, 0xFF, 0xFF, 0xFC, 0x00, 0x07,
  0xF7, 0xFF, 0xF8, 0x00, 0x03, 0xF8, 0x7F, 0xF0, 0x00, 0x01, 0xFC, 0x00,
  0x00, 0x00, 0x00, 0xFE, 0x00, 0x00, 0x00, 0x00, 0x7F, 0x00, 0x00, 0x00,
  0x00, 0x3F, 0x80, 0x00, 0x00, 0x00, 0x1F, 0xC0, 0x00, 0x00, 0x00, 0x0F,
  0xE0, 0x00, 0x00, 0x00, 0x07, 0xF0, 0x00, 0x00, 0x00, 0x03, 0xF8, 0x00,
  0x00, 0x00, 0x01, 0xFC, 0x00, 0x00, 0x00, 0x00, 0xFE, 0x00, 0x00, 0x00,
  0x00, 0xFF, 0x00, 0x00, 0x00, 0x00, 0xFF, 0xF0, 0x00, 0x00, 0x07, 0xFF,
  0xFF, 0xC0, 0x00, 0x03, 0xFF, 0xFF, 0xE0, 0x00, 0x01, 0xFF, 0xFF, 0xF0,
  0x00, 0x00, 0x00, 0x07, 0xFE, 0x00, 0x00, 0x00, 0x3F, 0xFF, 0xC3, 0xC0,
  0x00, 0xFF, 0xFF, 0xE7, 0xC0, 0x01, 0xFE, 0x03, 0xFF, 0xC0, 0x03, 0xF8,
  0x00, 0x7F, 0xC0, 0x07, 0xF0, 0x00, 0x3F, 0xC0, 0x0F, 0xE0, 0x00, 0x1F,
  0xC0, 0x1F, 0xC0, 0x00, 0x1F, 0xC0, 0x1F, 0xC0, 0x00, 0x1F, 0xC0, 0x3F,
  0x80, 0x00, 0x1F, 0xC0, 0x3F, 0x80, 0x00, 0x1F, 0xC0, 0x7F, 0x80, 0x00,
  0x1F, 0xC0, 0x7F, 0x80, 0x00, 0x1F, 0xC0, 0x7F, 0x00, 0x00, 0x1F, 0xC0,
  0x7F, 0x00, 0x00, 0x1F, 0xC0, 0xFF, 0x00, 0x00, 0x1F, 0xC0, 0xFF, 0x00,
  0x00, 0x1F, 0xC0, 0xFF, 0x00, 0x00, 0x1F, 0xC0, 0xFF, 0x00, 0x00, 0x1F,
  0xC0, 0xFF, 0x00, 0x00, 0x1F, 0xC0, 0xFF, 0x00, 0x00, 0x1F, 0xC0, 0xFF,
  0x00, 0x00, 0x1F, 0xC0, 0xFF, 0x00, 0x00, 0x1F, 0xC0, 0xFF, 0x00, 0x00,
  0x1F, 0xC0, 0xFF, 0x00, 0x00, 0x1F, 0xC0, 0xFF, 0x00, 0x00, 0x1F, 0xC0,
  0x7F, 0x00, 0x00, 0x1F, 0xC0, 0x7F, 0x80, 0x00, 0x1F, 0xC0, 0x7F, 0x80,
  0x00, 0x1F, 0xC0, 0x7F, 0x80, 0x00, 0x1F, 0xC0, 0x3F, 0x80, 0x00, 0x1F,
  0xC0, 0x3F, 0xC0, 0x00, 0x1F, 0xC0, 0x1F, 0xC0, 0x00, 0x1F, 0xC0, 0x1F,
  0xE0, 0x00, 0x3F, 0xC0, 0x0F, 0xF0, 0x00, 0x7F, 0xC0, 0x07, 0xF8, 0x00,
  0xFF, 0xC0, 0x03, 0xFE, 0x07, 0xDF, 0xC0, 0x01, 0xFF, 0xFF, 0x9F, 0xC0,
  0x00, 0x7F, 0xFE, 0x1F, 0xC0, 0x00, 0x0F, 0xF0, 0x1F, 0xC0, 0x00, 0x00,
  0x00, 0x1F, 0xC0, 0x00, 0x00, 0x00, 0x1F, 0xC0, 0x00, 0x00, 0x00, 0x1F,
  0xC0, 0x00, 0x00, 0x00, 0x1F, 0xC0, 0x00, 0x00, 0x00, 0x1F, 0xC0, 0x00,
  0x00, 0x00, 0x1F, 0xC0, 0x00, 0x00, 0x00, 0x1F, 0xC0, 0x00, 0x00, 0x00,
  0x1F, 0xC0, 0x00, 0x00, 0x00, 0x1F, 0xC0, 0x00, 0x00, 0x00, 0x1F, 0xC0,
  0x00, 0x00, 0x00, 0x1F, 0xC0, 0x00, 0x00, 0x00, 0x1F, 0xE0, 0x00, 0x00,
  0x00, 0xFF, 0xF0, 0x00, 0x00, 0x0F, 0xFF, 0xFF, 0x00, 0x00, 0x0F, 0xFF,
  0xFF, 0x00, 0x00, 0x0F, 0xFF, 0xFF, 0x00, 0x00, 0x0F, 0xC7, 0xFF, 0xC0,
  0xFF, 0xBF, 0xFF, 0x1F, 0xFF, 0xFF, 0xF9, 0xFF, 0xF1, 0xFF, 0xDF, 0xFF,
  0x81, 0xFE, 0xE3, 0xFC, 0x07, 0xFE, 0x0F, 0xE0, 0x3F, 0xE0, 0x3E, 0x01,
  0xFE, 0x00, 0xC0, 0x0F, 0xF0, 0x00, 0x00, 0x7F, 0x00, 0x00, 0x03, 0xF8,
  0x00, 0x00, 0x1F, 0xC0, 0x00, 0x00, 0xFE, 0x00, 0x00, 0x07, 0xF0, 0x00,
  0x00, 0x3F, 0x80, 0x00, 0x01, 0xFC, 0x00, 0x00, 0x0F, 0xE0, 0x00, 0x00,
  0x7F, 0x00, 0x00, 0x03, 0xF8, 0x00, 0x00, 0x1F, 0xC0, 0x00, 0x00, 0xFE,
  0x00, 0x00, 0x07, 0xF0, 0x00, 0x00, 0x3F, 0x80, 0x00, 0x01, 0xFC, 0x00,
  0x00, 0x0F, 0xE0, 0x00, 0x00, 0x7F, 0x00, 0x00, 0x03, 0xF8, 0x00, 0x00,
  0x1F, 0xC0, 0x00, 0x00, 0xFE, 0x00, 0x00, 0x07, 0xF0, 0x00, 0x00, 0x3F,
  0x80, 0x00, 0x01, 0xFC, 0x00, 0x00, 0x0F, 0xE0, 0x00, 0x00, 0x7F, 0x80,
  0x00, 0x0F, 0xFF, 0x00, 0x07, 0xFF, 0xFF, 0xC0, 0x3F, 0xFF, 0xFE, 0x01,
  0xFF, 0xFF, 0xF0, 0x00, 0x00, 0x1F, 0xE0, 0xC0, 0x07, 0xFF, 0xFE, 0x00,
  0xFF, 0xFF, 0xF0, 0x0F, 0xC0, 0x7F, 0x80, 0xFC, 0x00, 0xFC, 0x0F, 0xC0,
  0x03, 0xE0, 0x7C, 0x00, 0x0F, 0x07, 0xE0, 0x00, 0x78, 0x3F, 0x00, 0x01,
  0xC1, 0xF8, 0x00, 0x0E, 0x0F, 0xE0, 0x00, 0x30, 0x7F, 0x00, 0x01, 0x83,
  0xFE, 0x00, 0x00, 0x1F, 0xF8, 0x00, 0x00, 0x7F, 0xF0, 0x00, 0x03, 0xFF,
  0xE0, 0x00, 0x0F, 0xFF, 0xC0, 0x00, 0x7F, 0xFF, 0x80, 0x01, 0xFF, 0xFF,
  0x00, 0x07, 0xFF, 0xFE, 0x00, 0x0F, 0xFF, 0xF8, 0x00, 0x1F, 0xFF, 0xE0,
  0x00, 0x7F, 0xFF, 0x80, 0x00, 0xFF, 0xFE, 0x00, 0x01, 0xFF, 0xF3, 0x00,
  0x03, 0xFF, 0xD8, 0x00, 0x07, 0xFF, 0xE0, 0x00, 0x1F, 0xFF, 0x00, 0x00,
  0x7F, 0xF8, 0x00, 0x01, 0xFD, 0xE0, 0x00, 0x0F, 0xEF, 0x00, 0x00, 0x7F,
  0x7C, 0x00, 0x03, 0xF3, 0xE0, 0x00, 0x1F, 0x9F, 0x80, 0x01, 0xF8, 0xFF,
  0x00, 0x1F, 0x87, 0xFE, 0x03, 0xF8, 0x3F, 0xFF, 0xFF, 0x80, 0x03, 0xFF,
  0xF0, 0x00, 0x07, 0xFC, 0x00, 0x00, 0x70, 0x00, 0x00, 0x1C, 0x00, 0x00,
  0x07, 0x00, 0x00, 0x01, 0xC0, 0x00, 0x00, 0xF0, 0x00, 0x00, 0x3C, 0x00,
  0x00, 0x0F, 0x00, 0x00, 0x07, 0xC0, 0x00, 0x01, 0xF0, 0x00, 0x00, 0xFC,
  0x00, 0x00, 0x7F, 0x00, 0x00, 0x3F, 0xC0, 0x00, 0xFF, 0xFF, 0xFF, 0xBF,
  0xFF, 0xFF, 0xEF, 0xFF, 0xFF, 0xF8, 0x1F, 0xC0, 0x00, 0x07, 0xF0, 0x00,
  0x01, 0xFC, 0x00, 0x00, 0x7F, 0x00, 0x00, 0x1F, 0xC0, 0x00, 0x07, 0xF0,
  0x00, 0x01, 0xFC, 0x00, 0x00, 0x7F, 0x00, 0x00, 0x1F, 0xC0, 0x00, 0x07,
  0xF0, 0x00, 0x01, 0xFC, 0x00, 0x00, 0x7F, 0x00, 0x00, 0x1F, 0xC0, 0x00,
  0x07, 0xF0, 0x00, 0x01, 0xFC, 0x00, 0x00, 0x7F, 0x00, 0x00, 0x1F, 0xC0,
  0x00, 0x07, 0xF0, 0x00, 0x01, 0xFC, 0x00, 0x00, 0x7F, 0x00, 0x00, 0x1F,
  0xC0, 0x00, 0x07, 0xF0, 0x00, 0x01, 0xFC, 0x00, 0x00, 0x7F, 0x00, 0x00,
  0x1F, 0xC0, 0x00, 0x07, 0xF0, 0x00, 0x01, 0xFC, 0x00, 0x00, 0x7F, 0x00,
  0x00, 0x1F, 0xC0, 0x00, 0x07, 0xF8, 0x00, 0x01, 0xFE, 0x00, 0x00, 0x3F,
  0xC0, 0x18, 0x0F, 0xF8, 0x1F, 0x01, 0xFF, 0xFF, 0x00, 0x3F, 0xFF, 0x00,
  0x01, 0xFE, 0x00, 0x7F, 0xF8, 0x03, 0xFF, 0xF0, 0x7F, 0xFC, 0x01, 0xFF,
  0xF8, 0x3F, 0xFE, 0x00, 0xFF, 0xFC, 0x01, 0xFF, 0x00, 0x07, 0xFE, 0x00,
  0x7F, 0x80, 0x00, 0xFF, 0x00, 0x1F, 0xC0, 0x00, 0x3F, 0x80, 0x0F, 0xE0,
  0x00, 0x1F, 0xC0, 0x07, 0xF0, 0x00, 0x0F, 0xE0, 0x03, 0xF8, 0x00, 0x07,
  0xF0, 0x01, 0xFC, 0x00, 0x03, 0xF8, 0x00, 0xFE, 0x00, 0x01, 0xFC, 0x00,
  0x7F, 0x00, 0x00, 0xFE, 0x00, 0x3F, 0x80, 0x00, 0x7F, 0x00, 0x1F, 0xC0,
  0x00, 0x3F, 0x80, 0x0F, 0xE0, 0x00, 0x1F, 0xC0, 0x07, 0xF0, 0x00, 0x0F,
  0xE0, 0x03, 0xF8, 0x00, 0x07, 0xF0, 0x01, 0xFC, 0x00, 0x03, 0xF8, 0x00,
  0xFE, 0x00, 0x01, 0xFC, 0x00, 0x7F, 0x00, 0x00, 0xFE, 0x00, 0x3F, 0x80,
  0x00, 0x7F, 0x00, 0x1F, 0xC0, 0x00, 0x3F, 0x80, 0x0F, 0xE0, 0x00, 0x1F,
  0xC0, 0x07, 0xF0, 0x00, 0x0F, 0xE0, 0x03, 0xF8, 0x00, 0x07, 0xF0, 0x01,
  0xFC, 0x00, 0x03, 0xF8, 0x00, 0xFE, 0x00, 0x01, 0xFC, 0x00, 0x7F, 0x00,
  0x00, 0xFE, 0x00, 0x3F, 0x80, 0x00, 0x7F, 0x00, 0x1F, 0xC0, 0x00, 0x3F,
  0x80, 0x0F, 0xE0, 0x00, 0x3F, 0xC0, 0x07, 0xF8, 0x00, 0x3F, 0xE0, 0x01,
  0xFC, 0x00, 0x7F, 0xF0, 0x00, 0xFF, 0x80, 0xFF, 0xF8, 0x00, 0x7F, 0xFF,
  0xFD, 0xFE, 0x00, 0x1F, 0xFF, 0xFC, 0xFF, 0xE0, 0x07, 0xFF, 0xF8, 0x3F,
  0xF0, 0x01, 0xFF, 0xF8, 0x1F, 0xF0, 0x00, 0x1F, 0xE0, 0x07, 0xE0, 0x7F,
  0xFF, 0xC0, 0x1F, 0xFF, 0x7F, 0xFF, 0xF0, 0x1F, 0xFF, 0xFF, 0xFF, 0xF8,
  0x0F, 0xFF, 0xEF, 0xFF, 0xF8, 0x03, 0xFF, 0xE0, 0xFF, 0xC0, 0x00, 0x1F,
  0x80, 0x3F, 0xE0, 0x00, 0x07, 0x80, 0x0F, 0xF0, 0x00, 0x03, 0x80, 0x07,
  0xF8, 0x00, 0x03, 0xC0, 0x01, 0xFE, 0x00, 0x01, 0xC0, 0x00, 0xFF, 0x00,
  0x01, 0xE0, 0x00, 0x3F, 0xC0, 0x00, 0xF0, 0x00, 0x1F, 0xE0, 0x00, 0x70,
  0x00, 0x0F, 0xF0, 0x00, 0x78, 0x00, 0x03, 0xFC, 0x00, 0x38, 0x00, 0x01,
  0xFE, 0x00, 0x3C, 0x00, 0x00, 0x7F, 0x80, 0x1E, 0x00, 0x00, 0x3F, 0xC0,
  0x0E, 0x00, 0x00, 0x0F, 0xE0, 0x0F, 0x00, 0x00, 0x07, 0xF8, 0x07, 0x00,
  0x00, 0x03, 0xFC, 0x03, 0x80, 0x00, 0x00, 0xFF, 0x03, 0xC0, 0x00, 0x00,
  0x7F, 0x81, 0xC0, 0x00, 0x00, 0x1F, 0xC1, 0xE0, 0x00, 0x00, 0x0F, 0xF0,
  0xE0, 0x00, 0x00, 0x07, 0xF8, 0x70, 0x00, 0x00, 0x01, 0xFE, 0x78, 0x00,
  0x00, 0x00, 0xFF, 0x38, 0x00, 0x00, 0x00, 0x3F, 0xBC, 0x00, 0x00, 0x00,
  0x1F, 0xFC, 0x00, 0x00, 0x00, 0x07, 0xFE, 0x00, 0x00, 0x00, 0x03, 0xFF,
  0x00, 0x00, 0x00, 0x01, 0xFF, 0x00, 0x00, 0x00, 0x00, 0x7F, 0x80, 0x00,
  0x00, 0x00, 0x3F, 0x80, 0x00, 0x00, 0x00, 0x0F, 0xC0, 0x00, 0x00, 0x00,
  0x07, 0xE0, 0x00, 0x00, 0x00, 0x03, 0xE0, 0x00, 0x00, 0x00, 0x00, 0xF0,
  0x00, 0x00, 0x00, 0x00, 0x70, 0x00, 0x00, 0x7F, 0xFF, 0x80, 0x00, 0x00,
  0x03, 0xFF, 0xEF, 0xFF, 0xFC, 0x00, 0x3C, 0x00, 0x7F, 0xFF, 0xFF, 0xFF,
  0xC0, 0x07, 0xC0, 0x07, 0xFF, 0xF3, 0xFF, 0xF0, 0x00, 0x7C, 0x00, 0x1F,
  0xFE, 0x0F, 0xF8, 0x00, 0x07, 0xE0, 0x00, 0x1F, 0x00, 0x7F, 0x80, 0x00,
  0xFE, 0x00, 0x01, 0xE0, 0x03, 0xF8, 0x00, 0x0F, 0xF0, 0x00, 0x1E, 0x00,
  0x3F, 0x80, 0x00, 0xFF, 0x00, 0x03, 0xC0, 0x01, 0xFC, 0x00, 0x1F, 0xF0,
  0x00, 0x3C, 0x00, 0x1F, 0xC0, 0x01, 0xFF, 0x80, 0x03, 0x80, 0x01, 0xFE,
  0x00, 0x1F, 0xF8, 0x00, 0x78, 0x00, 0x0F, 0xE0, 0x03, 0xFF, 0x80, 0x07,
  0x80, 0x00, 0xFE, 0x00, 0x3B, 0xFC, 0x00, 0x70, 0x00, 0x0F, 0xF0, 0x03,
  0x9F, 0xC0, 0x0F, 0x00, 0x00, 0x7F, 0x00, 0x79, 0xFC, 0x00, 0xF0, 0x00,
  0x07, 0xF0, 0x07, 0x1F, 0xE0, 0x0E, 0x00, 0x00, 0x3F, 0x80, 0x70, 0xFE,
  0x01, 0xE0, 0x00, 0x03, 0xF8, 0x0F, 0x0F, 0xF0, 0x1E, 0x00, 0x00, 0x3F,
  0x80, 0xE0, 0x7F, 0x01, 0xC0, 0x00, 0x01, 0xFC, 0x0E, 0x07, 0xF0, 0x3C,
  0x00, 0x00, 0x1F, 0xC1, 0xE0, 0x7F, 0x83, 0xC0, 0x00, 0x01, 0xFE, 0x1C,
  0x03, 0xF8, 0x38, 0x00, 0x00, 0x0F, 0xE1, 0xC0, 0x3F, 0x87, 0x80, 0x00,
  0x00, 0xFE, 0x3C, 0x03, 0xFC, 0x70, 0x00, 0x00, 0x0F, 0xF3, 0x80, 0x1F,
  0xC7, 0x00, 0x00, 0x00, 0x7F, 0x38, 0x01, 0xFC, 0xF0, 0x00, 0x00, 0x07,
  0xF7, 0x80, 0x0F, 0xEE, 0x00, 0x00, 0x00, 0x3F, 0xF0, 0x00, 0xFE, 0xE0,
  0x00, 0x00, 0x03, 0xFF, 0x00, 0x0F, 0xFE, 0x00, 0x00, 0x00, 0x3F, 0xF0,
  0x00, 0x7F, 0xC0, 0x00, 0x00, 0x01, 0xFE, 0x00, 0x07, 0xFC, 0x00, 0x00,
  0x00, 0x1F, 0xE0, 0x00, 0x7F, 0xC0, 0x00, 0x00, 0x01, 0xFE, 0x00, 0x03,
  0xF8, 0x00, 0x00, 0x00, 0x0F, 0xC0, 0x00, 0x3F, 0x80, 0x00, 0x00, 0x00,
  0xFC, 0x00, 0x03, 0xF8, 0x00, 0x00, 0x00, 0x0F, 0xC0, 0x00, 0x1F, 0x00,
  0x00, 0x00, 0x00, 0x78, 0x00, 0x01, 0xF0, 0x00, 0x00, 0x00, 0x07, 0x80,
  0x00, 0x0F, 0x00, 0x00, 0x00, 0x00, 0x78, 0x00, 0x00, 0xE0, 0x00, 0x00,
  0x7F, 0xFF, 0xC3, 0xFF, 0xF9, 0xFF, 0xFF, 0x0F, 0xFF, 0xE7, 0xFF, 0xFC,
  0x3F, 0xFF, 0x83, 0xFF, 0x00, 0x1F, 0xE0, 0x03, 0xFC, 0x00, 0x3F, 0x00,
  0x07, 0xF8, 0x00, 0xF8, 0x00, 0x1F, 0xE0, 0x03, 0xC0, 0x00, 0x3F, 0xC0,
  0x1E, 0x00, 0x00, 0x7F, 0x00, 0xF8, 0x00, 0x01, 0xFE, 0x03, 0xC0, 0x00,
  0x03, 0xFC, 0x1E, 0x00, 0x00, 0x07, 0xF0, 0xF0, 0x00, 0x00, 0x1F, 0xE3,
  0xC0, 0x00, 0x00, 0x3F, 0x9E, 0x00, 0x00, 0x00, 0x7F, 0x70, 0x00, 0x00,
  0x01, 0xFF, 0xC0, 0x00, 0x00, 0x03, 0xFE, 0x00, 0x00, 0x00, 0x07, 0xF0,
  0x00, 0x00, 0x00, 0x1F, 0xE0, 0x00, 0x00, 0x00, 0x3F, 0xC0, 0x00, 0x00,
  0x01, 0xFF, 0x00, 0x00, 0x00, 0x07, 0xFE, 0x00, 0x00, 0x00, 0x3F, 0xFC,
  0x00, 0x00, 0x01, 0xE7, 0xF0, 0x00, 0x00, 0x0F, 0x9F, 0xE0, 0x00, 0x00,
  0x3C, 0x3F, 0xC0, 0x00, 0x01, 0xE0, 0xFF, 0x00, 0x00, 0x0F, 0x81, 0xFE,
  0x00, 0x00, 0x7C, 0x03, 0xFC, 0x00, 0x03, 0xE0, 0x0F, 0xF0, 0x00, 0x0F,
  0x00, 0x1F, 0xE0, 0x00, 0x7C, 0x00, 0x7F, 0xC0, 0x03, 0xE0, 0x00, 0xFF,
  0x80, 0x1F, 0x80, 0x01, 0xFF, 0x00, 0xFF, 0x00, 0x0F, 0xFE, 0x3F, 0xFF,
  0x81, 0xFF, 0xFF, 0xFF, 0xFE, 0x07, 0xFF, 0xFD, 0xFF, 0xF8, 0x1F, 0xFF,
  0xF0, 0x7F, 0xFF, 0x80, 0x3F, 0xFE, 0xFF, 0xFF, 0xC0, 0x7F, 0xFF, 0xFF,
  0xFF, 0xC0, 0x7F, 0xFF, 0x7F, 0xFF, 0x80, 0x3F, 0xFE, 0x0F, 0xF8, 0x00,
  0x03, 0xF0, 0x07, 0xF8, 0x00, 0x01, 0xE0, 0x03, 0xF8, 0x00, 0x03, 0xE0,
  0x03, 0xFC, 0x00, 0x03, 0xC0, 0x01, 0xFC, 0x00, 0x03, 0xC0, 0x01, 0xFC,
  0x00, 0x07, 0x80, 0x01, 0xFE, 0x00, 0x07, 0x80, 0x00, 0xFE, 0x00, 0x07,
  0x80, 0x00, 0xFE, 0x00, 0x0F, 0x00, 0x00, 0x7F, 0x00, 0x0F, 0x00, 0x00,
  0x7F, 0x00, 0x0F, 0x00, 0x00, 0x7F, 0x00, 0x1E, 0x00, 0x00, 0x3F, 0x80,
  0x1E, 0x00, 0x00, 0x3F, 0x80, 0x1E, 0x00, 0x00, 0x3F, 0xC0, 0x3C, 0x00,
  0x00, 0x1F, 0xC0, 0x3C, 0x00, 0x00, 0x1F, 0xC0, 0x3C, 0x00, 0x00, 0x0F,
  0xE0, 0x78, 0x00, 0x00, 0x0F, 0xE0, 0x78, 0x00, 0x00, 0x0F, 0xE0, 0x70,
  0x00, 0x00, 0x07, 0xF0, 0xF0, 0x00, 0x00, 0x07, 0xF0, 0xF0, 0x00, 0x00,
  0x03, 0xF8, 0xE0, 0x00, 0x00, 0x03, 0xF9, 0xE0, 0x00, 0x00, 0x03, 0xF9,
  0xE0, 0x00, 0x00, 0x01, 0xFD, 0xC0, 0x00, 0x00, 0x01, 0xFF, 0xC0, 0x00,
  0x00, 0x01, 0xFF, 0xC0, 0x00, 0x00, 0x00, 0xFF, 0x80, 0x00, 0x00, 0x00,
  0xFF, 0x80, 0x00, 0x00, 0x00, 0x7F, 0x80, 0x00, 0x00, 0x00, 0x7F, 0x00,
  0x00, 0x00, 0x00, 0x7F, 0x00, 0x00, 0x00, 0x00, 0x3F, 0x00, 0x00, 0x00,
  0x00, 0x3E, 0x00, 0x00, 0x00, 0x00, 0x1E, 0x00, 0x00, 0x00, 0x00, 0x3C,
  0x00, 0x00, 0x00, 0x00, 0x3C, 0x00, 0x00, 0x00, 0x00, 0x3C, 0x00, 0x00,
  0x00, 0x00, 0x78, 0x00, 0x00, 0x00, 0x00, 0x78, 0x00, 0x00, 0x00, 0x00,
  0xF8, 0x00, 0x00, 0x02, 0x00, 0xF0, 0x00, 0x00, 0x07, 0x01, 0xF0, 0x00,
  0x00, 0x0F, 0x81, 0xE0, 0x00, 0x00, 0x1F, 0xC3, 0xC0, 0x00, 0x00, 0x1F,
  0xE7, 0xC0, 0x00, 0x00, 0x1F, 0xFF, 0x80, 0x00, 0x00, 0x0F, 0xFF, 0x80,
  0x00, 0x00, 0x0F, 0xFF, 0x00, 0x00, 0x00, 0x07, 0xFC, 0x00, 0x00, 0x00,
  0x01, 0xF8, 0x00, 0x00, 0x00, 0x1F, 0xFF, 0xFF, 0xFE, 0x7F, 0xFF, 0xFF,
  0xFC, 0xFF, 0xFF, 0xFF, 0xF9, 0xFC, 0x00, 0x1F, 0xE3, 0xF0, 0x00, 0x7F,
  0xC7, 0xC0, 0x00, 0xFF, 0x0F, 0x80, 0x03, 0xFC, 0x1E, 0x00, 0x0F, 0xF8,
  0x3C, 0x00, 0x1F, 0xE0, 0x70, 0x00, 0x7F, 0x80, 0xE0, 0x01, 0xFF, 0x01,
  0xC0, 0x03, 0xFC, 0x03, 0x80, 0x0F, 0xF0, 0x06, 0x00, 0x3F, 0xE0, 0x00,
  0x00, 0x7F, 0x80, 0x00, 0x01, 0xFE, 0x00, 0x00, 0x07, 0xFC, 0x00, 0x00,
  0x0F, 0xF0, 0x00, 0x00, 0x3F, 0xC0, 0x00, 0x00, 0xFF, 0x80, 0x00, 0x01,
  0xFE, 0x00, 0x00, 0x07, 0xF8, 0x00, 0x00, 0x1F, 0xF0, 0x00, 0x00, 0x3F,
  0xC0, 0x00, 0x00, 0xFF, 0x00, 0x0E, 0x03, 0xFE, 0x00, 0x1C, 0x07, 0xF8,
  0x00, 0x38, 0x1F, 0xE0, 0x00, 0x70, 0x7F, 0xC0, 0x01, 0xE0, 0xFF, 0x00,
  0x03, 0xC3, 0xFC, 0x00, 0x0F, 0x8F, 0xF0, 0x00, 0x1F, 0x1F, 0xE0, 0x00,
  0x7E, 0x7F, 0x80, 0x00, 0xFD, 0xFE, 0x00, 0x07, 0xFB, 0xFF, 0xFF, 0xFF,
  0xF7, 0xFF, 0xFF, 0xFF, 0xEF, 0xFF, 0xFF, 0xFF, 0x80, 0x00, 0x00, 0x0F,
  0xF8, 0x00, 0x03, 0xFF, 0xC0, 0x00, 0x7F, 0xFE, 0x00, 0x07, 0xF8, 0x00,
  0x00, 0x7F, 0x80, 0x00, 0x03, 0xF8, 0x00, 0x00, 0x3F, 0xC0, 0x00, 0x01,
  0xFC, 0x00, 0x00, 0x1F, 0xE0, 0x00, 0x00, 0xFF, 0x00, 0x00, 0x07, 0xF8,
  0x00, 0x00, 0x3F, 0xC0, 0x00, 0x01, 0xFE, 0x00, 0x00, 0x0F, 0xF0, 0x00,
  0x00, 0x7F, 0x80, 0x00, 0x03, 0xFC, 0x00, 0x00, 0x1F, 0xE0, 0x00, 0x00,
  0xFF, 0x00, 0x00, 0x07, 0xF8, 0x00, 0x00, 0x3F, 0xC0, 0x00, 0x01, 0xFE,
  0x00, 0x00, 0x0F, 0xF0, 0x00, 0x00, 0x7F, 0x80, 0x00, 0x03, 0xFC, 0x00,
  0x00, 0x1F, 0xE0, 0x00, 0x00, 0xFF, 0x00, 0x00, 0x07, 0xF8, 0x00, 0x00,
  0x3F, 0xC0, 0x00, 0x01, 0xFE, 0x00, 0x00, 0x0F, 0xE0, 0x00, 0x00, 0xFF,
  0x00, 0x00, 0x07, 0xF0, 0x00, 0x00, 0x7F, 0x00, 0x00, 0x0F, 0xF0, 0x00,
  0x01, 0xFE, 0x00, 0x01, 0xFF, 0xC0, 0x00, 0x0F, 0xC0, 0x00, 0x00, 0x7F,
  0xE0, 0x00, 0x00, 0x1F, 0xE0, 0x00, 0x00, 0x3F, 0x80, 0x00, 0x00, 0x7F,
  0x00, 0x00, 0x01, 0xFC, 0x00, 0x00, 0x0F, 0xF0, 0x00, 0x00, 0x3F, 0x80,
  0x00, 0x01, 0xFE, 0x00, 0x00, 0x0F, 0xF0, 0x00, 0x00, 0x7F, 0x80, 0x00,
  0x03, 0xFC, 0x00, 0x00, 0x1F, 0xE0, 0x00, 0x00, 0xFF, 0x00, 0x00, 0x07,
  0xF8, 0x00, 0x00, 0x3F, 0xC0, 0x00, 0x01, 0xFE, 0x00, 0x00, 0x0F, 0xF0,
  0x00, 0x00, 0x7F, 0x80, 0x00, 0x03, 0xFC, 0x00, 0x00, 0x1F, 0xE0, 0x00,
  0x00, 0xFF, 0x00, 0x00, 0x07, 0xF8, 0x00, 0x00, 0x3F, 0xC0, 0x00, 0x01,
  0xFE, 0x00, 0x00, 0x0F, 0xF0, 0x00, 0x00, 0x7F, 0x80, 0x00, 0x03, 0xFC,
  0x00, 0x00, 0x0F, 0xE0, 0x00, 0x00, 0x7F, 0x80, 0x00, 0x03, 0xFC, 0x00,
  0x00, 0x0F, 0xF0, 0x00, 0x00, 0x3F, 0xC0, 0x00, 0x00, 0xFF, 0xFC, 0x00,
  0x01, 0xFF, 0xE0, 0x00, 0x01, 0xFF, 0xFF, 0xFF, 0xFF, 0xFF, 0xFF, 0xFF,
  0xFF, 0xFF, 0xFF, 0xFF, 0xFF, 0xFF, 0xFF, 0xFF, 0xFF, 0xFF, 0xFF, 0xFF,
  0xFF, 0xFF, 0xFF, 0xFF, 0xFF, 0xFF, 0xFF, 0xFF, 0xFF, 0xFF, 0xFF, 0xFF,
  0xFF, 0xFF, 0xFF, 0xFF, 0xFF, 0xFF, 0xFF, 0xFF, 0xFF, 0xFF, 0xFF, 0xFF,
  0xFF, 0xFF, 0xFF, 0xFF, 0xFF, 0xFF, 0xFF, 0xFF, 0xFF, 0xFF, 0xFF, 0xFF,
  0xFC, 0xFF, 0x80, 0x00, 0x07, 0xFF, 0x80, 0x00, 0x3F, 0xFE, 0x00, 0x00,
  0x03, 0xFC, 0x00, 0x00, 0x0F, 0xF0, 0x00, 0x00, 0x3F, 0x80, 0x00, 0x01,
  0xFE, 0x00, 0x00, 0x07, 0xF0, 0x00, 0x00, 0x3F, 0xC0, 0x00, 0x01, 0xFE,
  0x00, 0x00, 0x0F, 0xF0, 0x00, 0x00, 0x7F, 0x80, 0x00, 0x03, 0xFC, 0x00,
  0x00, 0x1F, 0xE0, 0x00, 0x00, 0xFF, 0x00, 0x00, 0x07, 0xF8, 0x00, 0x00,
  0x3F, 0xC0, 0x00, 0x01, 0xFE, 0x00, 0x00, 0x0F, 0xF0, 0x00, 0x00, 0x7F,
  0x80, 0x00, 0x03, 0xFC, 0x00, 0x00, 0x1F, 0xE0, 0x00, 0x00, 0xFF, 0x00,
  0x00, 0x07, 0xF8, 0x00, 0x00, 0x3F, 0xC0, 0x00, 0x01, 0xFE, 0x00, 0x00,
  0x0F, 0xF0, 0x00, 0x00, 0x7F, 0x80, 0x00, 0x03, 0xFC, 0x00, 0x00, 0x0F,
  0xE0, 0x00, 0x00, 0x7F, 0x80, 0x00, 0x01, 0xFC, 0x00, 0x00, 0x07, 0xF0,
  0x00, 0x00, 0x1F, 0xC0, 0x00, 0x00, 0x3F, 0x80, 0x00, 0x00, 0x7F, 0xF0,
  0x00, 0x00, 0x1F, 0x80, 0x00, 0x1F, 0xFC, 0x00, 0x03, 0xF8, 0x00, 0x00,
  0x3F, 0x00, 0x00, 0x07, 0xF0, 0x00, 0x00, 0x7F, 0x00, 0x00, 0x07, 0xF8,
  0x00, 0x00, 0x3F, 0x80, 0x00, 0x03, 0xFC, 0x00, 0x00, 0x1F, 0xE0, 0x00,
  0x00, 0xFF, 0x00, 0x00, 0x07, 0xF8, 0x00, 0x00, 0x3F, 0xC0, 0x00, 0x01,
  0xFE, 0x00, 0x00, 0x0F, 0xF0, 0x00, 0x00, 0x7F, 0x80, 0x00, 0x03, 0xFC,
  0x00, 0x00, 0x1F, 0xE0, 0x00, 0x00, 0xFF, 0x00, 0x00, 0x07, 0xF8, 0x00,
  0x00, 0x3F, 0xC0, 0x00, 0x01, 0xFE, 0x00, 0x00, 0x0F, 0xF0, 0x00, 0x00,
  0x7F, 0x80, 0x00, 0x03, 0xFC, 0x00, 0x00, 0x1F, 0xE0, 0x00, 0x00, 0xFF,
  0x00, 0x00, 0x07, 0xF8, 0x00, 0x00, 0x3F, 0x80, 0x00, 0x03, 0xFC, 0x00,
  0x00, 0x1F, 0xC0, 0x00, 0x01, 0xFE, 0x00, 0x00, 0x1F, 0xE0, 0x00, 0x7F,
  0xFE, 0x00, 0x03, 0xFF, 0xC0, 0x00, 0x1F, 0xF0, 0x00, 0x00, 0x00, 0xFC,
  0x00, 0x00, 0x60, 0x7F, 0xF0, 0x00, 0x0E, 0x0F, 0xFF, 0xC0, 0x01, 0xE1,
  0xFF, 0xFF, 0x00, 0x3C, 0x3F, 0xFF, 0xFE, 0x0F, 0xC3, 0xE0, 0x7F, 0xFF,
  0xF8, 0x78, 0x01, 0xFF, 0xFF, 0x0F, 0x00, 0x07, 0xFF, 0xE0, 0xF0, 0x00,
  0x1F, 0xFC, 0x0E, 0x00, 0x00, 0x3F, 0x00 };

const GFXglyph Gelasio40pt7bGlyphs[] PROGMEM = {
  {     0,   1,   1,  19,    0,    0 },   // 0x20 ' '
  {     1,  11,  60,  27,    8,  -58 },   // 0x21 '!'
  {    84,  25,  28,  32,    6,  -64 },   // 0x22 '"'
  {   172,  43,  55,  51,    4,  -53 },   // 0x23 '#'
  {   468,  36,  70,  48,    6,  -59 },   // 0x24 '$'
  {   783,  56,  57,  64,    4,  -55 },   // 0x25 '%'
  {  1182,  51,  56,  56,    3,  -54 },   // 0x26 '&'
  {  1539,   9,  28,  17,    5,  -64 },   // 0x27 '''
  {  1571,  23,  72,  30,    4,  -58 },   // 0x28 '('
  {  1778,  23,  72,  30,    3,  -58 },   // 0x29 ')'
  {  1985,  31,  32,  37,    3,  -59 },   // 0x2A '*'
  {  2109,  37,  38,  51,    7,  -40 },   // 0x2B '+'
  {  2285,  11,  24,  21,    5,   -9 },   // 0x2C ','
  {  2318,  21,   5,  29,    4,  -23 },   // 0x2D '-'
  {  2332,  11,  10,  21,    5,   -8 },   // 0x2E '.'
  {  2346,  23,  79,  37,    7,  -61 },   // 0x2F '/'
  {  2574,  37,  47,  47,    5,  -45 },   // 0x30 '0'
  {  2792,  25,  46,  34,    5,  -45 },   // 0x31 '1'
  {  2936,  36,  46,  44,    4,  -45 },   // 0x32 '2'
  {  3143,  37,  61,  43,    3,  -45 },   // 0x33 '3'
  {  3426,  40,  59,  44,    2,  -45 },   // 0x34 '4'
  {  3721,  36,  61,  41,    2,  -45 },   // 0x35 '5'
  {  3996,  37,  60,  45,    4,  -58 },   // 0x36 '6'
  {  4274,  35,  59,  39,    3,  -45 },   // 0x37 '7'
  {  4533,  36,  57,  46,    5,  -55 },   // 0x38 '8'
  {  4790,  37,  60,  45,    4,  -45 },   // 0x39 '9'
  {  5068,  11,  39,  25,    8,  -37 },   // 0x3A ':'
  {  5122,  11,  51,  24,    6,  -37 },   // 0x3B ';'
  {  5193,  35,  41,  50,    6,  -41 },   // 0x3C '<'
  {  5373,  36,  25,  50,    7,  -33 },   // 0x3D '='
  {  5486,  35,  41,  50,    8,  -41 },   // 0x3E '>'
  {  5666,  33,  59,  38,    2,  -57 },   // 0x3F '?'
  {  5910,  62,  66,  72,    5,  -52 },   // 0x40 '@'
  {  6422,  55,  56,  53,   -1,  -55 },   // 0x41 'A'
  {  6807,  46,  54,  51,    2,  -53 },   // 0x42 'B'
  {  7118,  44,  57,  50,    2,  -55 },   // 0x43 'C'
  {  7432,  52,  54,  59,    4,  -53 },   // 0x44 'D'
  {  7783,  44,  54,  51,    4,  -53 },   // 0x45 'E'
  {  8080,  42,  54,  47,    3,  -53 },   // 0x46 'F'
  {  8364,  52,  57,  57,    3,  -55 },   // 0x47 'G'
  {  8735,  57,  55,  64,    4,  -53 },   // 0x48 'H'
  {  9127,  22,  55,  30,    4,  -54 },   // 0x49 'I'
  {  9279,  36,  56,  41,    2,  -54 },   // 0x4A 'J'
  {  9531,  51,  54,  55,    4,  -53 },   // 0x4B 'K'
  {  9876,  42,  54,  47,    4,  -53 },   // 0x4C 'L'
  { 10160,  66,  55,  72,    3,  -53 },   // 0x4D 'M'
  { 10614,  56,  56,  60,    2,  -54 },   // 0x4E 'N'
  { 11006,  51,  57,  59,    4,  -55 },   // 0x4F 'O'
  { 11370,  42,  55,  48,    3,  -53 },   // 0x50 'P'
  { 11659,  51,  72,  59,    4,  -54 },   // 0x51 'Q'
  { 12118,  51,  54,  55,    4,  -53 },   // 0x52 'R'
  { 12463,  37,  57,  44,    4,  -55 },   // 0x53 'S'
  { 12727,  46,  54,  48,    1,  -53 },   // 0x54 'T'
  { 13038,  55,  55,  60,    3,  -53 },   // 0x55 'U'
  { 13417,  56,  55,  53,   -1,  -53 },   // 0x56 'V'
  { 13802,  78,  55,  77,    0,  -53 },   // 0x57 'W'
  { 14339,  52,  54,  56,    1,  -53 },   // 0x58 'X'
  { 14690,  51,  55,  47,   -2,  -54 },   // 0x59 'Y'
  { 15041,  42,  54,  47,    2,  -53 },   // 0x5A 'Z'
  { 15325,  17,  71,  29,    6,  -57 },   // 0x5B '['
  { 15476,  23,  79,  37,    2,  -57 },   // 0x5C '\'
  { 15704,  17,  71,  29,    5,  -57 },   // 0x5D ']'
  { 15855,  41,  44,  50,    5,  -55 },   // 0x5E '^'
  { 16081,  52,   3,  50,   -1,    9 },   // 0x5F '_'
  { 16101,  18,  18,  39,   13,  -59 },   // 0x60 '`'
  { 16142,  35,  40,  40,    4,  -38 },   // 0x61 'a'
  { 16317,  41,  61,  44,   -1,  -59 },   // 0x62 'b'
  { 16630,  31,  40,  36,    3,  -38 },   // 0x63 'c'
  { 16785,  41,  61,  46,    4,  -59 },   // 0x64 'd'
  { 17098,  32,  40,  38,    3,  -38 },   // 0x65 'e'
  { 17258,  27,  61,  25,    2,  -60 },   // 0x66 'f'
  { 17464,  38,  58,  40,    2,  -39 },   // 0x67 'g'
  { 17740,  44,  60,  46,    1,  -59 },   // 0x68 'h'
  { 18070,  20,  55,  23,    2,  -54 },   // 0x69 'i'
  { 18208,  18,  73,  23,   -2,  -55 },   // 0x6A 'j'
  { 18373,  41,  60,  43,    1,  -59 },   // 0x6B 'k'
  { 18681,  21,  60,  23,    0,  -59 },   // 0x6C 'l'
  { 18839,  66,  39,  69,    2,  -38 },   // 0x6D 'm'
  { 19161,  44,  39,  47,    2,  -38 },   // 0x6E 'n'
  { 19376,  36,  40,  42,    3,  -38 },   // 0x6F 'o'
  { 19556,  41,  55,  46,    1,  -38 },   // 0x70 'p'
  { 19838,  40,  56,  44,    4,  -38 },   // 0x71 'q'
  { 20118,  29,  39,  32,    2,  -38 },   // 0x72 'r'
  { 20260,  29,  40,  34,    2,  -38 },   // 0x73 's'
  { 20405,  26,  51,  27,    1,  -49 },   // 0x74 't'
  { 20571,  41,  39,  45,    2,  -37 },   // 0x75 'u'
  { 20771,  41,  39,  39,   -1,  -38 },   // 0x76 'v'
  { 20971,  60,  39,  58,   -2,  -38 },   // 0x77 'w'
  { 21264,  38,  38,  40,    1,  -37 },   // 0x78 'x'
  { 21445,  40,  56,  38,   -1,  -38 },   // 0x79 'y'
  { 21725,  31,  38,  35,    1,  -37 },   // 0x7A 'z'
  { 21873,  29,  72,  34,    3,  -58 },   // 0x7B '{'
  { 22134,   6,  73,  30,   12,  -58 },   // 0x7C '|'
  { 22189,  29,  72,  33,    2,  -58 },   // 0x7D '}'
  { 22450,  36,  10,  50,    7,  -25 } }; // 0x7E '~'

const GFXfont Gelasio40pt7b PROGMEM = {
  (uint8_t  *)Gelasio40pt7bBitmaps,
  (GFXglyph *)Gelasio40pt7bGlyphs,
  0x20, 0x7E, 99 };

// Approx. 23167 bytes
