// Gelasio 34 pt, ASCII 0x20..0x7E, for the speed reader (src/rsvp.cpp).
// Generated with Adafruit fontconvert from Gelasio (SorkinType, github.com/SorkinType/Gelasio),
// SIL Open Font License 1.1, see fonts/Gelasio-OFL.txt. Metric compatible with Georgia.
#pragma once

#include <Adafruit_GFX.h>

const uint8_t Gelasio34pt7bBitmaps[] PROGMEM = {
  0x00, 0x00, 0x1F, 0x1F, 0xDF, 0xFF, 0xFF, 0xFF, 0xFF, 0xFF, 0xFF, 0xFF,
  0xBF, 0xCF, 0xE7, 0xF3, 0xF9, 0xFC, 0xFE, 0x7E, 0x3F, 0x1F, 0x87, 0xC3,
  0xE1, 0xF0, 0xF8, 0x7C, 0x3E, 0x1E, 0x0F, 0x07, 0x83, 0xC0, 0xE0, 0x70,
  0x38, 0x1C, 0x0E, 0x07, 0x03, 0x81, 0xC0, 0x00, 0x00, 0x00, 0x00, 0x00,
  0x0F, 0x8F, 0xEF, 0xFF, 0xFF, 0xFF, 0xFF, 0xFF, 0x3F, 0x8F, 0x00, 0x1C,
  0x00, 0xF3, 0xF0, 0x0F, 0xDF, 0x80, 0xFF, 0xFE, 0x07, 0xFF, 0xE0, 0x3F,
  0xFF, 0x01, 0xFF, 0xF8, 0x1F, 0xDF, 0xC0, 0xFE, 0xFC, 0x07, 0xF7, 0xE0,
  0x3F, 0xBF, 0x01, 0xF9, 0xF0, 0x0F, 0xCF, 0x80, 0x7E, 0x7C, 0x03, 0xE3,
  0xC0, 0x1F, 0x1E, 0x00, 0xF8, 0xF0, 0x07, 0x87, 0x80, 0x3C, 0x38, 0x01,
  0xE1, 0xC0, 0x0E, 0x0E, 0x00, 0x70, 0x60, 0x03, 0x83, 0x00, 0x18, 0x00,
  0x00, 0x07, 0x80, 0x1F, 0x00, 0x00, 0xF8, 0x01, 0xF0, 0x00, 0x0F, 0x80,
  0x1E, 0x00, 0x00, 0xF8, 0x03, 0xE0, 0x00, 0x0F, 0x80, 0x3E, 0x00, 0x00,
  0xF0, 0x03, 0xE0, 0x00, 0x1F, 0x00, 0x3E, 0x00, 0x01, 0xF0, 0x03, 0xC0,
  0x00, 0x1F, 0x00, 0x7C, 0x00, 0x01, 0xF0, 0x07, 0xC0, 0x00, 0x1F, 0x00,
  0x7C, 0x00, 0x03, 0xE0, 0x07, 0xC0, 0x00, 0x3E, 0x00, 0x7C, 0x07, 0xFF,
  0xFF, 0xFF, 0xFF, 0x7F, 0xFF, 0xFF, 0xFF, 0xF7, 0xFF, 0xFF, 0xFF, 0xFF,
  0x7F, 0xFF, 0xFF, 0xFF, 0xF0, 0x07, 0xC0, 0x0F, 0x80, 0x00, 0x7C, 0x01,
  0xF0, 0x00, 0x07, 0xC0, 0x1F, 0x00, 0x00, 0x7C, 0x01, 0xF0, 0x00, 0x0F,
  0x80, 0x1F, 0x00, 0x00, 0xF8, 0x01, 0xF0, 0x00, 0x0F, 0x80, 0x1E, 0x00,
  0x00, 0xF8, 0x03, 0xE0, 0x00, 0x0F, 0x80, 0x3E, 0x00, 0x00, 0xF0, 0x03,
  0xE0, 0x00, 0x1F, 0x00, 0x3E, 0x00, 0x01, 0xF0, 0x03, 0xC0, 0x0F, 0xFF,
  0xFF, 0xFF, 0xFC, 0xFF, 0xFF, 0xFF, 0xFF, 0xCF, 0xFF, 0xFF, 0xFF, 0xFC,
  0xFF, 0xFF, 0xFF, 0xFF, 0xC0, 0x3E, 0x00, 0x78, 0x00, 0x03, 0xE0, 0x0F,
  0x80, 0x00, 0x3E, 0x00, 0xF8, 0x00, 0x03, 0xC0, 0x0F, 0x80, 0x00, 0x7C,
  0x00, 0xF8, 0x00, 0x07, 0xC0, 0x0F, 0x00, 0x00, 0x7C, 0x01, 0xF0, 0x00,
  0x07, 0xC0, 0x1F, 0x00, 0x00, 0x78, 0x01, 0xF0, 0x00, 0x0F, 0x80, 0x1F,
  0x00, 0x00, 0xF8, 0x01, 0xF0, 0x00, 0x0F, 0x80, 0x3E, 0x00, 0x00, 0xF8,
  0x03, 0xE0, 0x00, 0x00, 0x01, 0xC0, 0x00, 0x00, 0x03, 0x80, 0x00, 0x00,
  0x07, 0x00, 0x00, 0x00, 0x0E, 0x00, 0x00, 0x00, 0x1C, 0x00, 0x00, 0x00,
  0x38, 0x00, 0x00, 0x07, 0xFC, 0x00, 0x00, 0x7F, 0xFE, 0x38, 0x01, 0xFF,
  0xFF, 0xF0, 0x0F, 0xF0, 0x1F, 0xE0, 0x3F, 0x80, 0x0F, 0xC0, 0x7E, 0x00,
  0x0F, 0x81, 0xFC, 0x00, 0x0F, 0x03, 0xF0, 0x00, 0x0F, 0x0F, 0xE0, 0x00,
  0x1E, 0x1F, 0xC0, 0x00, 0x1C, 0x3F, 0x80, 0x00, 0x38, 0x7F, 0x00, 0x00,
  0x70, 0xFF, 0x00, 0x00, 0xE1, 0xFE, 0x00, 0x00, 0x03, 0xFE, 0x00, 0x00,
  0x03, 0xFE, 0x00, 0x00, 0x07, 0xFF, 0x00, 0x00, 0x07, 0xFF, 0x00, 0x00,
  0x07, 0xFF, 0x80, 0x00, 0x07, 0xFF, 0xC0, 0x00, 0x07, 0xFF, 0xE0, 0x00,
  0x07, 0xFF, 0xF0, 0x00, 0x03, 0xFF, 0xF0, 0x00, 0x03, 0xFF, 0xF8, 0x00,
  0x01, 0xFF, 0xF8, 0x00, 0x00, 0xFF, 0xF8, 0x00, 0x00, 0x7F, 0xF9, 0x80,
  0x00, 0x3F, 0xF3, 0x80, 0x00, 0x3F, 0xF7, 0x00, 0x00, 0x1F, 0xEE, 0x00,
  0x00, 0x1F, 0xFE, 0x00, 0x00, 0x3F, 0xFC, 0x00, 0x00, 0x3F, 0xFC, 0x00,
  0x00, 0x7F, 0xF8, 0x00, 0x00, 0xFE, 0xF8, 0x00, 0x01, 0xFD, 0xF0, 0x00,
  0x03, 0xFB, 0xF0, 0x00, 0x0F, 0xE7, 0xF0, 0x00, 0x1F, 0xCF, 0xF0, 0x00,
  0x7F, 0x1F, 0xF8, 0x01, 0xFE, 0x39, 0xFC, 0x0F, 0xF8, 0x61, 0xFF, 0xFF,
  0xC0, 0x00, 0x7F, 0xFF, 0x00, 0x00, 0x3F, 0xF0, 0x00, 0x00, 0x0E, 0x00,
  0x00, 0x00, 0x1C, 0x00, 0x00, 0x00, 0x38, 0x00, 0x00, 0x00, 0x70, 0x00,
  0x00, 0x00, 0xE0, 0x00, 0x00, 0x01, 0xC0, 0x00, 0x00, 0x03, 0x80, 0x00,
  0x01, 0xFE, 0x00, 0x00, 0x00, 0x00, 0x07, 0xFF, 0x80, 0x00, 0x3E, 0x00,
  0x0F, 0xFF, 0xC0, 0x00, 0x7C, 0x00, 0x1F, 0x07, 0xE0, 0x00, 0x7C, 0x00,
  0x3E, 0x03, 0xF0, 0x00, 0xF8, 0x00, 0x7C, 0x01, 0xF8, 0x00, 0xF0, 0x00,
  0x7C, 0x01, 0xF8, 0x01, 0xF0, 0x00, 0x78, 0x00, 0xF8, 0x01, 0xE0, 0x00,
  0xF8, 0x00, 0xFC, 0x03, 0xE0, 0x00, 0xF8, 0x00, 0xFC, 0x07, 0xC0, 0x00,
  0xF8, 0x00, 0xFC, 0x07, 0xC0, 0x00, 0xF8, 0x00, 0xFC, 0x0F, 0x80, 0x00,
  0xF8, 0x00, 0xFC, 0x0F, 0x00, 0x00, 0xF8, 0x00, 0xFC, 0x1F, 0x00, 0x00,
  0xF8, 0x00, 0xFC, 0x1E, 0x00, 0x00, 0xF8, 0x00, 0xFC, 0x3E, 0x00, 0x00,
  0x78, 0x00, 0xF8, 0x7C, 0x00, 0x00, 0x7C, 0x01, 0xF8, 0x7C, 0x00, 0x00,
  0x7C, 0x01, 0xF8, 0xF8, 0x00, 0x00, 0x3E, 0x03, 0xF0, 0xF0, 0x00, 0x00,
  0x1F, 0x07, 0xE1, 0xF0, 0x00, 0x00, 0x0F, 0xFF, 0xC1, 0xE0, 0x00, 0x00,
  0x07, 0xFF, 0x83, 0xE0, 0x00, 0x00, 0x01, 0xFC, 0x07, 0xC0, 0x00, 0x00,
  0x00, 0x00, 0x07, 0xC0, 0x7F, 0x80, 0x00, 0x00, 0x0F, 0x81, 0xFF, 0xE0,
  0x00, 0x00, 0x0F, 0x03, 0xFF, 0xF0, 0x00, 0x00, 0x1F, 0x07, 0xC1, 0xF8,
  0x00, 0x00, 0x1E, 0x0F, 0x80, 0xFC, 0x00, 0x00, 0x3E, 0x1F, 0x00, 0x7E,
  0x00, 0x00, 0x7C, 0x1F, 0x00, 0x7E, 0x00, 0x00, 0x7C, 0x1E, 0x00, 0x3E,
  0x00, 0x00, 0xF8, 0x3E, 0x00, 0x3F, 0x00, 0x00, 0xF0, 0x3E, 0x00, 0x3F,
  0x00, 0x01, 0xF0, 0x3E, 0x00, 0x3F, 0x00, 0x01, 0xE0, 0x3E, 0x00, 0x3F,
  0x00, 0x03, 0xE0, 0x3E, 0x00, 0x3F, 0x00, 0x07, 0xC0, 0x3E, 0x00, 0x3F,
  0x00, 0x07, 0xC0, 0x3E, 0x00, 0x3F, 0x00, 0x0F, 0x80, 0x3E, 0x00, 0x3F,
  0x00, 0x0F, 0x00, 0x1E, 0x00, 0x3E, 0x00, 0x1F, 0x00, 0x1F, 0x00, 0x7E,
  0x00, 0x3E, 0x00, 0x1F, 0x00, 0x7E, 0x00, 0x3E, 0x00, 0x0F, 0x80, 0xFC,
  0x00, 0x7C, 0x00, 0x07, 0xC1, 0xF8, 0x00, 0x78, 0x00, 0x03, 0xFF, 0xF0,
  0x00, 0xF8, 0x00, 0x01, 0xFF, 0xE0, 0x00, 0x00, 0x00, 0x00, 0x7F, 0x00,
  0x00, 0x07, 0xF8, 0x00, 0x00, 0x00, 0x07, 0xFF, 0xC0, 0x00, 0x00, 0x01,
  0xF0, 0x7E, 0x00, 0x00, 0x00, 0x7C, 0x07, 0xC0, 0x00, 0x00, 0x1F, 0x00,
  0x7C, 0x00, 0x00, 0x07, 0xE0, 0x0F, 0xC0, 0x00, 0x00, 0xF8, 0x00, 0xF8,
  0x00, 0x00, 0x1F, 0x00, 0x1F, 0x00, 0x00, 0x07, 0xE0, 0x03, 0xE0, 0x00,
  0x00, 0xFC, 0x00, 0x7C, 0x00, 0x00, 0x1F, 0x80, 0x0F, 0x80, 0x00, 0x03,
  0xF0, 0x01, 0xF0, 0x00, 0x00, 0x7F, 0x00, 0x3C, 0x00, 0x00, 0x0F, 0xE0,
  0x0F, 0x80, 0x00, 0x01, 0xFC, 0x01, 0xF0, 0x00, 0x00, 0x1F, 0xC0, 0x7C,
  0x00, 0x00, 0x03, 0xF8, 0x1F, 0x00, 0x00, 0x00, 0x3F, 0x87, 0xC0, 0x00,
  0x00, 0x07, 0xFB, 0xF0, 0x3F, 0xFF, 0x80, 0x7F, 0xFC, 0x07, 0xFF, 0xF0,
  0x07, 0xFE, 0x00, 0x7F, 0xFE, 0x00, 0xFF, 0x80, 0x01, 0xFC, 0x00, 0x0F,
  0xF0, 0x00, 0x1F, 0x00, 0x03, 0xFF, 0x00, 0x03, 0xC0, 0x01, 0xFF, 0xE0,
  0x00, 0xF0, 0x00, 0xFC, 0xFE, 0x00, 0x1E, 0x00, 0x3F, 0x0F, 0xE0, 0x03,
  0x80, 0x0F, 0xC1, 0xFE, 0x00, 0xF0, 0x03, 0xF0, 0x1F, 0xE0, 0x1C, 0x00,
  0x7E, 0x01, 0xFE, 0x03, 0x80, 0x1F, 0xC0, 0x1F, 0xE0, 0xF0, 0x03, 0xF0,
  0x01, 0xFE, 0x1C, 0x00, 0xFE, 0x00, 0x1F, 0xC3, 0x80, 0x1F, 0xC0, 0x01,
  0xFC, 0xE0, 0x03, 0xF8, 0x00, 0x3F, 0xDC, 0x00, 0x7F, 0x00, 0x03, 0xFF,
  0x00, 0x0F, 0xE0, 0x00, 0x3F, 0xE0, 0x01, 0xFC, 0x00, 0x03, 0xFC, 0x00,
  0x3F, 0x80, 0x00, 0x3F, 0xC0, 0x03, 0xF8, 0x00, 0x03, 0xFC, 0x00, 0x7F,
  0x00, 0x00, 0x7F, 0xC0, 0x07, 0xF0, 0x00, 0x1F, 0xFC, 0x00, 0xFE, 0x00,
  0x07, 0xFF, 0xC0, 0x0F, 0xE0, 0x03, 0xE7, 0xFC, 0x00, 0xFF, 0x01, 0xF8,
  0x7F, 0xF0, 0x0F, 0xFF, 0xFE, 0x07, 0xFF, 0x80, 0x7F, 0xFF, 0x00, 0x7F,
  0xF0, 0x01, 0xFF, 0x00, 0x00, 0x00, 0x1C, 0x7E, 0x7E, 0xFF, 0xFE, 0xFE,
  0xFE, 0xFE, 0xFC, 0xFC, 0xFC, 0xF8, 0xF8, 0xF8, 0xF0, 0xF0, 0xF0, 0xF0,
  0xE0, 0xE0, 0xE0, 0xC0, 0xC0, 0x00, 0x00, 0xE0, 0x00, 0xFC, 0x00, 0x7F,
  0x80, 0x1F, 0xC0, 0x07, 0xE0, 0x01, 0xF8, 0x00, 0x7E, 0x00, 0x1F, 0x80,
  0x07, 0xE0, 0x00, 0xFC, 0x00, 0x3F, 0x00, 0x07, 0xE0, 0x01, 0xF8, 0x00,
  0x3F, 0x00, 0x0F, 0xE0, 0x01, 0xF8, 0x00, 0x3F, 0x00, 0x0F, 0xE0, 0x01,
  0xFC, 0x00, 0x3F, 0x80, 0x07, 0xF0, 0x00, 0xFC, 0x00, 0x3F, 0x80, 0x07,
  0xF0, 0x00, 0xFE, 0x00, 0x1F, 0xC0, 0x03, 0xF8, 0x00, 0x7F, 0x00, 0x0F,
  0xE0, 0x01, 0xFC, 0x00, 0x3F, 0x80, 0x07, 0xF0, 0x00, 0xFE, 0x00, 0x1F,
  0xC0, 0x03, 0xF8, 0x00, 0x7F, 0x00, 0x0F, 0xE0, 0x01, 0xFC, 0x00, 0x3F,
  0x80, 0x03, 0xF0, 0x00, 0x7F, 0x00, 0x0F, 0xE0, 0x01, 0xFC, 0x00, 0x3F,
  0x80, 0x03, 0xF0, 0x00, 0x7E, 0x00, 0x0F, 0xE0, 0x00, 0xFC, 0x00, 0x1F,
  0x80, 0x01, 0xF8, 0x00, 0x3F, 0x00, 0x03, 0xF0, 0x00, 0x7E, 0x00, 0x07,
  0xE0, 0x00, 0x7E, 0x00, 0x07, 0xC0, 0x00, 0x7E, 0x00, 0x07, 0xF0, 0x00,
  0x7F, 0x80, 0x03, 0xF0, 0x00, 0x0E, 0xF0, 0x00, 0x0F, 0xE0, 0x00, 0xFF,
  0x00, 0x01, 0xFC, 0x00, 0x07, 0xE0, 0x00, 0x3F, 0x00, 0x01, 0xF8, 0x00,
  0x0F, 0xC0, 0x00, 0x7C, 0x00, 0x07, 0xE0, 0x00, 0x3F, 0x00, 0x03, 0xF0,
  0x00, 0x1F, 0x80, 0x01, 0xF8, 0x00, 0x1F, 0x80, 0x01, 0xFC, 0x00, 0x0F,
  0xC0, 0x00, 0xFC, 0x00, 0x0F, 0xE0, 0x00, 0xFE, 0x00, 0x0F, 0xE0, 0x00,
  0x7E, 0x00, 0x07, 0xE0, 0x00, 0x7F, 0x00, 0x07, 0xF0, 0x00, 0x7F, 0x00,
  0x07, 0xF0, 0x00, 0x7F, 0x00, 0x07, 0xF0, 0x00, 0x7F, 0x00, 0x07, 0xF0,
  0x00, 0x7F, 0x00, 0x07, 0xF0, 0x00, 0x7F, 0x00, 0x07, 0xF0, 0x00, 0x7F,
  0x00, 0x07, 0xF0, 0x00, 0x7F, 0x00, 0x07, 0xE0, 0x00, 0x7E, 0x00, 0x0F,
  0xE0, 0x00, 0xFE, 0x00, 0x0F, 0xE0, 0x00, 0xFC, 0x00, 0x0F, 0xC0, 0x01,
  0xFC, 0x00, 0x1F, 0x80, 0x01, 0xF8, 0x00, 0x1F, 0x80, 0x03, 0xF0, 0x00,
  0x3F, 0x00, 0x07, 0xE0, 0x00, 0x7C, 0x00, 0x0F, 0xC0, 0x01, 0xF8, 0x00,
  0x3F, 0x00, 0x07, 0xE0, 0x01, 0xFC, 0x00, 0xFF, 0x00, 0x0F, 0xE0, 0x00,
  0xF0, 0x00, 0x00, 0x00, 0x0E, 0x00, 0x00, 0x03, 0xE0, 0x00, 0x00, 0xFE,
  0x00, 0x00, 0x1F, 0xC0, 0x00, 0x03, 0xF8, 0x00, 0x00, 0x7F, 0x00, 0x00,
  0x0F, 0xE0, 0x00, 0x00, 0xF8, 0x00, 0x00, 0x1F, 0x00, 0x0F, 0x03, 0xC0,
  0x7B, 0xF8, 0x38, 0x3F, 0xFF, 0xC7, 0x1F, 0xFF, 0xFE, 0xEF, 0xFE, 0xFF,
  0xFF, 0xFF, 0x8F, 0xFF, 0xFF, 0xE0, 0x00, 0xF8, 0x00, 0x00, 0x3F, 0x80,
  0x00, 0x0F, 0x78, 0x00, 0x03, 0xEF, 0x80, 0x00, 0xF8, 0xF8, 0x00, 0x3F,
  0x1F, 0x80, 0x0F, 0xE3, 0xF8, 0x03, 0xF8, 0x3F, 0x80, 0x7F, 0x07, 0xF0,
  0x0F, 0xE0, 0xFE, 0x01, 0xF8, 0x0F, 0xC0, 0x1E, 0x00, 0xF0, 0x00, 0x00,
  0x07, 0xC0, 0x00, 0x00, 0x07, 0xC0, 0x00, 0x00, 0x07, 0xC0, 0x00, 0x00,
  0x07, 0xC0, 0x00, 0x00, 0x07, 0xC0, 0x00, 0x00, 0x07, 0xC0, 0x00, 0x00,
  0x07, 0xC0, 0x00, 0x00, 0x07, 0xC0, 0x00, 0x00, 0x07, 0xC0, 0x00, 0x00,
  0x07, 0xC0, 0x00, 0x00, 0x07, 0xC0, 0x00, 0x00, 0x07, 0xC0, 0x00, 0x00,
  0x07, 0xC0, 0x00, 0xFF, 0xFF, 0xFF, 0xFF, 0xFF, 0xFF, 0xFF, 0xFF, 0xFF,
  0xFF, 0xFF, 0xFF, 0xFF, 0xFF, 0xFF, 0xFF, 0xFF, 0xFF, 0xFF, 0xFF, 0x00,
  0x07, 0xC0, 0x00, 0x00, 0x07, 0xC0, 0x00, 0x00, 0x07, 0xC0, 0x00, 0x00,
  0x07, 0xC0, 0x00, 0x00, 0x07, 0xC0, 0x00, 0x00, 0x07, 0xC0, 0x00, 0x00,
  0x07, 0xC0, 0x00, 0x00, 0x07, 0xC0, 0x00, 0x00, 0x07, 0xC0, 0x00, 0x00,
  0x07, 0xC0, 0x00, 0x00, 0x07, 0xC0, 0x00, 0x00, 0x07, 0xC0, 0x00, 0x00,
  0x07, 0xC0, 0x00, 0x00, 0x07, 0xC0, 0x00, 0x3C, 0x3F, 0x3F, 0xDF, 0xFF,
  0xFF, 0xFF, 0xFE, 0xFF, 0x1F, 0x87, 0xC3, 0xC1, 0xE1, 0xF0, 0xF0, 0x78,
  0x38, 0x3C, 0x3C, 0x1C, 0x0C, 0x00, 0xFF, 0xFF, 0xFF, 0xFF, 0xFF, 0xFF,
  0xFF, 0xFF, 0xFF, 0x3E, 0x3F, 0xBF, 0xFF, 0xFF, 0xFF, 0xFF, 0xFC, 0xFE,
  0x3C, 0x00, 0x00, 0x01, 0xF0, 0x00, 0x1E, 0x00, 0x01, 0xE0, 0x00, 0x3E,
  0x00, 0x03, 0xE0, 0x00, 0x3C, 0x00, 0x03, 0xC0, 0x00, 0x7C, 0x00, 0x07,
  0xC0, 0x00, 0x78, 0x00, 0x07, 0x80, 0x00, 0x78, 0x00, 0x0F, 0x80, 0x00,
  0xF8, 0x00, 0x0F, 0x00, 0x00, 0xF0, 0x00, 0x1F, 0x00, 0x01, 0xF0, 0x00,
  0x1E, 0x00, 0x01, 0xE0, 0x00, 0x3E, 0x00, 0x03, 0xE0, 0x00, 0x3C, 0x00,
  0x03, 0xC0, 0x00, 0x3C, 0x00, 0x07, 0xC0, 0x00, 0x7C, 0x00, 0x07, 0x80,
  0x00, 0x78, 0x00, 0x0F, 0x80, 0x00, 0xF8, 0x00, 0x0F, 0x00, 0x00, 0xF0,
  0x00, 0x1F, 0x00, 0x01, 0xF0, 0x00, 0x1E, 0x00, 0x01, 0xE0, 0x00, 0x3E,
  0x00, 0x03, 0xE0, 0x00, 0x3C, 0x00, 0x03, 0xC0, 0x00, 0x3C, 0x00, 0x07,
  0xC0, 0x00, 0x7C, 0x00, 0x07, 0x80, 0x00, 0x78, 0x00, 0x0F, 0x80, 0x00,
  0xF8, 0x00, 0x0F, 0x00, 0x00, 0xF0, 0x00, 0x1F, 0x00, 0x01, 0xF0, 0x00,
  0x1E, 0x00, 0x01, 0xE0, 0x00, 0x1E, 0x00, 0x03, 0xE0, 0x00, 0x3E, 0x00,
  0x03, 0xC0, 0x00, 0x3C, 0x00, 0x07, 0xC0, 0x00, 0x7C, 0x00, 0x07, 0x80,
  0x00, 0x78, 0x00, 0x0F, 0x80, 0x00, 0xF8, 0x00, 0x0F, 0x00, 0x00, 0xF0,
  0x00, 0x00, 0x00, 0x0F, 0xF8, 0x00, 0x00, 0x7F, 0xFE, 0x00, 0x01, 0xFF,
  0xFF, 0x80, 0x03, 0xF8, 0x1F, 0xC0, 0x07, 0xE0, 0x07, 0xE0, 0x0F, 0xC0,
  0x03, 0xF0, 0x0F, 0x80, 0x01, 0xF8, 0x1F, 0x80, 0x01, 0xF8, 0x3F, 0x00,
  0x00, 0xFC, 0x3F, 0x00, 0x00, 0xFC, 0x3F, 0x00, 0x00, 0xFE, 0x7F, 0x00,
  0x00, 0xFE, 0x7E, 0x00, 0x00, 0xFE, 0x7E, 0x00, 0x00, 0x7E, 0xFE, 0x00,
  0x00, 0x7F, 0xFE, 0x00, 0x00, 0x7F, 0xFE, 0x00, 0x00, 0x7F, 0xFE, 0x00,
  0x00, 0x7F, 0xFE, 0x00, 0x00, 0x7F, 0xFE, 0x00, 0x00, 0x7F, 0xFE, 0x00,
  0x00, 0x7F, 0xFE, 0x00, 0x00, 0x7F, 0xFE, 0x00, 0x00, 0x7F, 0xFE, 0x00,
  0x00, 0x7F, 0xFE, 0x00, 0x00, 0x7F, 0xFE, 0x00, 0x00, 0x7F, 0x7E, 0x00,
  0x00, 0x7E, 0x7E, 0x00, 0x00, 0x7E, 0x7F, 0x00, 0x00, 0xFE, 0x7F, 0x00,
  0x00, 0xFE, 0x3F, 0x00, 0x00, 0xFC, 0x3F, 0x00, 0x00, 0xFC, 0x1F, 0x80,
  0x01, 0xF8, 0x1F, 0x80, 0x01, 0xF8, 0x0F, 0xC0, 0x03, 0xF0, 0x07, 0xE0,
  0x07, 0xE0, 0x03, 0xF8, 0x1F, 0xC0, 0x01, 0xFF, 0xFF, 0x80, 0x00, 0x7F,
  0xFE, 0x00, 0x00, 0x0F, 0xF0, 0x00, 0x00, 0x1C, 0x00, 0x03, 0xE0, 0x00,
  0x7F, 0x00, 0x1F, 0xF8, 0x07, 0xFF, 0xC0, 0x3F, 0xFE, 0x01, 0xE7, 0xF0,
  0x00, 0x3F, 0x80, 0x01, 0xFC, 0x00, 0x0F, 0xE0, 0x00, 0x7F, 0x00, 0x03,
  0xF8, 0x00, 0x1F, 0xC0, 0x00, 0xFE, 0x00, 0x07, 0xF0, 0x00, 0x3F, 0x80,
  0x01, 0xFC, 0x00, 0x0F, 0xE0, 0x00, 0x7F, 0x00, 0x03, 0xF8, 0x00, 0x1F,
  0xC0, 0x00, 0xFE, 0x00, 0x07, 0xF0, 0x00, 0x3F, 0x80, 0x01, 0xFC, 0x00,
  0x0F, 0xE0, 0x00, 0x7F, 0x00, 0x03, 0xF8, 0x00, 0x1F, 0xC0, 0x00, 0xFE,
  0x00, 0x07, 0xF0, 0x00, 0x3F, 0x80, 0x01, 0xFC, 0x00, 0x0F, 0xE0, 0x00,
  0x7F, 0x00, 0x07, 0xFE, 0x03, 0xFF, 0xFF, 0xBF, 0xFF, 0xFD, 0xFF, 0xFF,
  0xE0, 0x00, 0x3F, 0xE0, 0x00, 0x07, 0xFF, 0xF0, 0x00, 0x3F, 0xFF, 0xF0,
  0x03, 0xF0, 0x3F, 0xE0, 0x1F, 0x80, 0x3F, 0xC0, 0xFC, 0x00, 0x7F, 0x83,
  0xF0, 0x00, 0xFE, 0x1F, 0x80, 0x03, 0xF8, 0x7E, 0x00, 0x07, 0xF1, 0xF8,
  0x00, 0x1F, 0xCF, 0xE0, 0x00, 0x7F, 0x1F, 0x80, 0x01, 0xFC, 0x7C, 0x00,
  0x07, 0xF0, 0xF0, 0x00, 0x1F, 0xC0, 0x00, 0x00, 0x7F, 0x00, 0x00, 0x03,
  0xF8, 0x00, 0x00, 0x0F, 0xE0, 0x00, 0x00, 0x3F, 0x00, 0x00, 0x01, 0xFC,
  0x00, 0x00, 0x07, 0xE0, 0x00, 0x00, 0x3F, 0x00, 0x00, 0x01, 0xFC, 0x00,
  0x00, 0x07, 0xE0, 0x00, 0x00, 0x3F, 0x00, 0x00, 0x01, 0xF8, 0x00, 0x00,
  0x0F, 0xC0, 0x00, 0x00, 0x7E, 0x00, 0x00, 0x03, 0xF0, 0x00, 0x00, 0x1F,
  0x80, 0x00, 0x00, 0xFC, 0x00, 0x00, 0x07, 0xC0, 0x00, 0x00, 0x3E, 0x00,
  0x00, 0x01, 0xF0, 0x00, 0x00, 0x1F, 0x80, 0x00, 0x00, 0xFF, 0xFF, 0xFF,
  0xC7, 0xFF, 0xFF, 0xFF, 0x3F, 0xFF, 0xFF, 0xFD, 0xFF, 0xFF, 0xFF, 0xF7,
  0xFF, 0xFF, 0xFF, 0xC0, 0x00, 0x0F, 0xF0, 0x00, 0x00, 0xFF, 0xFC, 0x00,
  0x07, 0xFF, 0xFE, 0x00, 0x3F, 0x81, 0xFE, 0x00, 0xFC, 0x01, 0xFE, 0x03,
  0xF0, 0x01, 0xFC, 0x07, 0xE0, 0x01, 0xFC, 0x1F, 0x80, 0x03, 0xF8, 0x3F,
  0x00, 0x07, 0xF8, 0x7E, 0x00, 0x07, 0xF1, 0xFC, 0x00, 0x0F, 0xE1, 0xF8,
  0x00, 0x1F, 0xC3, 0xF0, 0x00, 0x3F, 0x83, 0xC0, 0x00, 0x7F, 0x00, 0x00,
  0x00, 0xFE, 0x00, 0x00, 0x01, 0xF8, 0x00, 0x00, 0x07, 0xF0, 0x00, 0x00,
  0x0F, 0xC0, 0x00, 0x00, 0x3F, 0x80, 0x00, 0x00, 0x7E, 0x00, 0x00, 0x01,
  0xF8, 0x00, 0x00, 0x0F, 0xE0, 0x00, 0x00, 0x7F, 0x00, 0x00, 0x1F, 0xFC,
  0x00, 0x00, 0x3F, 0xF8, 0x00, 0x00, 0x3F, 0xFE, 0x00, 0x00, 0x03, 0xFF,
  0x00, 0x00, 0x00, 0xFF, 0x00, 0x00, 0x00, 0xFF, 0x00, 0x00, 0x00, 0xFF,
  0x00, 0x00, 0x00, 0xFF, 0x00, 0x00, 0x00, 0xFE, 0x00, 0x00, 0x01, 0xFC,
  0x00, 0x00, 0x03, 0xFC, 0x00, 0x00, 0x03, 0xF8, 0x00, 0x00, 0x07, 0xF1,
  0xC0, 0x00, 0x0F, 0xEF, 0xC0, 0x00, 0x1F, 0xDF, 0x80, 0x00, 0x3F, 0xFF,
  0x00, 0x00, 0x7F, 0xFE, 0x00, 0x00, 0xFF, 0xFC, 0x00, 0x01, 0xFB, 0xF0,
  0x00, 0x07, 0xF7, 0xE0, 0x00, 0x0F, 0xEF, 0xC0, 0x00, 0x3F, 0x8F, 0x80,
  0x00, 0x7E, 0x0F, 0x80, 0x01, 0xFC, 0x1F, 0x80, 0x0F, 0xF0, 0x0F, 0xC0,
  0x7F, 0xC0, 0x0F, 0xFF, 0xFE, 0x00, 0x07, 0xFF, 0xF0, 0x00, 0x01, 0xFF,
  0x00, 0x00, 0x00, 0x00, 0x1C, 0x00, 0x00, 0x00, 0x0F, 0xC0, 0x00, 0x00,
  0x07, 0xF0, 0x00, 0x00, 0x01, 0xFE, 0x00, 0x00, 0x00, 0xFF, 0x00, 0x00,
  0x00, 0x3F, 0x80, 0x00, 0x00, 0x1F, 0xE0, 0x00, 0x00, 0x07, 0xF0, 0x00,
  0x00, 0x03, 0xFC, 0x00, 0x00, 0x00, 0xFE, 0x00, 0x00, 0x00, 0x7F, 0x00,
  0x00, 0x00, 0x1F, 0xC0, 0x00, 0x00, 0x0F, 0xE0, 0x00, 0x00, 0x03, 0xF8,
  0x00, 0x00, 0x01, 0xFC, 0x00, 0x00, 0x00, 0x7E, 0x00, 0x00, 0x00, 0x3F,
  0x80, 0x00, 0x00, 0x0F, 0xC0, 0x00, 0x00, 0x07, 0xF0, 0x00, 0x00, 0x01,
  0xF8, 0x00, 0x00, 0x00, 0xFC, 0x00, 0x00, 0x00, 0x7F, 0x00, 0x00, 0x00,
  0x1F, 0x80, 0x3E, 0x00, 0x0F, 0xE0, 0x0F, 0x80, 0x03, 0xF0, 0x03, 0xE0,
  0x01, 0xF8, 0x00, 0xF8, 0x00, 0x7E, 0x00, 0x3E, 0x00, 0x3F, 0x00, 0x0F,
  0x80, 0x0F, 0x80, 0x03, 0xE0, 0x07, 0xE0, 0x00, 0xF8, 0x01, 0xF0, 0x00,
  0x3E, 0x00, 0xFC, 0x00, 0x0F, 0x80, 0x3E, 0x00, 0x03, 0xE0, 0x1F, 0x00,
  0x00, 0xF8, 0x07, 0xFF, 0xFF, 0xFF, 0xFF, 0xFF, 0xFF, 0xFF, 0xFF, 0xFF,
  0xFF, 0xFF, 0xFF, 0xFF, 0xFF, 0xFF, 0xFF, 0xFF, 0xFF, 0xFF, 0xFF, 0xFC,
  0x00, 0x00, 0x0F, 0x80, 0x00, 0x00, 0x03, 0xE0, 0x00, 0x00, 0x00, 0xF8,
  0x00, 0x00, 0x00, 0x3E, 0x00, 0x00, 0x00, 0x0F, 0x80, 0x00, 0x00, 0x03,
  0xE0, 0x00, 0x00, 0x00, 0xF8, 0x00, 0x00, 0x00, 0x3E, 0x00, 0x00, 0x00,
  0x0F, 0x80, 0x00, 0x00, 0x03, 0xE0, 0x00, 0x00, 0x00, 0xF8, 0x00, 0x0F,
  0xFF, 0xFF, 0xF0, 0x3F, 0xFF, 0xFF, 0xC0, 0xFF, 0xFF, 0xFF, 0x03, 0xFF,
  0xFF, 0xFC, 0x0F, 0xFF, 0xFF, 0xF0, 0x3E, 0x00, 0x00, 0x00, 0xF8, 0x00,
  0x00, 0x03, 0xC0, 0x00, 0x00, 0x0F, 0x00, 0x00, 0x00, 0x7C, 0x00, 0x00,
  0x01, 0xF0, 0x00, 0x00, 0x07, 0xC0, 0x00, 0x00, 0x1F, 0x00, 0x00, 0x00,
  0x7C, 0x00, 0x00, 0x01, 0xF0, 0x00, 0x00, 0x07, 0xC0, 0x00, 0x00, 0x1F,
  0x00, 0x00, 0x00, 0x7C, 0x00, 0x00, 0x01, 0xE0, 0xFF, 0x00, 0x07, 0x9F,
  0xFF, 0x80, 0x1F, 0xFF, 0xFF, 0x80, 0x7F, 0x81, 0xFF, 0x01, 0xF0, 0x01,
  0xFE, 0x07, 0x80, 0x03, 0xFC, 0x1C, 0x00, 0x07, 0xF0, 0x00, 0x00, 0x0F,
  0xE0, 0x00, 0x00, 0x3F, 0x80, 0x00, 0x00, 0xFE, 0x00, 0x00, 0x01, 0xFC,
  0x00, 0x00, 0x07, 0xF0, 0x00, 0x00, 0x1F, 0xC0, 0x00, 0x00, 0x7F, 0x00,
  0x00, 0x01, 0xFC, 0x00, 0x00, 0x07, 0xF0, 0x00, 0x00, 0x1F, 0xC0, 0x00,
  0x00, 0x7F, 0x1C, 0x00, 0x01, 0xFC, 0xFC, 0x00, 0x07, 0xE7, 0xF0, 0x00,
  0x3F, 0xBF, 0xC0, 0x00, 0xFE, 0xFF, 0x00, 0x03, 0xFB, 0xF8, 0x00, 0x0F,
  0xCF, 0xE0, 0x00, 0x7F, 0x3F, 0x80, 0x01, 0xF8, 0x7E, 0x00, 0x0F, 0xC1,
  0xF8, 0x00, 0x7F, 0x03, 0xF0, 0x03, 0xF8, 0x07, 0xF0, 0x1F, 0x80, 0x0F,
  0xFF, 0xFC, 0x00, 0x0F, 0xFF, 0xC0, 0x00, 0x07, 0xF8, 0x00, 0x00, 0x00,
  0x00, 0x01, 0xE0, 0x00, 0x00, 0x1F, 0xC0, 0x00, 0x01, 0xFF, 0x80, 0x00,
  0x0F, 0xF8, 0x00, 0x00, 0x3F, 0x80, 0x00, 0x01, 0xFC, 0x00, 0x00, 0x07,
  0xF0, 0x00, 0x00, 0x1F, 0xC0, 0x00, 0x00, 0x7F, 0x00, 0x00, 0x01, 0xF8,
  0x00, 0x00, 0x07, 0xF0, 0x00, 0x00, 0x0F, 0xC0, 0x00, 0x00, 0x3F, 0x00,
  0x00, 0x00, 0xFE, 0x00, 0x00, 0x01, 0xF8, 0x00, 0x00, 0x07, 0xF0, 0x00,
  0x00, 0x0F, 0xC0, 0x00, 0x00, 0x3F, 0x80, 0x00, 0x00, 0x7E, 0x00, 0x00,
  0x01, 0xFC, 0x1F, 0xE0, 0x03, 0xF9, 0xFF, 0xF0, 0x07, 0xE7, 0xFF, 0xF8,
  0x1F, 0xDF, 0xFF, 0xF8, 0x3F, 0xFC, 0x0F, 0xF8, 0x7F, 0xE0, 0x07, 0xF8,
  0xFF, 0x00, 0x07, 0xF3, 0xFC, 0x00, 0x0F, 0xF7, 0xF0, 0x00, 0x0F, 0xEF,
  0xE0, 0x00, 0x1F, 0xDF, 0xC0, 0x00, 0x1F, 0xFF, 0x80, 0x00, 0x3F, 0xFF,
  0x00, 0x00, 0x7F, 0xFE, 0x00, 0x00, 0xFF, 0xFC, 0x00, 0x01, 0xFF, 0xF8,
  0x00, 0x03, 0xFF, 0xF0, 0x00, 0x07, 0xFF, 0xE0, 0x00, 0x0F, 0xEF, 0xC0,
  0x00, 0x1F, 0xDF, 0x80, 0x00, 0x3F, 0x3F, 0x00, 0x00, 0x7E, 0x3F, 0x00,
  0x01, 0xFC, 0x7E, 0x00, 0x03, 0xF0, 0x7C, 0x00, 0x07, 0xE0, 0xFC, 0x00,
  0x1F, 0x80, 0xFC, 0x00, 0x3F, 0x00, 0xFC, 0x00, 0xFC, 0x00, 0xFC, 0x07,
  0xF0, 0x00, 0xFF, 0xFF, 0xC0, 0x00, 0x7F, 0xFE, 0x00, 0x00, 0x1F, 0xE0,
  0x00, 0x7F, 0xFF, 0xFF, 0xF9, 0xFF, 0xFF, 0xFF, 0xF7, 0xFF, 0xFF, 0xFF,
  0xDF, 0xFF, 0xFF, 0xFF, 0x7F, 0xFF, 0xFF, 0xF9, 0xF8, 0x00, 0x01, 0xE7,
  0xC0, 0x00, 0x0F, 0x9E, 0x00, 0x00, 0x3C, 0x78, 0x00, 0x00, 0xF3, 0xC0,
  0x00, 0x07, 0xCF, 0x00, 0x00, 0x1E, 0x38, 0x00, 0x00, 0xF8, 0xE0, 0x00,
  0x03, 0xC3, 0x80, 0x00, 0x1F, 0x00, 0x00, 0x00, 0x7C, 0x00, 0x00, 0x03,
  0xE0, 0x00, 0x00, 0x0F, 0x80, 0x00, 0x00, 0x3E, 0x00, 0x00, 0x01, 0xF0,
  0x00, 0x00, 0x07, 0xC0, 0x00, 0x00, 0x3E, 0x00, 0x00, 0x00, 0xF8, 0x00,
  0x00, 0x07, 0xE0, 0x00, 0x00, 0x1F, 0x00, 0x00, 0x00, 0xFC, 0x00, 0x00,
  0x03, 0xF0, 0x00, 0x00, 0x0F, 0x80, 0x00, 0x00, 0x7E, 0x00, 0x00, 0x01,
  0xF0, 0x00, 0x00, 0x0F, 0xC0, 0x00, 0x00, 0x3F, 0x00, 0x00, 0x01, 0xF8,
  0x00, 0x00, 0x07, 0xE0, 0x00, 0x00, 0x3F, 0x80, 0x00, 0x00, 0xFC, 0x00,
  0x00, 0x03, 0xF0, 0x00, 0x00, 0x1F, 0x80, 0x00, 0x00, 0x7E, 0x00, 0x00,
  0x03, 0xF8, 0x00, 0x00, 0x0F, 0xC0, 0x00, 0x00, 0x7F, 0x00, 0x00, 0x01,
  0xFC, 0x00, 0x00, 0x0F, 0xE0, 0x00, 0x00, 0x3F, 0x80, 0x00, 0x00, 0xFC,
  0x00, 0x00, 0x07, 0xF0, 0x00, 0x00, 0x1F, 0xC0, 0x00, 0x00, 0xFE, 0x00,
  0x00, 0x03, 0xF8, 0x00, 0x00, 0x1F, 0xE0, 0x00, 0x00, 0x00, 0x1F, 0xF8,
  0x00, 0x00, 0xFF, 0xFC, 0x00, 0x07, 0xFF, 0xFE, 0x00, 0x1F, 0xC0, 0xFE,
  0x00, 0x7E, 0x00, 0xFE, 0x01, 0xFC, 0x00, 0xFC, 0x07, 0xF0, 0x00, 0xFC,
  0x0F, 0xC0, 0x01, 0xF8, 0x3F, 0x80, 0x01, 0xF8, 0x7F, 0x00, 0x03, 0xF0,
  0xFE, 0x00, 0x07, 0xE1, 0xFC, 0x00, 0x0F, 0xC3, 0xF8, 0x00, 0x1F, 0x87,
  0xF0, 0x00, 0x3F, 0x0F, 0xF0, 0x00, 0x7E, 0x0F, 0xF0, 0x00, 0xF8, 0x1F,
  0xF0, 0x03, 0xF0, 0x1F, 0xF0, 0x07, 0xC0, 0x3F, 0xF8, 0x1F, 0x00, 0x3F,
  0xF8, 0x7C, 0x00, 0x3F, 0xFD, 0xF0, 0x00, 0x3F, 0xFF, 0xC0, 0x00, 0x1F,
  0xFF, 0x00, 0x00, 0x7F, 0xFF, 0x00, 0x03, 0xFF, 0xFF, 0x80, 0x0F, 0xCF,
  0xFF, 0x80, 0x3E, 0x07, 0xFF, 0x80, 0xF8, 0x07, 0xFF, 0x83, 0xF0, 0x03,
  0xFF, 0x8F, 0xC0, 0x01, 0xFF, 0x1F, 0x80, 0x01, 0xFF, 0x7E, 0x00, 0x01,
  0xFE, 0xFC, 0x00, 0x01, 0xFF, 0xF8, 0x00, 0x03, 0xFF, 0xF0, 0x00, 0x03,
  0xFF, 0xE0, 0x00, 0x07, 0xFF, 0xC0, 0x00, 0x0F, 0xFF, 0x80, 0x00, 0x1F,
  0xFF, 0x80, 0x00, 0x3F, 0xBF, 0x00, 0x00, 0x7E, 0x7E, 0x00, 0x01, 0xFC,
  0x7E, 0x00, 0x03, 0xF0, 0xFE, 0x00, 0x0F, 0xE0, 0xFE, 0x00, 0x3F, 0x80,
  0xFF, 0x01, 0xFE, 0x00, 0x7F, 0xFF, 0xF8, 0x00, 0x7F, 0xFF, 0xC0, 0x00,
  0x1F, 0xFC, 0x00, 0x00, 0x1F, 0xE0, 0x00, 0x01, 0xFF, 0xF8, 0x00, 0x07,
  0xFF, 0xFC, 0x00, 0x3F, 0x80, 0xFC, 0x00, 0xFC, 0x00, 0xFC, 0x03, 0xF0,
  0x00, 0xFC, 0x07, 0xE0, 0x00, 0xFC, 0x1F, 0x80, 0x00, 0xF8, 0x3F, 0x00,
  0x01, 0xF8, 0xFE, 0x00, 0x03, 0xF1, 0xF8, 0x00, 0x03, 0xF3, 0xF0, 0x00,
  0x07, 0xEF, 0xE0, 0x00, 0x0F, 0xDF, 0xC0, 0x00, 0x1F, 0xFF, 0x80, 0x00,
  0x3F, 0xFF, 0x00, 0x00, 0x7F, 0xFE, 0x00, 0x00, 0xFF, 0xFC, 0x00, 0x01,
  0xFF, 0xF8, 0x00, 0x03, 0xFF, 0xF0, 0x00, 0x07, 0xFF, 0xE0, 0x00, 0x0F,
  0xEF, 0xE0, 0x00, 0x1F, 0xDF, 0xC0, 0x00, 0x3F, 0xBF, 0xC0, 0x00, 0xFE,
  0x3F, 0x80, 0x03, 0xFC, 0x7F, 0x80, 0x1F, 0xF8, 0x7F, 0xC0, 0xFF, 0xF0,
  0x7F, 0xFF, 0xEF, 0xE0, 0x7F, 0xFF, 0x9F, 0x80, 0x3F, 0xFE, 0x7F, 0x00,
  0x1F, 0xE0, 0xFE, 0x00, 0x00, 0x01, 0xF8, 0x00, 0x00, 0x07, 0xF0, 0x00,
  0x00, 0x0F, 0xC0, 0x00, 0x00, 0x1F, 0x80, 0x00, 0x00, 0x7E, 0x00, 0x00,
  0x01, 0xFC, 0x00, 0x00, 0x03, 0xF0, 0x00, 0x00, 0x0F, 0xC0, 0x00, 0x00,
  0x3F, 0x80, 0x00, 0x00, 0xFE, 0x00, 0x00, 0x03, 0xF8, 0x00, 0x00, 0x0F,
  0xE0, 0x00, 0x00, 0x3F, 0x80, 0x00, 0x01, 0xFC, 0x00, 0x00, 0x07, 0xF0,
  0x00, 0x00, 0x7F, 0xC0, 0x00, 0x07, 0xFE, 0x00, 0x00, 0x0F, 0xE0, 0x00,
  0x00, 0x1E, 0x00, 0x00, 0x00, 0x3E, 0x3F, 0xBF, 0xFF, 0xFF, 0xFF, 0xFF,
  0xFC, 0xFE, 0x3C, 0x00, 0x00, 0x00, 0x00, 0x00, 0x00, 0x00, 0x00, 0x00,
  0x00, 0x00, 0x00, 0x00, 0x00, 0x00, 0x00, 0x00, 0x3E, 0x3F, 0xBF, 0xFF,
  0xFF, 0xFF, 0xFF, 0xFC, 0xFE, 0x3C, 0x00, 0x1F, 0x0F, 0xE7, 0xFD, 0xFF,
  0x7F, 0xDF, 0xF7, 0xF8, 0xFE, 0x1E, 0x00, 0x00, 0x00, 0x00, 0x00, 0x00,
  0x00, 0x00, 0x00, 0x00, 0x00, 0x00, 0x00, 0x00, 0x00, 0x00, 0x00, 0x00,
  0x00, 0x3E, 0x1F, 0xCF, 0xFB, 0xFF, 0xFF, 0xFF, 0xFF, 0xFD, 0xFF, 0x0F,
  0xC3, 0xF0, 0xF8, 0x3E, 0x0F, 0x83, 0xC0, 0xF0, 0x78, 0x1C, 0x0F, 0x07,
  0x81, 0xC0, 0x00, 0x00, 0x00, 0x00, 0x00, 0x00, 0x00, 0x30, 0x00, 0x00,
  0x03, 0xC0, 0x00, 0x00, 0x3F, 0x00, 0x00, 0x03, 0xFC, 0x00, 0x00, 0x3F,
  0xF0, 0x00, 0x03, 0xFF, 0x00, 0x00, 0x3F, 0xF0, 0x00, 0x01, 0xFF, 0x00,
  0x00, 0x1F, 0xF0, 0x00, 0x01, 0xFF, 0x00, 0x00, 0x1F, 0xF0, 0x00, 0x01,
  0xFF, 0x00, 0x00, 0x1F, 0xF0, 0x00, 0x01, 0xFF, 0x00, 0x00, 0x1F, 0xF0,
  0x00, 0x00, 0xFF, 0x00, 0x00, 0x03, 0xF0, 0x00, 0x00, 0x0F, 0xC0, 0x00,
  0x00, 0x3F, 0xC0, 0x00, 0x00, 0x7F, 0xC0, 0x00, 0x00, 0x7F, 0xC0, 0x00,
  0x00, 0x7F, 0xC0, 0x00, 0x00, 0x7F, 0xC0, 0x00, 0x00, 0x7F, 0xC0, 0x00,
  0x00, 0x7F, 0xC0, 0x00, 0x00, 0x7F, 0xC0, 0x00, 0x00, 0x7F, 0xC0, 0x00,
  0x00, 0x7F, 0xC0, 0x00, 0x00, 0x7F, 0xC0, 0x00, 0x00, 0x7F, 0xC0, 0x00,
  0x00, 0x7F, 0x00, 0x00, 0x00, 0xFC, 0x00, 0x00, 0x00, 0xF0, 0x00, 0x00,
  0x00, 0xC0, 0xFF, 0xFF, 0xFF, 0xFF, 0xFF, 0xFF, 0xFF, 0xFF, 0xFF, 0xFF,
  0xFF, 0xFF, 0xFF, 0xFF, 0xFF, 0xFF, 0xFF, 0xFF, 0xFC, 0x00, 0x00, 0x00,
  0x00, 0x00, 0x00, 0x00, 0x00, 0x00, 0x00, 0x00, 0x00, 0x00, 0x00, 0x00,
  0x00, 0x00, 0x00, 0x00, 0x00, 0x00, 0x00, 0x00, 0x00, 0x00, 0x00, 0x00,
  0x00, 0x00, 0x00, 0x00, 0x00, 0x00, 0x00, 0x00, 0x00, 0x00, 0x00, 0x00,
  0x00, 0x00, 0x00, 0x00, 0x00, 0x03, 0xFF, 0xFF, 0xFF, 0xFF, 0xFF, 0xFF,
  0xFF, 0xFF, 0xFF, 0xFF, 0xFF, 0xFF, 0xFF, 0xFF, 0xFF, 0xFF, 0xFF, 0xFF,
  0xF0, 0x00, 0x00, 0x00, 0x03, 0x00, 0x00, 0x00, 0x0F, 0x00, 0x00, 0x00,
  0x3F, 0x00, 0x00, 0x00, 0xFF, 0x00, 0x00, 0x03, 0xFF, 0x00, 0x00, 0x03,
  0xFF, 0x00, 0x00, 0x03, 0xFF, 0x00, 0x00, 0x03, 0xFE, 0x00, 0x00, 0x03,
  0xFE, 0x00, 0x00, 0x03, 0xFE, 0x00, 0x00, 0x03, 0xFE, 0x00, 0x00, 0x03,
  0xFE, 0x00, 0x00, 0x03, 0xFE, 0x00, 0x00, 0x03, 0xFE, 0x00, 0x00, 0x03,
  0xFE, 0x00, 0x00, 0x03, 0xFC, 0x00, 0x00, 0x03, 0xF0, 0x00, 0x00, 0x0F,
  0xC0, 0x00, 0x00, 0xFF, 0x00, 0x00, 0x0F, 0xF8, 0x00, 0x00, 0xFF, 0x80,
  0x00, 0x0F, 0xF8, 0x00, 0x00, 0xFF, 0x80, 0x00, 0x0F, 0xF8, 0x00, 0x00,
  0xFF, 0x80, 0x00, 0x0F, 0xF8, 0x00, 0x00, 0xFF, 0x80, 0x00, 0x0F, 0xF8,
  0x00, 0x00, 0xFF, 0x80, 0x00, 0x0F, 0xF8, 0x00, 0x00, 0x3F, 0x80, 0x00,
  0x00, 0xFC, 0x00, 0x00, 0x03, 0xC0, 0x00, 0x00, 0x0C, 0x00, 0x00, 0x00,
  0x00, 0x00, 0x3F, 0xE0, 0x00, 0x1F, 0xFF, 0xC0, 0x07, 0xFF, 0xFE, 0x00,
  0xFC, 0x0F, 0xF0, 0x1F, 0x80, 0x3F, 0x83, 0xE0, 0x01, 0xFC, 0x7E, 0x00,
  0x0F, 0xE7, 0xE0, 0x00, 0xFE, 0xFE, 0x00, 0x0F, 0xEF, 0xC0, 0x00, 0x7F,
  0xFC, 0x00, 0x07, 0xFF, 0xC0, 0x00, 0x7F, 0xFC, 0x00, 0x07, 0xF7, 0xC0,
  0x00, 0x7F, 0x18, 0x00, 0x07, 0xF0, 0x00, 0x00, 0x7E, 0x00, 0x00, 0x0F,
  0xE0, 0x00, 0x00, 0xFC, 0x00, 0x00, 0x1F, 0xC0, 0x00, 0x01, 0xF8, 0x00,
  0x00, 0x3F, 0x00, 0x00, 0x07, 0xE0, 0x00, 0x00, 0xFC, 0x00, 0x00, 0x1F,
  0x80, 0x00, 0x03, 0xF0, 0x00, 0x00, 0x7E, 0x00, 0x00, 0x0F, 0xC0, 0x00,
  0x00, 0xF8, 0x00, 0x00, 0x1F, 0x00, 0x00, 0x01, 0xE0, 0x00, 0x00, 0x3E,
  0x00, 0x00, 0x03, 0xC0, 0x00, 0x00, 0x3C, 0x00, 0x00, 0x03, 0xC0, 0x00,
  0x00, 0x3C, 0x00, 0x00, 0x03, 0xC0, 0x00, 0x00, 0x3C, 0x00, 0x00, 0x00,
  0x00, 0x00, 0x00, 0x00, 0x00, 0x00, 0x00, 0x00, 0x00, 0x00, 0x00, 0x00,
  0x00, 0x03, 0xE0, 0x00, 0x00, 0x7F, 0x00, 0x00, 0x0F, 0xF8, 0x00, 0x00,
  0xFF, 0x80, 0x00, 0x0F, 0xF8, 0x00, 0x00, 0xFF, 0x80, 0x00, 0x0F, 0xF0,
  0x00, 0x00, 0x7F, 0x00, 0x00, 0x03, 0xC0, 0x00, 0x00, 0x00, 0x00, 0x3F,
  0xF0, 0x00, 0x00, 0x00, 0x00, 0x1F, 0xFF, 0xF8, 0x00, 0x00, 0x00, 0x07,
  0xFF, 0xFF, 0xF8, 0x00, 0x00, 0x00, 0xFF, 0x00, 0x3F, 0xF0, 0x00, 0x00,
  0x1F, 0xC0, 0x00, 0x1F, 0xC0, 0x00, 0x03, 0xF0, 0x00, 0x00, 0x3F, 0x00,
  0x00, 0x3F, 0x00, 0x00, 0x00, 0xFC, 0x00, 0x03, 0xE0, 0x00, 0x00, 0x01,
  0xF0, 0x00, 0x3E, 0x00, 0x00, 0x00, 0x07, 0xC0, 0x03, 0xC0, 0x00, 0x00,
  0x00, 0x1F, 0x00, 0x3C, 0x00, 0x00, 0x00, 0x00, 0xF8, 0x03, 0xC0, 0x00,
  0x00, 0x00, 0x03, 0xE0, 0x3E, 0x00, 0x00, 0x00, 0x00, 0x0F, 0x03, 0xE0,
  0x00, 0x7E, 0x00, 0x00, 0x78, 0x1E, 0x00, 0x0F, 0xFC, 0x7E, 0x03, 0xE1,
  0xE0, 0x01, 0xFF, 0xF7, 0xF0, 0x0F, 0x1F, 0x00, 0x1F, 0xFF, 0xBF, 0x00,
  0x78, 0xF0, 0x01, 0xFE, 0x1D, 0xF8, 0x03, 0xC7, 0x80, 0x1F, 0xC0, 0x7F,
  0x80, 0x1E, 0x78, 0x00, 0xFC, 0x03, 0xFC, 0x00, 0xF3, 0xC0, 0x0F, 0xE0,
  0x0F, 0xE0, 0x07, 0xBE, 0x00, 0xFE, 0x00, 0x7E, 0x00, 0x3D, 0xE0, 0x07,
  0xF0, 0x07, 0xF0, 0x01, 0xEF, 0x00, 0x7F, 0x00, 0x3F, 0x80, 0x0F, 0x78,
  0x03, 0xF8, 0x01, 0xF8, 0x00, 0x7F, 0xC0, 0x1F, 0x80, 0x1F, 0xC0, 0x07,
  0xBC, 0x00, 0xFC, 0x00, 0xFE, 0x00, 0x3D, 0xE0, 0x0F, 0xE0, 0x07, 0xE0,
  0x01, 0xEF, 0x00, 0x7E, 0x00, 0x7F, 0x00, 0x1F, 0x78, 0x03, 0xF0, 0x03,
  0xF0, 0x00, 0xF3, 0xC0, 0x1F, 0x80, 0x1F, 0x80, 0x0F, 0x9E, 0x00, 0xFC,
  0x01, 0xFC, 0x00, 0xF8, 0xF0, 0x07, 0xE0, 0x0F, 0xC0, 0x07, 0x87, 0x80,
  0x3F, 0x00, 0x7E, 0x00, 0x7C, 0x3C, 0x01, 0xF8, 0x07, 0xF0, 0x07, 0xC1,
  0xE0, 0x0F, 0xC0, 0x7F, 0x80, 0x7C, 0x0F, 0x00, 0x3F, 0x07, 0xFC, 0x0F,
  0xC0, 0x78, 0x01, 0xF8, 0x7F, 0xE1, 0xFC, 0x03, 0xE0, 0x07, 0xFF, 0xDF,
  0xFF, 0xC0, 0x0F, 0x00, 0x3F, 0xFC, 0x7F, 0xF8, 0x00, 0x78, 0x00, 0xFF,
  0xC3, 0xFF, 0x00, 0x03, 0xE0, 0x01, 0xF8, 0x07, 0xE0, 0x00, 0x0F, 0x00,
  0x00, 0x00, 0x00, 0x00, 0x00, 0x7C, 0x00, 0x00, 0x00, 0x00, 0x00, 0x01,
  0xE0, 0x00, 0x00, 0x00, 0x00, 0x00, 0x0F, 0x80, 0x00, 0x00, 0x00, 0x00,
  0x00, 0x3E, 0x00, 0x00, 0x00, 0x00, 0x00, 0x00, 0xF8, 0x00, 0x00, 0x00,
  0x07, 0x00, 0x03, 0xE0, 0x00, 0x00, 0x00, 0xF8, 0x00, 0x0F, 0xC0, 0x00,
  0x00, 0x0F, 0x80, 0x00, 0x3F, 0x80, 0x00, 0x01, 0xF8, 0x00, 0x00, 0x7F,
  0x00, 0x00, 0x3F, 0x00, 0x00, 0x01, 0xFF, 0x80, 0x0F, 0xF0, 0x00, 0x00,
  0x03, 0xFF, 0xFF, 0xFE, 0x00, 0x00, 0x00, 0x03, 0xFF, 0xFF, 0xC0, 0x00,
  0x00, 0x00, 0x01, 0xFF, 0xE0, 0x00, 0x00, 0x00, 0x00, 0x07, 0xC0, 0x00,
  0x00, 0x00, 0x00, 0x1F, 0xC0, 0x00, 0x00, 0x00, 0x00, 0x3F, 0x80, 0x00,
  0x00, 0x00, 0x00, 0x7F, 0x00, 0x00, 0x00, 0x00, 0x01, 0xFF, 0x00, 0x00,
  0x00, 0x00, 0x03, 0xFE, 0x00, 0x00, 0x00, 0x00, 0x07, 0xFC, 0x00, 0x00,
  0x00, 0x00, 0x1F, 0xFC, 0x00, 0x00, 0x00, 0x00, 0x3F, 0xF8, 0x00, 0x00,
  0x00, 0x00, 0x7B, 0xF0, 0x00, 0x00, 0x00, 0x01, 0xE7, 0xF0, 0x00, 0x00,
  0x00, 0x03, 0xCF, 0xE0, 0x00, 0x00, 0x00, 0x0F, 0x8F, 0xC0, 0x00, 0x00,
  0x00, 0x1E, 0x1F, 0xC0, 0x00, 0x00, 0x00, 0x3C, 0x3F, 0x80, 0x00, 0x00,
  0x00, 0xF8, 0x3F, 0x80, 0x00, 0x00, 0x01, 0xE0, 0x7F, 0x00, 0x00, 0x00,
  0x03, 0xC0, 0xFE, 0x00, 0x00, 0x00, 0x0F, 0x81, 0xFE, 0x00, 0x00, 0x00,
  0x1E, 0x01, 0xFC, 0x00, 0x00, 0x00, 0x3C, 0x03, 0xF8, 0x00, 0x00, 0x00,
  0xF0, 0x07, 0xF8, 0x00, 0x00, 0x01, 0xE0, 0x07, 0xF0, 0x00, 0x00, 0x03,
  0xC0, 0x0F, 0xE0, 0x00, 0x00, 0x0F, 0x00, 0x1F, 0xE0, 0x00, 0x00, 0x1E,
  0x00, 0x1F, 0xC0, 0x00, 0x00, 0x7C, 0x00, 0x3F, 0x80, 0x00, 0x00, 0xF0,
  0x00, 0x7F, 0x80, 0x00, 0x01, 0xFF, 0xFF, 0xFF, 0x00, 0x00, 0x07, 0xFF,
  0xFF, 0xFE, 0x00, 0x00, 0x0F, 0xFF, 0xFF, 0xFE, 0x00, 0x00, 0x1E, 0x00,
  0x01, 0xFC, 0x00, 0x00, 0x7C, 0x00, 0x03, 0xFC, 0x00, 0x00, 0xF0, 0x00,
  0x07, 0xF8, 0x00, 0x01, 0xE0, 0x00, 0x07, 0xF0, 0x00, 0x07, 0xC0, 0x00,
  0x0F, 0xF0, 0x00, 0x0F, 0x00, 0x00, 0x1F, 0xE0, 0x00, 0x1E, 0x00, 0x00,
  0x1F, 0xC0, 0x00, 0x7C, 0x00, 0x00, 0x3F, 0xC0, 0x00, 0xF0, 0x00, 0x00,
  0x7F, 0x80, 0x03, 0xE0, 0x00, 0x00, 0x7F, 0x00, 0x07, 0xC0, 0x00, 0x00,
  0xFF, 0x00, 0x0F, 0x00, 0x00, 0x01, 0xFE, 0x00, 0x3E, 0x00, 0x00, 0x01,
  0xFE, 0x0F, 0xFF, 0xF0, 0x00, 0xFF, 0xFF, 0xFF, 0xFF, 0xE0, 0x01, 0xFF,
  0xFF, 0xFF, 0xFF, 0xC0, 0x03, 0xFF, 0xFF, 0x80, 0xFF, 0xFF, 0xFF, 0xC0,
  0x01, 0xFF, 0xFF, 0xFF, 0xF8, 0x03, 0xFF, 0xFF, 0xFF, 0xFC, 0x00, 0x3F,
  0xE0, 0x0F, 0xFC, 0x00, 0x3F, 0xC0, 0x03, 0xFC, 0x00, 0x3F, 0x80, 0x03,
  0xFC, 0x00, 0x7F, 0x00, 0x03, 0xF8, 0x00, 0xFE, 0x00, 0x07, 0xF8, 0x01,
  0xFC, 0x00, 0x07, 0xF0, 0x03, 0xF8, 0x00, 0x0F, 0xE0, 0x07, 0xF0, 0x00,
  0x1F, 0xC0, 0x0F, 0xE0, 0x00, 0x3F, 0x80, 0x1F, 0xC0, 0x00, 0x7F, 0x00,
  0x3F, 0x80, 0x00, 0xFE, 0x00, 0x7F, 0x00, 0x01, 0xF8, 0x00, 0xFE, 0x00,
  0x07, 0xF0, 0x01, 0xFC, 0x00, 0x1F, 0xC0, 0x03, 0xF8, 0x00, 0x3F, 0x00,
  0x07, 0xF0, 0x01, 0xFC, 0x00, 0x0F, 0xE0, 0x0F, 0xF0, 0x00, 0x1F, 0xFF,
  0xFF, 0x80, 0x00, 0x3F, 0xFF, 0xFF, 0x00, 0x00, 0x7F, 0xFF, 0xFF, 0xC0,
  0x00, 0xFE, 0x00, 0x1F, 0xE0, 0x01, 0xFC, 0x00, 0x0F, 0xF0, 0x03, 0xF8,
  0x00, 0x07, 0xF0, 0x07, 0xF0, 0x00, 0x0F, 0xE0, 0x0F, 0xE0, 0x00, 0x0F,
  0xE0, 0x1F, 0xC0, 0x00, 0x1F, 0xC0, 0x3F, 0x80, 0x00, 0x1F, 0xC0, 0x7F,
  0x00, 0x00, 0x3F, 0x80, 0xFE, 0x00, 0x00, 0x7F, 0x01, 0xFC, 0x00, 0x00,
  0xFE, 0x03, 0xF8, 0x00, 0x01, 0xFC, 0x07, 0xF0, 0x00, 0x03, 0xF8, 0x0F,
  0xE0, 0x00, 0x07, 0xF0, 0x1F, 0xC0, 0x00, 0x1F, 0xC0, 0x3F, 0x80, 0x00,
  0x3F, 0x80, 0x7F, 0x00, 0x00, 0xFF, 0x00, 0xFE, 0x00, 0x01, 0xFC, 0x01,
  0xFC, 0x00, 0x07, 0xF0, 0x03, 0xF8, 0x00, 0x3F, 0xC0, 0x1F, 0xF8, 0x03,
  0xFF, 0x03, 0xFF, 0xFF, 0xFF, 0xF8, 0x0F, 0xFF, 0xFF, 0xFF, 0xC0, 0x0F,
  0xFF, 0xFF, 0xFC, 0x00, 0x00, 0x00, 0x00, 0x3F, 0xF8, 0x00, 0x00, 0x1F,
  0xFF, 0xFE, 0x00, 0x03, 0xFF, 0xFF, 0xFC, 0x00, 0x7F, 0x00, 0xFF, 0xF0,
  0x07, 0xE0, 0x00, 0xFF, 0x80, 0x7E, 0x00, 0x03, 0xFC, 0x0F, 0xE0, 0x00,
  0x0F, 0xE0, 0x7E, 0x00, 0x00, 0x3F, 0x07, 0xE0, 0x00, 0x00, 0xF8, 0x7E,
  0x00, 0x00, 0x07, 0xC7, 0xF0, 0x00, 0x00, 0x1E, 0x3F, 0x80, 0x00, 0x00,
  0xF3, 0xF8, 0x00, 0x00, 0x03, 0x9F, 0xC0, 0x00, 0x00, 0x1D, 0xFE, 0x00,
  0x00, 0x00, 0x0F, 0xF0, 0x00, 0x00, 0x00, 0x7F, 0x00, 0x00, 0x00, 0x03,
  0xF8, 0x00, 0x00, 0x00, 0x3F, 0xC0, 0x00, 0x00, 0x01, 0xFE, 0x00, 0x00,
  0x00, 0x0F, 0xF0, 0x00, 0x00, 0x00, 0x7F, 0x80, 0x00, 0x00, 0x03, 0xFC,
  0x00, 0x00, 0x00, 0x1F, 0xE0, 0x00, 0x00, 0x00, 0xFF, 0x00, 0x00, 0x00,
  0x07, 0xF8, 0x00, 0x00, 0x00, 0x3F, 0xC0, 0x00, 0x00, 0x01, 0xFE, 0x00,
  0x00, 0x00, 0x0F, 0xF0, 0x00, 0x00, 0x00, 0x7F, 0x80, 0x00, 0x00, 0x03,
  0xFC, 0x00, 0x00, 0x00, 0x0F, 0xF0, 0x00, 0x00, 0x00, 0x7F, 0x80, 0x00,
  0x00, 0x03, 0xFC, 0x00, 0x00, 0x00, 0x1F, 0xE0, 0x00, 0x00, 0x0E, 0x7F,
  0x80, 0x00, 0x00, 0xF3, 0xFC, 0x00, 0x00, 0x07, 0x8F, 0xE0, 0x00, 0x00,
  0x3C, 0x7F, 0x80, 0x00, 0x03, 0xC1, 0xFE, 0x00, 0x00, 0x1E, 0x07, 0xF0,
  0x00, 0x01, 0xF0, 0x1F, 0xC0, 0x00, 0x0F, 0x80, 0xFF, 0x00, 0x00, 0xFC,
  0x01, 0xFE, 0x00, 0x1F, 0xE0, 0x07, 0xFC, 0x03, 0xFE, 0x00, 0x0F, 0xFF,
  0xFF, 0xC0, 0x00, 0x1F, 0xFF, 0xF8, 0x00, 0x00, 0x0F, 0xFC, 0x00, 0xFF,
  0xFF, 0xFF, 0xE0, 0x00, 0x0F, 0xFF, 0xFF, 0xFF, 0xE0, 0x00, 0xFF, 0xFF,
  0xFF, 0xFF, 0x80, 0x00, 0xFF, 0x80, 0x0F, 0xFE, 0x00, 0x03, 0xF8, 0x00,
  0x1F, 0xF0, 0x00, 0x3F, 0x80, 0x00, 0x7F, 0x80, 0x03, 0xF8, 0x00, 0x03,
  0xFC, 0x00, 0x3F, 0x80, 0x00, 0x1F, 0xE0, 0x03, 0xF8, 0x00, 0x00, 0xFF,
  0x00, 0x3F, 0x80, 0x00, 0x07, 0xF8, 0x03, 0xF8, 0x00, 0x00, 0x3F, 0x80,
  0x3F, 0x80, 0x00, 0x03, 0xFC, 0x03, 0xF8, 0x00, 0x00, 0x1F, 0xC0, 0x3F,
  0x80, 0x00, 0x01, 0xFE, 0x03, 0xF8, 0x00, 0x00, 0x1F, 0xE0, 0x3F, 0x80,
  0x00, 0x01, 0xFE, 0x03, 0xF8, 0x00, 0x00, 0x0F, 0xE0, 0x3F, 0x80, 0x00,
  0x00, 0xFF, 0x03, 0xF8, 0x00, 0x00, 0x0F, 0xF0, 0x3F, 0x80, 0x00, 0x00,
  0xFF, 0x03, 0xF8, 0x00, 0x00, 0x0F, 0xF0, 0x3F, 0x80, 0x00, 0x00, 0xFF,
  0x03, 0xF8, 0x00, 0x00, 0x0F, 0xF0, 0x3F, 0x80, 0x00, 0x00, 0xFF, 0x03,
  0xF8, 0x00, 0x00, 0x0F, 0xF0, 0x3F, 0x80, 0x00, 0x00, 0xFF, 0x03, 0xF8,
  0x00, 0x00, 0x0F, 0xF0, 0x3F, 0x80, 0x00, 0x00, 0xFF, 0x03, 0xF8, 0x00,
  0x00, 0x0F, 0xE0, 0x3F, 0x80, 0x00, 0x01, 0xFE, 0x03, 0xF8, 0x00, 0x00,
  0x1F, 0xE0, 0x3F, 0x80, 0x00, 0x01, 0xFE, 0x03, 0xF8, 0x00, 0x00, 0x1F,
  0xC0, 0x3F, 0x80, 0x00, 0x01, 0xFC, 0x03, 0xF8, 0x00, 0x00, 0x3F, 0x80,
  0x3F, 0x80, 0x00, 0x03, 0xF8, 0x03, 0xF8, 0x00, 0x00, 0x7F, 0x00, 0x3F,
  0x80, 0x00, 0x07, 0xE0, 0x03, 0xF8, 0x00, 0x00, 0xFC, 0x00, 0x3F, 0x80,
  0x00, 0x1F, 0xC0, 0x03, 0xF8, 0x00, 0x03, 0xF0, 0x00, 0x3F, 0x80, 0x00,
  0xFE, 0x00, 0x07, 0xFE, 0x00, 0x7F, 0xC0, 0x07, 0xFF, 0xFF, 0xFF, 0xF0,
  0x00, 0xFF, 0xFF, 0xFF, 0xFC, 0x00, 0x07, 0xFF, 0xFF, 0xFE, 0x00, 0x00,
  0xFF, 0xFF, 0xFF, 0xFF, 0x83, 0xFF, 0xFF, 0xFF, 0xFE, 0x0F, 0xFF, 0xFF,
  0xFF, 0xF8, 0x01, 0xFE, 0x00, 0x0F, 0xF0, 0x03, 0xF8, 0x00, 0x0F, 0xC0,
  0x0F, 0xE0, 0x00, 0x3F, 0x00, 0x3F, 0x80, 0x00, 0x7C, 0x00, 0xFE, 0x00,
  0x01, 0xF0, 0x03, 0xF8, 0x00, 0x03, 0xC0, 0x0F, 0xE0, 0x00, 0x0F, 0x00,
  0x3F, 0x80, 0x00, 0x1C, 0x00, 0xFE, 0x00, 0x00, 0x70, 0x03, 0xF8, 0x00,
  0x00, 0x00, 0x0F, 0xE0, 0x00, 0x00, 0x00, 0x3F, 0x80, 0x00, 0x00, 0x00,
  0xFE, 0x00, 0x38, 0x00, 0x03, 0xF8, 0x00, 0xE0, 0x00, 0x0F, 0xE0, 0x03,
  0x80, 0x00, 0x3F, 0x80, 0x1E, 0x00, 0x00, 0xFE, 0x00, 0x78, 0x00, 0x03,
  0xF8, 0x03, 0xE0, 0x00, 0x0F, 0xFF, 0xFF, 0x80, 0x00, 0x3F, 0xFF, 0xFE,
  0x00, 0x00, 0xFF, 0xFF, 0xF8, 0x00, 0x03, 0xF8, 0x03, 0xE0, 0x00, 0x0F,
  0xE0, 0x0F, 0x80, 0x00, 0x3F, 0x80, 0x1E, 0x00, 0x00, 0xFE, 0x00, 0x78,
  0x00, 0x03, 0xF8, 0x00, 0xE0, 0x00, 0x0F, 0xE0, 0x03, 0x80, 0x00, 0x3F,
  0x80, 0x0E, 0x00, 0x00, 0xFE, 0x00, 0x00, 0x00, 0x03, 0xF8, 0x00, 0x00,
  0x00, 0x0F, 0xE0, 0x00, 0x00, 0xE0, 0x3F, 0x80, 0x00, 0x03, 0xC0, 0xFE,
  0x00, 0x00, 0x1F, 0x03, 0xF8, 0x00, 0x00, 0x78, 0x0F, 0xE0, 0x00, 0x01,
  0xE0, 0x3F, 0x80, 0x00, 0x0F, 0x80, 0xFE, 0x00, 0x00, 0x3E, 0x03, 0xF8,
  0x00, 0x01, 0xF8, 0x0F, 0xE0, 0x00, 0x0F, 0xE0, 0x7F, 0xC0, 0x00, 0xFF,
  0x9F, 0xFF, 0xFF, 0xFF, 0xFC, 0xFF, 0xFF, 0xFF, 0xFF, 0xF1, 0xFF, 0xFF,
  0xFF, 0xFF, 0xC0, 0x7F, 0xFF, 0xFF, 0xFF, 0xE7, 0xFF, 0xFF, 0xFF, 0xFE,
  0x7F, 0xFF, 0xFF, 0xFF, 0xE0, 0x3F, 0xE0, 0x00, 0x7E, 0x00, 0xFE, 0x00,
  0x03, 0xE0, 0x0F, 0xE0, 0x00, 0x1F, 0x00, 0xFE, 0x00, 0x01, 0xF0, 0x0F,
  0xE0, 0x00, 0x0F, 0x00, 0xFE, 0x00, 0x00, 0xF0, 0x0F, 0xE0, 0x00, 0x07,
  0x00, 0xFE, 0x00, 0x00, 0x70, 0x0F, 0xE0, 0x00, 0x03, 0x00, 0xFE, 0x00,
  0x00, 0x00, 0x0F, 0xE0, 0x00, 0x00, 0x00, 0xFE, 0x00, 0x00, 0x00, 0x0F,
  0xE0, 0x03, 0x80, 0x00, 0xFE, 0x00, 0x38, 0x00, 0x0F, 0xE0, 0x03, 0x80,
  0x00, 0xFE, 0x00, 0x38, 0x00, 0x0F, 0xE0, 0x07, 0x80, 0x00, 0xFE, 0x00,
  0x78, 0x00, 0x0F, 0xE0, 0x0F, 0x80, 0x00, 0xFF, 0xFF, 0xF8, 0x00, 0x0F,
  0xFF, 0xFF, 0x80, 0x00, 0xFF, 0xFF, 0xF8, 0x00, 0x0F, 0xE0, 0x0F, 0x80,
  0x00, 0xFE, 0x00, 0x78, 0x00, 0x0F, 0xE0, 0x07, 0x80, 0x00, 0xFE, 0x00,
  0x38, 0x00, 0x0F, 0xE0, 0x03, 0x80, 0x00, 0xFE, 0x00, 0x38, 0x00, 0x0F,
  0xE0, 0x00, 0x00, 0x00, 0xFE, 0x00, 0x00, 0x00, 0x0F, 0xE0, 0x00, 0x00,
  0x00, 0xFE, 0x00, 0x00, 0x00, 0x0F, 0xE0, 0x00, 0x00, 0x00, 0xFE, 0x00,
  0x00, 0x00, 0x0F, 0xE0, 0x00, 0x00, 0x00, 0xFE, 0x00, 0x00, 0x00, 0x0F,
  0xE0, 0x00, 0x00, 0x00, 0xFE, 0x00, 0x00, 0x00, 0x0F, 0xF0, 0x00, 0x00,
  0x03, 0xFF, 0xC0, 0x00, 0x07, 0xFF, 0xFF, 0xE0, 0x00, 0x7F, 0xFF, 0xFE,
  0x00, 0x07, 0xFF, 0xFF, 0xE0, 0x00, 0x00, 0x00, 0x3F, 0xFE, 0x00, 0x00,
  0x00, 0x1F, 0xFF, 0xFE, 0x00, 0x00, 0x0F, 0xFF, 0xFF, 0xFC, 0x00, 0x03,
  0xFE, 0x03, 0xFF, 0xC0, 0x00, 0x7F, 0x00, 0x07, 0xFC, 0x00, 0x0F, 0xE0,
  0x00, 0x3F, 0xC0, 0x01, 0xFC, 0x00, 0x00, 0xFC, 0x00, 0x3F, 0x80, 0x00,
  0x07, 0xC0, 0x07, 0xF0, 0x00, 0x00, 0x7C, 0x00, 0xFE, 0x00, 0x00, 0x03,
  0xC0, 0x1F, 0xE0, 0x00, 0x00, 0x3C, 0x01, 0xFC, 0x00, 0x00, 0x01, 0xC0,
  0x3F, 0xC0, 0x00, 0x00, 0x1C, 0x03, 0xF8, 0x00, 0x00, 0x01, 0xC0, 0x3F,
  0x80, 0x00, 0x00, 0x00, 0x07, 0xF8, 0x00, 0x00, 0x00, 0x00, 0x7F, 0x80,
  0x00, 0x00, 0x00, 0x07, 0xF0, 0x00, 0x00, 0x00, 0x00, 0xFF, 0x00, 0x00,
  0x00, 0x00, 0x0F, 0xF0, 0x00, 0x00, 0x00, 0x00, 0xFF, 0x00, 0x00, 0x00,
  0x00, 0x0F, 0xF0, 0x00, 0x00, 0x00, 0x00, 0xFF, 0x00, 0x00, 0x00, 0x00,
  0x0F, 0xF0, 0x00, 0x00, 0x00, 0x00, 0xFF, 0x00, 0x00, 0x00, 0x00, 0x0F,
  0xF0, 0x00, 0x00, 0x00, 0x00, 0xFF, 0x00, 0x00, 0x7F, 0xFF, 0xFF, 0xF0,
  0x00, 0x07, 0xFF, 0xFF, 0xFF, 0x00, 0x00, 0x7F, 0xFF, 0xFF, 0xF0, 0x00,
  0x00, 0x3F, 0xF0, 0x7F, 0x80, 0x00, 0x01, 0xFE, 0x07, 0xF8, 0x00, 0x00,
  0x0F, 0xE0, 0x7F, 0x80, 0x00, 0x00, 0xFE, 0x07, 0xF8, 0x00, 0x00, 0x0F,
  0xE0, 0x3F, 0xC0, 0x00, 0x00, 0xFE, 0x03, 0xFC, 0x00, 0x00, 0x0F, 0xE0,
  0x1F, 0xE0, 0x00, 0x00, 0xFE, 0x01, 0xFE, 0x00, 0x00, 0x0F, 0xE0, 0x0F,
  0xF0, 0x00, 0x00, 0xFE, 0x00, 0xFF, 0x80, 0x00, 0x0F, 0xE0, 0x07, 0xFC,
  0x00, 0x00, 0xFE, 0x00, 0x3F, 0xE0, 0x00, 0x0F, 0xE0, 0x01, 0xFF, 0x00,
  0x01, 0xFE, 0x00, 0x0F, 0xFC, 0x00, 0x3F, 0xE0, 0x00, 0x3F, 0xF0, 0x0F,
  0xF8, 0x00, 0x00, 0xFF, 0xFF, 0xFF, 0x00, 0x00, 0x03, 0xFF, 0xFF, 0x80,
  0x00, 0x00, 0x07, 0xFF, 0x80, 0x00, 0xFF, 0xFF, 0xC0, 0x07, 0xFF, 0xFF,
  0x7F, 0xFF, 0xE0, 0x03, 0xFF, 0xFF, 0xBF, 0xFF, 0xF0, 0x01, 0xFF, 0xFF,
  0xC1, 0xFF, 0x80, 0x00, 0x0F, 0xFE, 0x00, 0x3F, 0x80, 0x00, 0x01, 0xFC,
  0x00, 0x1F, 0xC0, 0x00, 0x00, 0xFE, 0x00, 0x0F, 0xE0, 0x00, 0x00, 0x7F,
  0x00, 0x07, 0xF0, 0x00, 0x00, 0x3F, 0x80, 0x03, 0xF8, 0x00, 0x00, 0x1F,
  0xC0, 0x01, 0xFC, 0x00, 0x00, 0x0F, 0xE0, 0x00, 0xFE, 0x00, 0x00, 0x07,
  0xF0, 0x00, 0x7F, 0x00, 0x00, 0x03, 0xF8, 0x00, 0x3F, 0x80, 0x00, 0x01,
  0xFC, 0x00, 0x1F, 0xC0, 0x00, 0x00, 0xFE, 0x00, 0x0F, 0xE0, 0x00, 0x00,
  0x7F, 0x00, 0x07, 0xF0, 0x00, 0x00, 0x3F, 0x80, 0x03, 0xF8, 0x00, 0x00,
  0x1F, 0xC0, 0x01, 0xFC, 0x00, 0x00, 0x0F, 0xE0, 0x00, 0xFE, 0x00, 0x00,
  0x07, 0xF0, 0x00, 0x7F, 0x00, 0x00, 0x03, 0xF8, 0x00, 0x3F, 0x80, 0x00,
  0x01, 0xFC, 0x00, 0x1F, 0xFF, 0xFF, 0xFF, 0xFE, 0x00, 0x0F, 0xFF, 0xFF,
  0xFF, 0xFF, 0x00, 0x07, 0xFF, 0xFF, 0xFF, 0xFF, 0x80, 0x03, 0xF8, 0x00,
  0x00, 0x1F, 0xC0, 0x01, 0xFC, 0x00, 0x00, 0x0F, 0xE0, 0x00, 0xFE, 0x00,
  0x00, 0x07, 0xF0, 0x00, 0x7F, 0x00, 0x00, 0x03, 0xF8, 0x00, 0x3F, 0x80,
  0x00, 0x01, 0xFC, 0x00, 0x1F, 0xC0, 0x00, 0x00, 0xFE, 0x00, 0x0F, 0xE0,
  0x00, 0x00, 0x7F, 0x00, 0x07, 0xF0, 0x00, 0x00, 0x3F, 0x80, 0x03, 0xF8,
  0x00, 0x00, 0x1F, 0xC0, 0x01, 0xFC, 0x00, 0x00, 0x0F, 0xE0, 0x00, 0xFE,
  0x00, 0x00, 0x07, 0xF0, 0x00, 0x7F, 0x00, 0x00, 0x03, 0xF8, 0x00, 0x3F,
  0x80, 0x00, 0x01, 0xFC, 0x00, 0x1F, 0xC0, 0x00, 0x00, 0xFE, 0x00, 0x0F,
  0xE0, 0x00, 0x00, 0x7F, 0x00, 0x07, 0xF0, 0x00, 0x00, 0x3F, 0x80, 0x03,
  0xF8, 0x00, 0x00, 0x1F, 0xC0, 0x01, 0xFC, 0x00, 0x00, 0x0F, 0xE0, 0x00,
  0xFF, 0x00, 0x00, 0x07, 0xF8, 0x07, 0xFF, 0xE0, 0x00, 0x1F, 0xFF, 0xCF,
  0xFF, 0xFC, 0x00, 0x3F, 0xFF, 0xFF, 0xFF, 0xFE, 0x00, 0x1F, 0xFF, 0xFD,
  0xFF, 0xFE, 0x00, 0x07, 0xFF, 0xFC, 0xFF, 0xFF, 0xFF, 0xFF, 0xFF, 0xFF,
  0xFF, 0x87, 0xFE, 0x00, 0x3F, 0x80, 0x07, 0xF0, 0x00, 0xFE, 0x00, 0x1F,
  0xC0, 0x03, 0xF8, 0x00, 0x7F, 0x00, 0x0F, 0xE0, 0x01, 0xFC, 0x00, 0x3F,
  0x80, 0x07, 0xF0, 0x00, 0xFE, 0x00, 0x1F, 0xC0, 0x03, 0xF8, 0x00, 0x7F,
  0x00, 0x0F, 0xE0, 0x01, 0xFC, 0x00, 0x3F, 0x80, 0x07, 0xF0, 0x00, 0xFE,
  0x00, 0x1F, 0xC0, 0x03, 0xF8, 0x00, 0x7F, 0x00, 0x0F, 0xE0, 0x01, 0xFC,
  0x00, 0x3F, 0x80, 0x07, 0xF0, 0x00, 0xFE, 0x00, 0x1F, 0xC0, 0x03, 0xF8,
  0x00, 0x7F, 0x00, 0x0F, 0xE0, 0x01, 0xFC, 0x00, 0x3F, 0x80, 0x07, 0xF0,
  0x00, 0xFE, 0x00, 0x1F, 0xC0, 0x03, 0xF8, 0x00, 0x7F, 0x00, 0x1F, 0xF8,
  0x7F, 0xFF, 0xFF, 0xFF, 0xFF, 0xFF, 0xFF, 0xC0, 0x00, 0x03, 0xFF, 0xFE,
  0x00, 0x07, 0xFF, 0xFC, 0x00, 0x0F, 0xFF, 0xF8, 0x00, 0x01, 0xFF, 0x00,
  0x00, 0x01, 0xFC, 0x00, 0x00, 0x03, 0xF8, 0x00, 0x00, 0x07, 0xF0, 0x00,
  0x00, 0x0F, 0xE0, 0x00, 0x00, 0x1F, 0xC0, 0x00, 0x00, 0x3F, 0x80, 0x00,
  0x00, 0x7F, 0x00, 0x00, 0x00, 0xFE, 0x00, 0x00, 0x01, 0xFC, 0x00, 0x00,
  0x03, 0xF8, 0x00, 0x00, 0x07, 0xF0, 0x00, 0x00, 0x0F, 0xE0, 0x00, 0x00,
  0x1F, 0xC0, 0x00, 0x00, 0x3F, 0x80, 0x00, 0x00, 0x7F, 0x00, 0x00, 0x00,
  0xFE, 0x00, 0x00, 0x01, 0xFC, 0x00, 0x00, 0x03, 0xF8, 0x00, 0x00, 0x07,
  0xF0, 0x00, 0x00, 0x0F, 0xE0, 0x00, 0x00, 0x1F, 0xC0, 0x00, 0x00, 0x3F,
  0x80, 0x00, 0x00, 0x7F, 0x00, 0x00, 0x00, 0xFE, 0x00, 0x00, 0x01, 0xFC,
  0x00, 0x00, 0x03, 0xF8, 0x00, 0x00, 0x07, 0xF0, 0x0F, 0x80, 0x0F, 0xE0,
  0x3F, 0x00, 0x1F, 0xC0, 0xFE, 0x00, 0x3F, 0x81, 0xFC, 0x00, 0x7F, 0x03,
  0xF8, 0x00, 0xFE, 0x07, 0xE0, 0x01, 0xFC, 0x1F, 0xC0, 0x03, 0xF0, 0x1F,
  0x80, 0x0F, 0xE0, 0x3F, 0x00, 0x1F, 0xC0, 0x7E, 0x00, 0x3F, 0x00, 0x7C,
  0x00, 0xFC, 0x00, 0xF8, 0x03, 0xF8, 0x00, 0xFC, 0x1F, 0xE0, 0x00, 0xFF,
  0xFF, 0x00, 0x00, 0x7F, 0xFC, 0x00, 0x00, 0x1F, 0xC0, 0x00, 0x00, 0xFF,
  0xFF, 0xC0, 0x7F, 0xFF, 0xCF, 0xFF, 0xFC, 0x07, 0xFF, 0xFC, 0xFF, 0xFF,
  0xC0, 0x7F, 0xFF, 0xC0, 0xFF, 0xC0, 0x00, 0x7F, 0xC0, 0x03, 0xF8, 0x00,
  0x03, 0xE0, 0x00, 0x3F, 0x80, 0x00, 0x7C, 0x00, 0x03, 0xF8, 0x00, 0x0F,
  0x80, 0x00, 0x3F, 0x80, 0x01, 0xF0, 0x00, 0x03, 0xF8, 0x00, 0x3E, 0x00,
  0x00, 0x3F, 0x80, 0x03, 0xE0, 0x00, 0x03, 0xF8, 0x00, 0x7C, 0x00, 0x00,
  0x3F, 0x80, 0x0F, 0x80, 0x00, 0x03, 0xF8, 0x01, 0xF0, 0x00, 0x00, 0x3F,
  0x80, 0x3E, 0x00, 0x00, 0x03, 0xF8, 0x03, 0xC0, 0x00, 0x00, 0x3F, 0x80,
  0x78, 0x00, 0x00, 0x03, 0xF8, 0x0F, 0x80, 0x00, 0x00, 0x3F, 0x81, 0xF0,
  0x00, 0x00, 0x03, 0xF8, 0x3E, 0x00, 0x00, 0x00, 0x3F, 0x83, 0xC0, 0x00,
  0x00, 0x03, 0xF8, 0x78, 0x00, 0x00, 0x00, 0x3F, 0x8F, 0xE0, 0x00, 0x00,
  0x03, 0xF9, 0xFF, 0x00, 0x00, 0x00, 0x3F, 0xBF, 0xF8, 0x00, 0x00, 0x03,
  0xF8, 0xFF, 0x80, 0x00, 0x00, 0x3F, 0x87, 0xFC, 0x00, 0x00, 0x03, 0xF8,
  0x3F, 0xE0, 0x00, 0x00, 0x3F, 0x81, 0xFF, 0x00, 0x00, 0x03, 0xF8, 0x0F,
  0xF0, 0x00, 0x00, 0x3F, 0x80, 0x7F, 0x80, 0x00, 0x03, 0xF8, 0x07, 0xFC,
  0x00, 0x00, 0x3F, 0x80, 0x3F, 0xE0, 0x00, 0x03, 0xF8, 0x01, 0xFE, 0x00,
  0x00, 0x3F, 0x80, 0x1F, 0xF0, 0x00, 0x03, 0xF8, 0x00, 0xFF, 0x80, 0x00,
  0x3F, 0x80, 0x07, 0xF8, 0x00, 0x03, 0xF8, 0x00, 0x7F, 0xC0, 0x00, 0x3F,
  0x80, 0x03, 0xFE, 0x00, 0x03, 0xF8, 0x00, 0x3F, 0xF0, 0x00, 0x3F, 0x80,
  0x01, 0xFF, 0x00, 0x03, 0xF8, 0x00, 0x0F, 0xF8, 0x00, 0x3F, 0x80, 0x00,
  0xFF, 0xC0, 0x03, 0xFC, 0x00, 0x07, 0xFF, 0x03, 0xFF, 0xF0, 0x00, 0x3F,
  0xFC, 0xFF, 0xFF, 0xC0, 0x03, 0xFF, 0xEF, 0xFF, 0xFC, 0x00, 0x1F, 0xFE,
  0x7F, 0xFF, 0x80, 0x00, 0x7F, 0xC0, 0xFF, 0xFF, 0xE0, 0x00, 0x0F, 0xFF,
  0xFE, 0x00, 0x00, 0xFF, 0xFF, 0xE0, 0x00, 0x00, 0xFF, 0xE0, 0x00, 0x00,
  0x03, 0xFC, 0x00, 0x00, 0x00, 0x3F, 0x80, 0x00, 0x00, 0x03, 0xF8, 0x00,
  0x00, 0x00, 0x3F, 0x80, 0x00, 0x00, 0x03, 0xF8, 0x00, 0x00, 0x00, 0x3F,
  0x80, 0x00, 0x00, 0x03, 0xF8, 0x00, 0x00, 0x00, 0x3F, 0x80, 0x00, 0x00,
  0x03, 0xF8, 0x00, 0x00, 0x00, 0x3F, 0x80, 0x00, 0x00, 0x03, 0xF8, 0x00,
  0x00, 0x00, 0x3F, 0x80, 0x00, 0x00, 0x03, 0xF8, 0x00, 0x00, 0x00, 0x3F,
  0x80, 0x00, 0x00, 0x03, 0xF8, 0x00, 0x00, 0x00, 0x3F, 0x80, 0x00, 0x00,
  0x03, 0xF8, 0x00, 0x00, 0x00, 0x3F, 0x80, 0x00, 0x00, 0x03, 0xF8, 0x00,
  0x00, 0x00, 0x3F, 0x80, 0x00, 0x00, 0x03, 0xF8, 0x00, 0x00, 0x00, 0x3F,
  0x80, 0x00, 0x00, 0x03, 0xF8, 0x00, 0x00, 0x00, 0x3F, 0x80, 0x00, 0x00,
  0x03, 0xF8, 0x00, 0x00, 0x00, 0x3F, 0x80, 0x00, 0x00, 0x03, 0xF8, 0x00,
  0x00, 0x00, 0x3F, 0x80, 0x00, 0x06, 0x03, 0xF8, 0x00, 0x00, 0xE0, 0x3F,
  0x80, 0x00, 0x0E, 0x03, 0xF8, 0x00, 0x00, 0xE0, 0x3F, 0x80, 0x00, 0x1E,
  0x03, 0xF8, 0x00, 0x01, 0xE0, 0x3F, 0x80, 0x00, 0x3E, 0x03, 0xF8, 0x00,
  0x03, 0xE0, 0x3F, 0x80, 0x00, 0x7E, 0x03, 0xF8, 0x00, 0x07, 0xE0, 0x3F,
  0x80, 0x00, 0xFC, 0x07, 0xFC, 0x00, 0x1F, 0xC7, 0xFF, 0xFF, 0xFF, 0xFC,
  0xFF, 0xFF, 0xFF, 0xFF, 0xC7, 0xFF, 0xFF, 0xFF, 0xFC, 0xFF, 0xFF, 0x80,
  0x00, 0x00, 0xFF, 0xFF, 0x7F, 0xFF, 0xC0, 0x00, 0x00, 0x7F, 0xFF, 0xBF,
  0xFF, 0xF0, 0x00, 0x00, 0x3F, 0xFF, 0xC0, 0xFF, 0xF8, 0x00, 0x00, 0x3F,
  0xFE, 0x00, 0x3F, 0xFC, 0x00, 0x00, 0x1F, 0xFC, 0x00, 0x0E, 0xFF, 0x00,
  0x00, 0x0E, 0xFE, 0x00, 0x07, 0x3F, 0x80, 0x00, 0x0F, 0x7F, 0x00, 0x03,
  0x9F, 0xC0, 0x00, 0x07, 0x3F, 0x80, 0x01, 0xCF, 0xF0, 0x00, 0x03, 0x9F,
  0xC0, 0x00, 0xE3, 0xF8, 0x00, 0x03, 0xCF, 0xE0, 0x00, 0x71, 0xFC, 0x00,
  0x01, 0xC7, 0xF0, 0x00, 0x38, 0x7F, 0x00, 0x00, 0xE3, 0xF8, 0x00, 0x1C,
  0x3F, 0x80, 0x00, 0xF1, 0xFC, 0x00, 0x0E, 0x1F, 0xC0, 0x00, 0x70, 0xFE,
  0x00, 0x07, 0x07, 0xF0, 0x00, 0x38, 0x7F, 0x00, 0x03, 0x83, 0xF8, 0x00,
  0x3C, 0x3F, 0x80, 0x01, 0xC1, 0xFC, 0x00, 0x1C, 0x1F, 0xC0, 0x00, 0xE0,
  0x7F, 0x00, 0x0E, 0x0F, 0xE0, 0x00, 0x70, 0x3F, 0x80, 0x07, 0x07, 0xF0,
  0x00, 0x38, 0x0F, 0xE0, 0x07, 0x03, 0xF8, 0x00, 0x1C, 0x07, 0xF0, 0x03,
  0x81, 0xFC, 0x00, 0x0E, 0x03, 0xF8, 0x01, 0xC0, 0xFE, 0x00, 0x07, 0x00,
  0xFE, 0x01, 0xC0, 0x7F, 0x00, 0x03, 0x80, 0x7F, 0x00, 0xE0, 0x3F, 0x80,
  0x01, 0xC0, 0x3F, 0x80, 0x70, 0x1F, 0xC0, 0x00, 0xE0, 0x0F, 0xE0, 0x70,
  0x0F, 0xE0, 0x00, 0x70, 0x07, 0xF0, 0x38, 0x07, 0xF0, 0x00, 0x38, 0x01,
  0xF8, 0x1C, 0x03, 0xF8, 0x00, 0x1C, 0x00, 0xFE, 0x1C, 0x01, 0xFC, 0x00,
  0x0E, 0x00, 0x7F, 0x0E, 0x00, 0xFE, 0x00, 0x07, 0x00, 0x1F, 0x87, 0x00,
  0x7F, 0x00, 0x03, 0x80, 0x0F, 0xE7, 0x00, 0x3F, 0x80, 0x01, 0xC0, 0x07,
  0xF3, 0x80, 0x1F, 0xC0, 0x00, 0xE0, 0x01, 0xF9, 0xC0, 0x0F, 0xE0, 0x00,
  0x70, 0x00, 0xFF, 0xC0, 0x07, 0xF0, 0x00, 0x38, 0x00, 0x3F, 0xE0, 0x03,
  0xF8, 0x00, 0x1C, 0x00, 0x1F, 0xF0, 0x01, 0xFC, 0x00, 0x0E, 0x00, 0x0F,
  0xF0, 0x00, 0xFE, 0x00, 0x07, 0x00, 0x03, 0xF8, 0x00, 0x7F, 0x00, 0x03,
  0x80, 0x01, 0xFC, 0x00, 0x3F, 0x80, 0x01, 0xC0, 0x00, 0xFC, 0x00, 0x1F,
  0xC0, 0x00, 0xE0, 0x00, 0x3E, 0x00, 0x0F, 0xE0, 0x00, 0xF8, 0x00, 0x1F,
  0x00, 0x07, 0xF8, 0x07, 0xFF, 0xC0, 0x07, 0x00, 0x1F, 0xFF, 0xCF, 0xFF,
  0xF8, 0x03, 0x80, 0x3F, 0xFF, 0xFF, 0xFF, 0xFC, 0x01, 0xC0, 0x1F, 0xFF,
  0xFD, 0xFF, 0xFC, 0x00, 0x40, 0x07, 0xFF, 0xFC, 0xFF, 0xF0, 0x00, 0x03,
  0xFF, 0xFF, 0xFF, 0xE0, 0x00, 0x07, 0xFF, 0xFF, 0xFF, 0xE0, 0x00, 0x0F,
  0xFF, 0xF8, 0x7F, 0xE0, 0x00, 0x00, 0xFE, 0x00, 0x3F, 0xE0, 0x00, 0x00,
  0xF8, 0x00, 0x7F, 0xC0, 0x00, 0x00, 0xE0, 0x00, 0xFF, 0xC0, 0x00, 0x01,
  0xC0, 0x01, 0xFF, 0xC0, 0x00, 0x03, 0x80, 0x03, 0xFF, 0x80, 0x00, 0x07,
  0x00, 0x07, 0x7F, 0x80, 0x00, 0x0E, 0x00, 0x0E, 0xFF, 0x80, 0x00, 0x1C,
  0x00, 0x1C, 0xFF, 0x80, 0x00, 0x38, 0x00, 0x38, 0xFF, 0x00, 0x00, 0x70,
  0x00, 0x70, 0xFF, 0x00, 0x00, 0xE0, 0x00, 0xE1, 0xFF, 0x00, 0x01, 0xC0,
  0x01, 0xC1, 0xFE, 0x00, 0x03, 0x80, 0x03, 0x81, 0xFE, 0x00, 0x07, 0x00,
  0x07, 0x03, 0xFE, 0x00, 0x0E, 0x00, 0x0E, 0x03, 0xFE, 0x00, 0x1C, 0x00,
  0x1C, 0x03, 0xFC, 0x00, 0x38, 0x00, 0x38, 0x03, 0xFC, 0x00, 0x70, 0x00,
  0x70, 0x07, 0xFC, 0x00, 0xE0, 0x00, 0xE0, 0x07, 0xF8, 0x01, 0xC0, 0x01,
  0xC0, 0x07, 0xF8, 0x03, 0x80, 0x03, 0x80, 0x07, 0xF8, 0x07, 0x00, 0x07,
  0x00, 0x0F, 0xF8, 0x0E, 0x00, 0x0E, 0x00, 0x0F, 0xF0, 0x1C, 0x00, 0x1C,
  0x00, 0x0F, 0xF0, 0x38, 0x00, 0x38, 0x00, 0x1F, 0xF0, 0x70, 0x00, 0x70,
  0x00, 0x1F, 0xE0, 0xE0, 0x00, 0xE0, 0x00, 0x1F, 0xE1, 0xC0, 0x01, 0xC0,
  0x00, 0x1F, 0xE3, 0x80, 0x03, 0x80, 0x00, 0x3F, 0xE7, 0x00, 0x07, 0x00,
  0x00, 0x3F, 0xCE, 0x00, 0x0E, 0x00, 0x00, 0x3F, 0xDC, 0x00, 0x1C, 0x00,
  0x00, 0x7F, 0xF8, 0x00, 0x38, 0x00, 0x00, 0x7F, 0xF0, 0x00, 0x70, 0x00,
  0x00, 0x7F, 0xE0, 0x00, 0xE0, 0x00, 0x00, 0x7F, 0xC0, 0x01, 0xC0, 0x00,
  0x00, 0xFF, 0x80, 0x03, 0x80, 0x00, 0x00, 0xFF, 0x00, 0x07, 0x00, 0x00,
  0x00, 0xFE, 0x00, 0x3F, 0x80, 0x00, 0x00, 0xFC, 0x07, 0xFF, 0xF8, 0x00,
  0x01, 0xF8, 0x0F, 0xFF, 0xF0, 0x00, 0x01, 0xF0, 0x1F, 0xFF, 0xE0, 0x00,
  0x01, 0xE0, 0x00, 0x00, 0x00, 0x00, 0x03, 0x80, 0x00, 0x00, 0x00, 0x7F,
  0xE0, 0x00, 0x00, 0x00, 0xFF, 0xFF, 0x80, 0x00, 0x00, 0x7F, 0xFF, 0xFC,
  0x00, 0x00, 0x1F, 0xC0, 0x1F, 0xE0, 0x00, 0x0F, 0xE0, 0x00, 0xFE, 0x00,
  0x03, 0xF0, 0x00, 0x07, 0xE0, 0x00, 0xFC, 0x00, 0x00, 0x7E, 0x00, 0x3F,
  0x00, 0x00, 0x0F, 0xE0, 0x07, 0xE0, 0x00, 0x00, 0xFE, 0x01, 0xF8, 0x00,
  0x00, 0x0F, 0xC0, 0x7F, 0x00, 0x00, 0x01, 0xFC, 0x0F, 0xC0, 0x00, 0x00,
  0x3F, 0x83, 0xF8, 0x00, 0x00, 0x03, 0xF8, 0x7F, 0x00, 0x00, 0x00, 0x7F,
  0x1F, 0xE0, 0x00, 0x00, 0x0F, 0xF3, 0xFC, 0x00, 0x00, 0x01, 0xFE, 0x7F,
  0x00, 0x00, 0x00, 0x1F, 0xCF, 0xE0, 0x00, 0x00, 0x03, 0xFB, 0xFC, 0x00,
  0x00, 0x00, 0x7F, 0xFF, 0x80, 0x00, 0x00, 0x0F, 0xFF, 0xF0, 0x00, 0x00,
  0x01, 0xFF, 0xFE, 0x00, 0x00, 0x00, 0x3F, 0xFF, 0xC0, 0x00, 0x00, 0x07,
  0xFF, 0xF8, 0x00, 0x00, 0x00, 0xFF, 0xFF, 0x00, 0x00, 0x00, 0x1F, 0xFF,
  0xE0, 0x00, 0x00, 0x03, 0xFF, 0xFC, 0x00, 0x00, 0x00, 0x7F, 0xFF, 0x80,
  0x00, 0x00, 0x0F, 0xFF, 0xF0, 0x00, 0x00, 0x01, 0xFF, 0xFE, 0x00, 0x00,
  0x00, 0x3F, 0x9F, 0xC0, 0x00, 0x00, 0x07, 0xF3, 0xF8, 0x00, 0x00, 0x00,
  0xFE, 0x7F, 0x80, 0x00, 0x00, 0x3F, 0xCF, 0xF0, 0x00, 0x00, 0x07, 0xF0,
  0xFE, 0x00, 0x00, 0x00, 0xFE, 0x1F, 0xC0, 0x00, 0x00, 0x1F, 0xC1, 0xFC,
  0x00, 0x00, 0x07, 0xF0, 0x3F, 0x80, 0x00, 0x00, 0xFE, 0x03, 0xF0, 0x00,
  0x00, 0x1F, 0x80, 0x3F, 0x00, 0x00, 0x07, 0xE0, 0x07, 0xF0, 0x00, 0x00,
  0xFC, 0x00, 0x7E, 0x00, 0x00, 0x3F, 0x00, 0x07, 0xE0, 0x00, 0x0F, 0xC0,
  0x00, 0x7F, 0x00, 0x07, 0xF0, 0x00, 0x07, 0xF8, 0x03, 0xF8, 0x00, 0x00,
  0x3F, 0xFF, 0xFE, 0x00, 0x00, 0x01, 0xFF, 0xFF, 0x00, 0x00, 0x00, 0x07,
  0xFF, 0x00, 0x00, 0x7F, 0xFF, 0xFF, 0x80, 0x07, 0xFF, 0xFF, 0xFF, 0x00,
  0x7F, 0xFF, 0xFF, 0xFC, 0x01, 0xFF, 0xC0, 0x3F, 0xF0, 0x03, 0xFC, 0x00,
  0xFF, 0x80, 0x1F, 0xC0, 0x03, 0xFC, 0x01, 0xFC, 0x00, 0x1F, 0xC0, 0x1F,
  0xC0, 0x01, 0xFE, 0x01, 0xFC, 0x00, 0x0F, 0xE0, 0x1F, 0xC0, 0x00, 0xFE,
  0x01, 0xFC, 0x00, 0x07, 0xF0, 0x1F, 0xC0, 0x00, 0x7F, 0x01, 0xFC, 0x00,
  0x07, 0xF0, 0x1F, 0xC0, 0x00, 0x7F, 0x01, 0xFC, 0x00, 0x07, 0xF0, 0x1F,
  0xC0, 0x00, 0x7F, 0x01, 0xFC, 0x00, 0x07, 0xF0, 0x1F, 0xC0, 0x00, 0x7F,
  0x01, 0xFC, 0x00, 0x0F, 0xE0, 0x1F, 0xC0, 0x00, 0xFE, 0x01, 0xFC, 0x00,
  0x0F, 0xE0, 0x1F, 0xC0, 0x01, 0xFC, 0x01, 0xFC, 0x00, 0x3F, 0x80, 0x1F,
  0xC0, 0x07, 0xF8, 0x01, 0xFC, 0x00, 0xFF, 0x00, 0x1F, 0xC0, 0x3F, 0xC0,
  0x01, 0xFF, 0xFF, 0xF8, 0x00, 0x1F, 0xFF, 0xFE, 0x00, 0x01, 0xFF, 0xFF,
  0x00, 0x00, 0x1F, 0xC0, 0x00, 0x00, 0x01, 0xFC, 0x00, 0x00, 0x00, 0x1F,
  0xC0, 0x00, 0x00, 0x01, 0xFC, 0x00, 0x00, 0x00, 0x1F, 0xC0, 0x00, 0x00,
  0x01, 0xFC, 0x00, 0x00, 0x00, 0x1F, 0xC0, 0x00, 0x00, 0x01, 0xFC, 0x00,
  0x00, 0x00, 0x1F, 0xC0, 0x00, 0x00, 0x01, 0xFC, 0x00, 0x00, 0x00, 0x1F,
  0xC0, 0x00, 0x00, 0x01, 0xFC, 0x00, 0x00, 0x00, 0x1F, 0xC0, 0x00, 0x00,
  0x01, 0xFC, 0x00, 0x00, 0x00, 0x7F, 0xF0, 0x00, 0x00, 0x7F, 0xFF, 0xF8,
  0x00, 0x07, 0xFF, 0xFF, 0x80, 0x00, 0x7F, 0xFF, 0xF8, 0x00, 0x00, 0x00,
  0x00, 0x7F, 0xE0, 0x00, 0x00, 0x00, 0xFF, 0xFF, 0x80, 0x00, 0x00, 0x7F,
  0xFF, 0xFC, 0x00, 0x00, 0x1F, 0xC0, 0x1F, 0xE0, 0x00, 0x0F, 0xE0, 0x00,
  0xFE, 0x00, 0x03, 0xF0, 0x00, 0x07, 0xE0, 0x00, 0xFC, 0x00, 0x00, 0x7E,
  0x00, 0x3F, 0x00, 0x00, 0x0F, 0xE0, 0x07, 0xE0, 0x00, 0x00, 0xFE, 0x01,
  0xF8, 0x00, 0x00, 0x0F, 0xC0, 0x7F, 0x00, 0x00, 0x01, 0xFC, 0x0F, 0xC0,
  0x00, 0x00, 0x3F, 0x83, 0xF8, 0x00, 0x00, 0x03, 0xF8, 0x7F, 0x00, 0x00,
  0x00, 0x7F, 0x1F, 0xE0, 0x00, 0x00, 0x0F, 0xF3, 0xFC, 0x00, 0x00, 0x01,
  0xFE, 0x7F, 0x00, 0x00, 0x00, 0x1F, 0xCF, 0xE0, 0x00, 0x00, 0x03, 0xFB,
  0xFC, 0x00, 0x00, 0x00, 0x7F, 0xFF, 0x80, 0x00, 0x00, 0x0F, 0xFF, 0xF0,
  0x00, 0x00, 0x01, 0xFF, 0xFE, 0x00, 0x00, 0x00, 0x3F, 0xFF, 0xC0, 0x00,
  0x00, 0x07, 0xFF, 0xF8, 0x00, 0x00, 0x00, 0xFF, 0xFF, 0x00, 0x00, 0x00,
  0x1F, 0xFF, 0xE0, 0x00, 0x00, 0x03, 0xFF, 0xFC, 0x00, 0x00, 0x00, 0x7F,
  0xFF, 0x80, 0x00, 0x00, 0x0F, 0xFF, 0xF0, 0x00, 0x00, 0x01, 0xFF, 0xFE,
  0x00, 0x00, 0x00, 0x3F, 0x9F, 0xC0, 0x00, 0x00, 0x07, 0xF3, 0xF8, 0x00,
  0x00, 0x00, 0xFE, 0x7F, 0x80, 0x00, 0x00, 0x3F, 0xCF, 0xF0, 0x00, 0x00,
  0x07, 0xF0, 0xFE, 0x00, 0x00, 0x00, 0xFE, 0x1F, 0xC0, 0x00, 0x00, 0x1F,
  0xC1, 0xFC, 0x00, 0x00, 0x07, 0xF0, 0x3F, 0x80, 0x00, 0x00, 0xFE, 0x03,
  0xF0, 0x00, 0x00, 0x1F, 0x80, 0x7F, 0x00, 0x00, 0x07, 0xE0, 0x07, 0xF0,
  0x00, 0x00, 0xFC, 0x00, 0x7E, 0x00, 0x00, 0x3F, 0x00, 0x07, 0xE0, 0x00,
  0x0F, 0xC0, 0x00, 0x7F, 0x00, 0x07, 0xF0, 0x00, 0x07, 0xF8, 0x03, 0xFC,
  0x00, 0x00, 0x3F, 0xFF, 0xFE, 0x00, 0x00, 0x01, 0xFF, 0xFF, 0x00, 0x00,
  0x00, 0x07, 0xFE, 0x00, 0x00, 0x00, 0x00, 0x3F, 0xE0, 0x00, 0x00, 0x00,
  0x03, 0xFC, 0x00, 0x00, 0x00, 0x00, 0x7F, 0x80, 0x00, 0x00, 0x00, 0x0F,
  0xF8, 0x00, 0x00, 0x00, 0x00, 0xFF, 0x00, 0x00, 0x00, 0x00, 0x1F, 0xF0,
  0x00, 0x00, 0x00, 0x01, 0xFF, 0x00, 0x00, 0x00, 0x00, 0x3F, 0xF0, 0x00,
  0x00, 0x00, 0x03, 0xFF, 0x80, 0x00, 0x00, 0x00, 0x3F, 0xFF, 0x00, 0x00,
  0x00, 0x01, 0xFF, 0xFC, 0x00, 0x00, 0x00, 0x0F, 0xFF, 0x80, 0x00, 0x00,
  0x00, 0x3F, 0xE0, 0xFF, 0xFF, 0xFF, 0x00, 0x00, 0x1F, 0xFF, 0xFF, 0xFE,
  0x00, 0x03, 0xFF, 0xFF, 0xFF, 0xF0, 0x00, 0x07, 0xFC, 0x01, 0xFF, 0x00,
  0x00, 0x7F, 0x80, 0x0F, 0xF0, 0x00, 0x07, 0xF0, 0x00, 0xFF, 0x00, 0x00,
  0xFE, 0x00, 0x0F, 0xF0, 0x00, 0x1F, 0xC0, 0x00, 0xFE, 0x00, 0x03, 0xF8,
  0x00, 0x1F, 0xE0, 0x00, 0x7F, 0x00, 0x01, 0xFC, 0x00, 0x0F, 0xE0, 0x00,
  0x3F, 0x80, 0x01, 0xFC, 0x00, 0x07, 0xF0, 0x00, 0x3F, 0x80, 0x00, 0xFE,
  0x00, 0x07, 0xF0, 0x00, 0x1F, 0xC0, 0x00, 0xFE, 0x00, 0x03, 0xF8, 0x00,
  0x1F, 0xC0, 0x00, 0x7F, 0x00, 0x03, 0xF8, 0x00, 0x0F, 0xC0, 0x00, 0x7F,
  0x00, 0x03, 0xF8, 0x00, 0x0F, 0xE0, 0x00, 0x7F, 0x00, 0x01, 0xFC, 0x00,
  0x1F, 0xC0, 0x00, 0x3F, 0x80, 0x03, 0xF0, 0x00, 0x07, 0xF0, 0x01, 0xFC,
  0x00, 0x00, 0xFE, 0x00, 0xFF, 0x00, 0x00, 0x1F, 0xFF, 0xFF, 0x80, 0x00,
  0x03, 0xFF, 0xFF, 0xC0, 0x00, 0x00, 0x7F, 0xFF, 0xFE, 0x00, 0x00, 0x0F,
  0xE0, 0x1F, 0xE0, 0x00, 0x01, 0xFC, 0x00, 0xFE, 0x00, 0x00, 0x3F, 0x80,
  0x0F, 0xE0, 0x00, 0x07, 0xF0, 0x01, 0xFE, 0x00, 0x00, 0xFE, 0x00, 0x1F,
  0xE0, 0x00, 0x1F, 0xC0, 0x03, 0xFC, 0x00, 0x03, 0xF8, 0x00, 0x3F, 0x80,
  0x00, 0x7F, 0x00, 0x07, 0xF8, 0x00, 0x0F, 0xE0, 0x00, 0x7F, 0x00, 0x01,
  0xFC, 0x00, 0x0F, 0xF0, 0x00, 0x3F, 0x80, 0x01, 0xFE, 0x00, 0x07, 0xF0,
  0x00, 0x1F, 0xE0, 0x00, 0xFE, 0x00, 0x03, 0xFC, 0x00, 0x1F, 0xC0, 0x00,
  0x7F, 0xC0, 0x03, 0xF8, 0x00, 0x07, 0xF8, 0x00, 0x7F, 0x00, 0x00, 0xFF,
  0x80, 0x0F, 0xF0, 0x00, 0x0F, 0xF8, 0x1F, 0xFF, 0xC0, 0x01, 0xFF, 0xCF,
  0xFF, 0xFE, 0x00, 0x1F, 0xFF, 0xFF, 0xFF, 0xC0, 0x03, 0xFF, 0xDF, 0xFF,
  0xF0, 0x00, 0x1F, 0xF0, 0x00, 0x0F, 0xF0, 0x00, 0x00, 0x7F, 0xFE, 0x38,
  0x01, 0xFF, 0xFF, 0xF8, 0x03, 0xF8, 0x0F, 0xF8, 0x07, 0xE0, 0x03, 0xF8,
  0x0F, 0xC0, 0x01, 0xF8, 0x1F, 0xC0, 0x00, 0xF8, 0x1F, 0x80, 0x00, 0x78,
  0x3F, 0x80, 0x00, 0x7C, 0x3F, 0x80, 0x00, 0x3C, 0x3F, 0x80, 0x00, 0x3C,
  0x3F, 0x80, 0x00, 0x3C, 0x3F, 0x80, 0x00, 0x1C, 0x3F, 0xC0, 0x00, 0x18,
  0x3F, 0xC0, 0x00, 0x00, 0x3F, 0xE0, 0x00, 0x00, 0x1F, 0xF8, 0x00, 0x00,
  0x1F, 0xFC, 0x00, 0x00, 0x0F, 0xFE, 0x00, 0x00, 0x0F, 0xFF, 0x80, 0x00,
  0x07, 0xFF, 0xE0, 0x00, 0x03, 0xFF, 0xF0, 0x00, 0x00, 0xFF, 0xFC, 0x00,
  0x00, 0x7F, 0xFF, 0x00, 0x00, 0x1F, 0xFF, 0x80, 0x00, 0x0F, 0xFF, 0xC0,
  0x00, 0x03, 0xFF, 0xF0, 0x00, 0x00, 0xFF, 0xF8, 0x00, 0x00, 0x3F, 0xFC,
  0x00, 0x00, 0x0F, 0xFC, 0x60, 0x00, 0x07, 0xFE, 0x70, 0x00, 0x03, 0xFE,
  0x70, 0x00, 0x01, 0xFF, 0x70, 0x00, 0x00, 0xFF, 0x78, 0x00, 0x00, 0xFF,
  0x78, 0x00, 0x00, 0x7F, 0x7C, 0x00, 0x00, 0x7F, 0x7C, 0x00, 0x00, 0x7F,
  0x7E, 0x00, 0x00, 0x7F, 0x7E, 0x00, 0x00, 0x7E, 0x7F, 0x00, 0x00, 0x7E,
  0x7F, 0x80, 0x00, 0xFC, 0x7F, 0xC0, 0x01, 0xFC, 0x7F, 0xE0, 0x03, 0xF8,
  0x79, 0xFC, 0x0F, 0xF0, 0x70, 0x7F, 0xFF, 0xE0, 0x00, 0x1F, 0xFF, 0x80,
  0x00, 0x07, 0xFC, 0x00, 0x7F, 0xFF, 0xFF, 0xFF, 0xFD, 0xFF, 0xFF, 0xFF,
  0xFF, 0xFB, 0xFF, 0xFF, 0xFF, 0xFF, 0xF7, 0xE0, 0x07, 0xF0, 0x07, 0xEF,
  0x80, 0x0F, 0xE0, 0x07, 0xDF, 0x00, 0x1F, 0xC0, 0x07, 0xBC, 0x00, 0x3F,
  0x80, 0x0F, 0x78, 0x00, 0x7F, 0x00, 0x0E, 0xF0, 0x00, 0xFE, 0x00, 0x1D,
  0xC0, 0x01, 0xFC, 0x00, 0x3F, 0x80, 0x03, 0xF8, 0x00, 0x7F, 0x00, 0x07,
  0xF0, 0x00, 0xFE, 0x00, 0x0F, 0xE0, 0x00, 0xFC, 0x00, 0x1F, 0xC0, 0x01,
  0x80, 0x00, 0x3F, 0x80, 0x00, 0x00, 0x00, 0x7F, 0x00, 0x00, 0x00, 0x00,
  0xFE, 0x00, 0x00, 0x00, 0x01, 0xFC, 0x00, 0x00, 0x00, 0x03, 0xF8, 0x00,
  0x00, 0x00, 0x07, 0xF0, 0x00, 0x00, 0x00, 0x0F, 0xE0, 0x00, 0x00, 0x00,
  0x1F, 0xC0, 0x00, 0x00, 0x00, 0x3F, 0x80, 0x00, 0x00, 0x00, 0x7F, 0x00,
  0x00, 0x00, 0x00, 0xFE, 0x00, 0x00, 0x00, 0x01, 0xFC, 0x00, 0x00, 0x00,
  0x03, 0xF8, 0x00, 0x00, 0x00, 0x07, 0xF0, 0x00, 0x00, 0x00, 0x0F, 0xE0,
  0x00, 0x00, 0x00, 0x1F, 0xC0, 0x00, 0x00, 0x00, 0x3F, 0x80, 0x00, 0x00,
  0x00, 0x7F, 0x00, 0x00, 0x00, 0x00, 0xFE, 0x00, 0x00, 0x00, 0x01, 0xFC,
  0x00, 0x00, 0x00, 0x03, 0xF8, 0x00, 0x00, 0x00, 0x07, 0xF0, 0x00, 0x00,
  0x00, 0x0F, 0xE0, 0x00, 0x00, 0x00, 0x1F, 0xC0, 0x00, 0x00, 0x00, 0x3F,
  0x80, 0x00, 0x00, 0x00, 0x7F, 0x00, 0x00, 0x00, 0x00, 0xFE, 0x00, 0x00,
  0x00, 0x03, 0xFE, 0x00, 0x00, 0x00, 0x1F, 0xFE, 0x00, 0x00, 0x07, 0xFF,
  0xFF, 0xE0, 0x00, 0x0F, 0xFF, 0xFF, 0xC0, 0x00, 0x1F, 0xFF, 0xFF, 0x80,
  0x00, 0xFF, 0xFF, 0xE0, 0x07, 0xFF, 0xFF, 0xFF, 0xFF, 0x80, 0x1F, 0xFF,
  0xFF, 0xFF, 0xFE, 0x00, 0x7F, 0xFF, 0xC3, 0xFF, 0x80, 0x00, 0x1F, 0xF0,
  0x03, 0xF8, 0x00, 0x00, 0x1F, 0x80, 0x0F, 0xE0, 0x00, 0x00, 0x3C, 0x00,
  0x3F, 0x80, 0x00, 0x00, 0xF0, 0x00, 0xFE, 0x00, 0x00, 0x03, 0xC0, 0x03,
  0xF8, 0x00, 0x00, 0x0F, 0x00, 0x0F, 0xE0, 0x00, 0x00, 0x3C, 0x00, 0x3F,
  0x80, 0x00, 0x00, 0xF0, 0x00, 0xFE, 0x00, 0x00, 0x03, 0xC0, 0x03, 0xF8,
  0x00, 0x00, 0x0F, 0x00, 0x0F, 0xE0, 0x00, 0x00, 0x3C, 0x00, 0x3F, 0x80,
  0x00, 0x00, 0xF0, 0x00, 0xFE, 0x00, 0x00, 0x03, 0xC0, 0x03, 0xF8, 0x00,
  0x00, 0x0F, 0x00, 0x0F, 0xE0, 0x00, 0x00, 0x3C, 0x00, 0x3F, 0x80, 0x00,
  0x00, 0xF0, 0x00, 0xFE, 0x00, 0x00, 0x03, 0xC0, 0x03, 0xF8, 0x00, 0x00,
  0x0F, 0x00, 0x0F, 0xE0, 0x00, 0x00, 0x3C, 0x00, 0x3F, 0x80, 0x00, 0x00,
  0xF0, 0x00, 0xFE, 0x00, 0x00, 0x03, 0xC0, 0x03, 0xF8, 0x00, 0x00, 0x0F,
  0x00, 0x0F, 0xE0, 0x00, 0x00, 0x3C, 0x00, 0x3F, 0x80, 0x00, 0x00, 0xF0,
  0x00, 0xFE, 0x00, 0x00, 0x03, 0xC0, 0x03, 0xF8, 0x00, 0x00, 0x0F, 0x00,
  0x0F, 0xE0, 0x00, 0x00, 0x3C, 0x00, 0x3F, 0x80, 0x00, 0x00, 0xF0, 0x00,
  0xFE, 0x00, 0x00, 0x03, 0xC0, 0x03, 0xF8, 0x00, 0x00, 0x0F, 0x00, 0x0F,
  0xE0, 0x00, 0x00, 0x3C, 0x00, 0x3F, 0x80, 0x00, 0x00, 0xF0, 0x00, 0x7F,
  0x00, 0x00, 0x07, 0x80, 0x01, 0xFC, 0x00, 0x00, 0x1E, 0x00, 0x07, 0xF0,
  0x00, 0x00, 0x78, 0x00, 0x0F, 0xE0, 0x00, 0x03, 0xC0, 0x00, 0x3F, 0x80,
  0x00, 0x0F, 0x00, 0x00, 0x7F, 0x00, 0x00, 0x78, 0x00, 0x00, 0xFC, 0x00,
  0x03, 0xC0, 0x00, 0x01, 0xFC, 0x00, 0x3F, 0x00, 0x00, 0x03, 0xFC, 0x03,
  0xF0, 0x00, 0x00, 0x07, 0xFF, 0xFF, 0x80, 0x00, 0x00, 0x07, 0xFF, 0xF8,
  0x00, 0x00, 0x00, 0x03, 0xFF, 0x00, 0x00, 0x00, 0xFF, 0xFF, 0xE0, 0x01,
  0xFF, 0xFF, 0xFF, 0xFF, 0xE0, 0x01, 0xFF, 0xFF, 0xFF, 0xFF, 0xE0, 0x01,
  0xFF, 0xFF, 0x07, 0xFC, 0x00, 0x00, 0x0F, 0xE0, 0x03, 0xFC, 0x00, 0x00,
  0x07, 0xC0, 0x03, 0xFC, 0x00, 0x00, 0x07, 0xC0, 0x01, 0xFC, 0x00, 0x00,
  0x07, 0x80, 0x01, 0xFE, 0x00, 0x00, 0x0F, 0x80, 0x00, 0xFE, 0x00, 0x00,
  0x0F, 0x00, 0x00, 0xFE, 0x00, 0x00, 0x0F, 0x00, 0x00, 0xFF, 0x00, 0x00,
  0x1F, 0x00, 0x00, 0x7F, 0x00, 0x00, 0x1E, 0x00, 0x00, 0x7F, 0x00, 0x00,
  0x1E, 0x00, 0x00, 0x7F, 0x80, 0x00, 0x3E, 0x00, 0x00, 0x3F, 0x80, 0x00,
  0x3C, 0x00, 0x00, 0x3F, 0x80, 0x00, 0x3C, 0x00, 0x00, 0x1F, 0xC0, 0x00,
  0x78, 0x00, 0x00, 0x1F, 0xC0, 0x00, 0x78, 0x00, 0x00, 0x1F, 0xE0, 0x00,
  0x78, 0x00, 0x00, 0x0F, 0xE0, 0x00, 0xF0, 0x00, 0x00, 0x0F, 0xE0, 0x00,
  0xF0, 0x00, 0x00, 0x0F, 0xF0, 0x00, 0xF0, 0x00, 0x00, 0x07, 0xF0, 0x01,
  0xE0, 0x00, 0x00, 0x07, 0xF0, 0x01, 0xE0, 0x00, 0x00, 0x03, 0xF8, 0x01,
  0xE0, 0x00, 0x00, 0x03, 0xF8, 0x03, 0xC0, 0x00, 0x00, 0x03, 0xF8, 0x03,
  0xC0, 0x00, 0x00, 0x01, 0xFC, 0x03, 0x80, 0x00, 0x00, 0x01, 0xFC, 0x07,
  0x80, 0x00, 0x00, 0x01, 0xFC, 0x07, 0x80, 0x00, 0x00, 0x00, 0xFE, 0x07,
  0x00, 0x00, 0x00, 0x00, 0xFE, 0x0F, 0x00, 0x00, 0x00, 0x00, 0x7E, 0x0F,
  0x00, 0x00, 0x00, 0x00, 0x7F, 0x1E, 0x00, 0x00, 0x00, 0x00, 0x7F, 0x1E,
  0x00, 0x00, 0x00, 0x00, 0x3F, 0x9C, 0x00, 0x00, 0x00, 0x00, 0x3F, 0xBC,
  0x00, 0x00, 0x00, 0x00, 0x3F, 0xBC, 0x00, 0x00, 0x00, 0x00, 0x1F, 0xF8,
  0x00, 0x00, 0x00, 0x00, 0x1F, 0xF8, 0x00, 0x00, 0x00, 0x00, 0x0F, 0xF8,
  0x00, 0x00, 0x00, 0x00, 0x0F, 0xF0, 0x00, 0x00, 0x00, 0x00, 0x0F, 0xF0,
  0x00, 0x00, 0x00, 0x00, 0x07, 0xF0, 0x00, 0x00, 0x00, 0x00, 0x07, 0xE0,
  0x00, 0x00, 0x00, 0x00, 0x07, 0xE0, 0x00, 0x00, 0x00, 0x00, 0x03, 0xC0,
  0x00, 0x00, 0xFF, 0xFF, 0xE0, 0x00, 0x00, 0x00, 0x3F, 0xFF, 0xFF, 0xFF,
  0xFC, 0x00, 0x0F, 0x00, 0x07, 0xFF, 0xFF, 0xFF, 0xFF, 0x80, 0x03, 0xE0,
  0x00, 0xFF, 0xFF, 0x83, 0xFC, 0x00, 0x00, 0x7C, 0x00, 0x00, 0x3E, 0x00,
  0x3F, 0x80, 0x00, 0x0F, 0xC0, 0x00, 0x07, 0x80, 0x07, 0xF0, 0x00, 0x03,
  0xF8, 0x00, 0x00, 0xF0, 0x00, 0xFE, 0x00, 0x00, 0x7F, 0x00, 0x00, 0x3E,
  0x00, 0x0F, 0xE0, 0x00, 0x0F, 0xF0, 0x00, 0x07, 0x80, 0x01, 0xFC, 0x00,
  0x03, 0xFE, 0x00, 0x00, 0xF0, 0x00, 0x3F, 0x80, 0x00, 0x7F, 0xC0, 0x00,
  0x3E, 0x00, 0x03, 0xF0, 0x00, 0x0F, 0xFC, 0x00, 0x07, 0x80, 0x00, 0x7F,
  0x00, 0x01, 0xFF, 0x80, 0x00, 0xF0, 0x00, 0x0F, 0xE0, 0x00, 0x7F, 0xF0,
  0x00, 0x1E, 0x00, 0x01, 0xFC, 0x00, 0x0E, 0xFE, 0x00, 0x07, 0x80, 0x00,
  0x1F, 0xC0, 0x01, 0xCF, 0xE0, 0x00, 0xF0, 0x00, 0x03, 0xF8, 0x00, 0x79,
  0xFC, 0x00, 0x1E, 0x00, 0x00, 0x7F, 0x00, 0x0F, 0x3F, 0x80, 0x03, 0xC0,
  0x00, 0x07, 0xE0, 0x01, 0xC3, 0xF8, 0x00, 0xF0, 0x00, 0x00, 0xFE, 0x00,
  0x78, 0x7F, 0x00, 0x1E, 0x00, 0x00, 0x1F, 0xC0, 0x0F, 0x0F, 0xE0, 0x03,
  0xC0, 0x00, 0x03, 0xF8, 0x01, 0xC0, 0xFE, 0x00, 0x70, 0x00, 0x00, 0x3F,
  0x00, 0x78, 0x1F, 0xC0, 0x1E, 0x00, 0x00, 0x07, 0xF0, 0x0F, 0x03, 0xF8,
  0x03, 0xC0, 0x00, 0x00, 0xFE, 0x01, 0xC0, 0x3F, 0x80, 0x70, 0x00, 0x00,
  0x0F, 0xC0, 0x38, 0x07, 0xF0, 0x1E, 0x00, 0x00, 0x01, 0xFC, 0x0F, 0x00,
  0xFE, 0x03, 0xC0, 0x00, 0x00, 0x3F, 0x81, 0xC0, 0x0F, 0xE0, 0x78, 0x00,
  0x00, 0x07, 0xF0, 0x38, 0x01, 0xFC, 0x0E, 0x00, 0x00, 0x00, 0x7E, 0x0F,
  0x00, 0x3F, 0x83, 0xC0, 0x00, 0x00, 0x0F, 0xE1, 0xE0, 0x03, 0xF8, 0x78,
  0x00, 0x00, 0x01, 0xFC, 0x38, 0x00, 0x7F, 0x0E, 0x00, 0x00, 0x00, 0x1F,
  0x8F, 0x00, 0x0F, 0xE1, 0xC0, 0x00, 0x00, 0x03, 0xF9, 0xE0, 0x00, 0xFE,
  0x78, 0x00, 0x00, 0x00, 0x7F, 0x38, 0x00, 0x1F, 0xCE, 0x00, 0x00, 0x00,
  0x07, 0xE7, 0x00, 0x03, 0xF9, 0xC0, 0x00, 0x00, 0x00, 0xFD, 0xE0, 0x00,
  0x3F, 0x78, 0x00, 0x00, 0x00, 0x1F, 0xF8, 0x00, 0x07, 0xFF, 0x00, 0x00,
  0x00, 0x03, 0xFF, 0x00, 0x00, 0xFF, 0xC0, 0x00, 0x00, 0x00, 0x3F, 0xE0,
  0x00, 0x0F, 0xF8, 0x00, 0x00, 0x00, 0x07, 0xF8, 0x00, 0x01, 0xFF, 0x00,
  0x00, 0x00, 0x00, 0xFF, 0x00, 0x00, 0x3F, 0xC0, 0x00, 0x00, 0x00, 0x0F,
  0xE0, 0x00, 0x03, 0xF8, 0x00, 0x00, 0x00, 0x01, 0xFC, 0x00, 0x00, 0x7F,
  0x00, 0x00, 0x00, 0x00, 0x3F, 0x00, 0x00, 0x0F, 0xE0, 0x00, 0x00, 0x00,
  0x07, 0xE0, 0x00, 0x00, 0xF8, 0x00, 0x00, 0x00, 0x00, 0x7C, 0x00, 0x00,
  0x1F, 0x00, 0x00, 0x00, 0x00, 0x0F, 0x00, 0x00, 0x03, 0xE0, 0x00, 0x00,
  0x7F, 0xFF, 0xF0, 0x3F, 0xFF, 0xE7, 0xFF, 0xFF, 0x03, 0xFF, 0xFE, 0x7F,
  0xFF, 0xF0, 0x3F, 0xFF, 0xE0, 0x7F, 0xC0, 0x00, 0x3F, 0xC0, 0x01, 0xFC,
  0x00, 0x01, 0xF0, 0x00, 0x0F, 0xE0, 0x00, 0x1E, 0x00, 0x00, 0xFF, 0x00,
  0x03, 0xE0, 0x00, 0x07, 0xF0, 0x00, 0x3C, 0x00, 0x00, 0x7F, 0x80, 0x07,
  0x80, 0x00, 0x03, 0xFC, 0x00, 0xF8, 0x00, 0x00, 0x1F, 0xC0, 0x0F, 0x00,
  0x00, 0x01, 0xFE, 0x01, 0xE0, 0x00, 0x00, 0x0F, 0xF0, 0x1E, 0x00, 0x00,
  0x00, 0x7F, 0x03, 0xC0, 0x00, 0x00, 0x07, 0xF8, 0x78, 0x00, 0x00, 0x00,
  0x3F, 0xC7, 0x80, 0x00, 0x00, 0x03, 0xFC, 0xF0, 0x00, 0x00, 0x00, 0x1F,
  0xEE, 0x00, 0x00, 0x00, 0x00, 0xFF, 0xC0, 0x00, 0x00, 0x00, 0x0F, 0xFC,
  0x00, 0x00, 0x00, 0x00, 0x7F, 0x80, 0x00, 0x00, 0x00, 0x03, 0xF8, 0x00,
  0x00, 0x00, 0x00, 0x3F, 0x80, 0x00, 0x00, 0x00, 0x01, 0xFC, 0x00, 0x00,
  0x00, 0x00, 0x1F, 0xE0, 0x00, 0x00, 0x00, 0x03, 0xFE, 0x00, 0x00, 0x00,
  0x00, 0x7F, 0xF0, 0x00, 0x00, 0x00, 0x07, 0x7F, 0x80, 0x00, 0x00, 0x00,
  0xF3, 0xF8, 0x00, 0x00, 0x00, 0x1E, 0x1F, 0xC0, 0x00, 0x00, 0x01, 0xC1,
  0xFE, 0x00, 0x00, 0x00, 0x3C, 0x0F, 0xE0, 0x00, 0x00, 0x07, 0x80, 0xFF,
  0x00, 0x00, 0x00, 0xF0, 0x07, 0xF0, 0x00, 0x00, 0x0F, 0x00, 0x7F, 0x80,
  0x00, 0x01, 0xE0, 0x03, 0xFC, 0x00, 0x00, 0x3E, 0x00, 0x1F, 0xC0, 0x00,
  0x03, 0xC0, 0x01, 0xFE, 0x00, 0x00, 0x78, 0x00, 0x0F, 0xF0, 0x00, 0x0F,
  0x80, 0x00, 0xFF, 0x00, 0x00, 0xF0, 0x00, 0x07, 0xF8, 0x00, 0x1F, 0x00,
  0x00, 0x7F, 0xC0, 0x07, 0xF0, 0x00, 0x03, 0xFE, 0x0F, 0xFF, 0xF0, 0x0F,
  0xFF, 0xFF, 0xFF, 0xFF, 0x00, 0xFF, 0xFF, 0xFF, 0xFF, 0xF0, 0x0F, 0xFF,
  0xFF, 0xFF, 0xFF, 0xE0, 0x0F, 0xFF, 0xFF, 0xFF, 0xFE, 0x00, 0xFF, 0xFF,
  0xFF, 0xFF, 0xE0, 0x0F, 0xFF, 0xE0, 0xFF, 0xC0, 0x00, 0x03, 0xF0, 0x07,
  0xF8, 0x00, 0x00, 0x3E, 0x00, 0x3F, 0xC0, 0x00, 0x03, 0xC0, 0x01, 0xFC,
  0x00, 0x00, 0x78, 0x00, 0x1F, 0xE0, 0x00, 0x07, 0x80, 0x00, 0xFE, 0x00,
  0x00, 0xF0, 0x00, 0x0F, 0xF0, 0x00, 0x0F, 0x00, 0x00, 0x7F, 0x00, 0x01,
  0xE0, 0x00, 0x07, 0xF8, 0x00, 0x1E, 0x00, 0x00, 0x3F, 0x80, 0x03, 0xC0,
  0x00, 0x01, 0xFC, 0x00, 0x3C, 0x00, 0x00, 0x1F, 0xC0, 0x07, 0x80, 0x00,
  0x00, 0xFE, 0x00, 0x78, 0x00, 0x00, 0x0F, 0xE0, 0x0F, 0x00, 0x00, 0x00,
  0x7F, 0x00, 0xF0, 0x00, 0x00, 0x07, 0xF0, 0x1E, 0x00, 0x00, 0x00, 0x3F,
  0x81, 0xC0, 0x00, 0x00, 0x03, 0xFC, 0x3C, 0x00, 0x00, 0x00, 0x1F, 0xC7,
  0x80, 0x00, 0x00, 0x00, 0xFE, 0x78, 0x00, 0x00, 0x00, 0x0F, 0xEF, 0x00,
  0x00, 0x00, 0x00, 0x7F, 0xF0, 0x00, 0x00, 0x00, 0x07, 0xFE, 0x00, 0x00,
  0x00, 0x00, 0x3F, 0xE0, 0x00, 0x00, 0x00, 0x03, 0xFC, 0x00, 0x00, 0x00,
  0x00, 0x1F, 0xC0, 0x00, 0x00, 0x00, 0x01, 0xFC, 0x00, 0x00, 0x00, 0x00,
  0x1F, 0xC0, 0x00, 0x00, 0x00, 0x01, 0xFC, 0x00, 0x00, 0x00, 0x00, 0x1F,
  0xC0, 0x00, 0x00, 0x00, 0x01, 0xFC, 0x00, 0x00, 0x00, 0x00, 0x1F, 0xC0,
  0x00, 0x00, 0x00, 0x01, 0xFC, 0x00, 0x00, 0x00, 0x00, 0x1F, 0xC0, 0x00,
  0x00, 0x00, 0x01, 0xFC, 0x00, 0x00, 0x00, 0x00, 0x1F, 0xC0, 0x00, 0x00,
  0x00, 0x01, 0xFC, 0x00, 0x00, 0x00, 0x00, 0x1F, 0xC0, 0x00, 0x00, 0x00,
  0x01, 0xFC, 0x00, 0x00, 0x00, 0x00, 0x3F, 0xE0, 0x00, 0x00, 0x00, 0xFF,
  0xFF, 0xF8, 0x00, 0x00, 0x0F, 0xFF, 0xFF, 0x80, 0x00, 0x00, 0xFF, 0xFF,
  0xF8, 0x00, 0x1F, 0xFF, 0xFF, 0xFF, 0xF1, 0xFF, 0xFF, 0xFF, 0xFF, 0x1F,
  0xFF, 0xFF, 0xFF, 0xF1, 0xFC, 0x00, 0x01, 0xFE, 0x1F, 0x80, 0x00, 0x3F,
  0xE1, 0xF0, 0x00, 0x03, 0xFC, 0x3E, 0x00, 0x00, 0x7F, 0x83, 0xE0, 0x00,
  0x0F, 0xF8, 0x3C, 0x00, 0x00, 0xFF, 0x03, 0x80, 0x00, 0x1F, 0xE0, 0x38,
  0x00, 0x03, 0xFE, 0x03, 0x80, 0x00, 0x3F, 0xC0, 0x30, 0x00, 0x07, 0xF8,
  0x03, 0x00, 0x00, 0xFF, 0x80, 0x00, 0x00, 0x0F, 0xF0, 0x00, 0x00, 0x01,
  0xFE, 0x00, 0x00, 0x00, 0x3F, 0xE0, 0x00, 0x00, 0x03, 0xFC, 0x00, 0x00,
  0x00, 0x7F, 0x80, 0x00, 0x00, 0x0F, 0xF8, 0x00, 0x00, 0x00, 0xFF, 0x00,
  0x00, 0x00, 0x1F, 0xE0, 0x00, 0x00, 0x03, 0xFE, 0x00, 0x00, 0x00, 0x3F,
  0xC0, 0x00, 0x00, 0x07, 0xF8, 0x00, 0x00, 0x00, 0xFF, 0x80, 0x00, 0x00,
  0x0F, 0xF0, 0x00, 0x00, 0x01, 0xFE, 0x00, 0x00, 0x00, 0x3F, 0xE0, 0x00,
  0x00, 0x03, 0xFC, 0x00, 0x00, 0x00, 0x7F, 0x80, 0x00, 0x00, 0x0F, 0xF8,
  0x00, 0x03, 0x00, 0xFF, 0x00, 0x00, 0x70, 0x1F, 0xE0, 0x00, 0x07, 0x03,
  0xFE, 0x00, 0x00, 0xF0, 0x3F, 0xC0, 0x00, 0x0F, 0x07, 0xF8, 0x00, 0x01,
  0xF0, 0xFF, 0x80, 0x00, 0x1E, 0x0F, 0xF0, 0x00, 0x03, 0xE1, 0xFE, 0x00,
  0x00, 0x7E, 0x3F, 0xE0, 0x00, 0x07, 0xE3, 0xFC, 0x00, 0x00, 0xFE, 0x7F,
  0x80, 0x00, 0x3F, 0xEF, 0xFF, 0xFF, 0xFF, 0xFE, 0xFF, 0xFF, 0xFF, 0xFF,
  0xEF, 0xFF, 0xFF, 0xFF, 0xFC, 0xFF, 0xFF, 0xFF, 0xFF, 0xFF, 0xFF, 0xE0,
  0x0F, 0xC0, 0x1F, 0x80, 0x3F, 0x00, 0x7E, 0x00, 0xFC, 0x01, 0xF8, 0x03,
  0xF0, 0x07, 0xE0, 0x0F, 0xC0, 0x1F, 0x80, 0x3F, 0x00, 0x7E, 0x00, 0xFC,
  0x01, 0xF8, 0x03, 0xF0, 0x07, 0xE0, 0x0F, 0xC0, 0x1F, 0x80, 0x3F, 0x00,
  0x7E, 0x00, 0xFC, 0x01, 0xF8, 0x03, 0xF0, 0x07, 0xE0, 0x0F, 0xC0, 0x1F,
  0x80, 0x3F, 0x00, 0x7E, 0x00, 0xFC, 0x01, 0xF8, 0x03, 0xF0, 0x07, 0xE0,
  0x0F, 0xC0, 0x1F, 0x80, 0x3F, 0x00, 0x7E, 0x00, 0xFC, 0x01, 0xF8, 0x03,
  0xF0, 0x07, 0xE0, 0x0F, 0xC0, 0x1F, 0x80, 0x3F, 0x00, 0x7E, 0x00, 0xFC,
  0x01, 0xF8, 0x03, 0xF0, 0x07, 0xE0, 0x0F, 0xC0, 0x1F, 0x80, 0x3F, 0x00,
  0x7E, 0x00, 0xFC, 0x01, 0xF8, 0x03, 0xFF, 0xFF, 0xFF, 0xFF, 0xFF, 0xE0,
  0xF0, 0x00, 0x1E, 0x00, 0x03, 0xE0, 0x00, 0x7C, 0x00, 0x07, 0x80, 0x00,
  0xF0, 0x00, 0x1F, 0x00, 0x03, 0xE0, 0x00, 0x3C, 0x00, 0x07, 0x80, 0x00,
  0xF0, 0x00, 0x1F, 0x00, 0x01, 0xE0, 0x00, 0x3C, 0x00, 0x07, 0x80, 0x00,
  0xF8, 0x00, 0x1F, 0x00, 0x01, 0xE0, 0x00, 0x3C, 0x00, 0x07, 0xC0, 0x00,
  0xF8, 0x00, 0x0F, 0x00, 0x01, 0xE0, 0x00, 0x3E, 0x00, 0x07, 0xC0, 0x00,
  0x78, 0x00, 0x0F, 0x00, 0x01, 0xE0, 0x00, 0x3E, 0x00, 0x07, 0xC0, 0x00,
  0x78, 0x00, 0x0F, 0x00, 0x01, 0xF0, 0x00, 0x3E, 0x00, 0x03, 0xC0, 0x00,
  0x78, 0x00, 0x0F, 0x80, 0x01, 0xF0, 0x00, 0x1E, 0x00, 0x03, 0xC0, 0x00,
  0x78, 0x00, 0x0F, 0x80, 0x01, 0xF0, 0x00, 0x1E, 0x00, 0x03, 0xC0, 0x00,
  0x7C, 0x00, 0x0F, 0x80, 0x00, 0xF0, 0x00, 0x1E, 0x00, 0x03, 0xE0, 0x00,
  0x7C, 0x00, 0x07, 0x80, 0x00, 0xF0, 0x00, 0x1E, 0x00, 0x03, 0xE0, 0x00,
  0x3C, 0x00, 0x07, 0x80, 0x00, 0xF0, 0x00, 0x1F, 0x00, 0x03, 0xE0, 0x00,
  0x3C, 0x00, 0x07, 0x80, 0x00, 0xF8, 0x00, 0x1F, 0x00, 0x01, 0xE0, 0x00,
  0x3C, 0x00, 0x07, 0x80, 0xFF, 0xFF, 0xFF, 0xFF, 0xFF, 0xC0, 0x3F, 0x00,
  0xFC, 0x03, 0xF0, 0x0F, 0xC0, 0x3F, 0x00, 0xFC, 0x03, 0xF0, 0x0F, 0xC0,
  0x3F, 0x00, 0xFC, 0x03, 0xF0, 0x0F, 0xC0, 0x3F, 0x00, 0xFC, 0x03, 0xF0,
  0x0F, 0xC0, 0x3F, 0x00, 0xFC, 0x03, 0xF0, 0x0F, 0xC0, 0x3F, 0x00, 0xFC,
  0x03, 0xF0, 0x0F, 0xC0, 0x3F, 0x00, 0xFC, 0x03, 0xF0, 0x0F, 0xC0, 0x3F,
  0x00, 0xFC, 0x03, 0xF0, 0x0F, 0xC0, 0x3F, 0x00, 0xFC, 0x03, 0xF0, 0x0F,
  0xC0, 0x3F, 0x00, 0xFC, 0x03, 0xF0, 0x0F, 0xC0, 0x3F, 0x00, 0xFC, 0x03,
  0xF0, 0x0F, 0xC0, 0x3F, 0x00, 0xFC, 0x03, 0xF0, 0x0F, 0xC0, 0x3F, 0x00,
  0xFC, 0x03, 0xF0, 0x0F, 0xC0, 0x3F, 0x00, 0xFC, 0x03, 0xFF, 0xFF, 0xFF,
  0xFF, 0xFF, 0xFC, 0x00, 0x01, 0xE0, 0x00, 0x00, 0x00, 0x3E, 0x00, 0x00,
  0x00, 0x07, 0xC0, 0x00, 0x00, 0x01, 0xFC, 0x00, 0x00, 0x00, 0x3F, 0x80,
  0x00, 0x00, 0x0F, 0xF0, 0x00, 0x00, 0x01, 0xEF, 0x00, 0x00, 0x00, 0x7D,
  0xE0, 0x00, 0x00, 0x0F, 0x1E, 0x00, 0x00, 0x01, 0xE3, 0xC0, 0x00, 0x00,
  0x78, 0x7C, 0x00, 0x00, 0x0F, 0x07, 0x80, 0x00, 0x03, 0xE0, 0xF0, 0x00,
  0x00, 0x78, 0x0F, 0x00, 0x00, 0x0F, 0x01, 0xE0, 0x00, 0x03, 0xC0, 0x3E,
  0x00, 0x00, 0x78, 0x03, 0xC0, 0x00, 0x1F, 0x00, 0x7C, 0x00, 0x03, 0xC0,
  0x07, 0x80, 0x00, 0xF8, 0x00, 0xF0, 0x00, 0x1F, 0x00, 0x1F, 0x00, 0x03,
  0xC0, 0x01, 0xE0, 0x00, 0xF8, 0x00, 0x3E, 0x00, 0x1E, 0x00, 0x03, 0xC0,
  0x07, 0xC0, 0x00, 0x7C, 0x00, 0xF8, 0x00, 0x0F, 0x80, 0x3E, 0x00, 0x00,
  0xF0, 0x07, 0xC0, 0x00, 0x1F, 0x00, 0xF0, 0x00, 0x01, 0xE0, 0x3E, 0x00,
  0x00, 0x3E, 0x07, 0xC0, 0x00, 0x07, 0xC1, 0xF0, 0x00, 0x00, 0x78, 0x3E,
  0x00, 0x00, 0x0F, 0x8F, 0x80, 0x00, 0x00, 0xF1, 0xF0, 0x00, 0x00, 0x1F,
  0x3E, 0x00, 0x00, 0x03, 0xEF, 0x80, 0x00, 0x00, 0x3E, 0xFF, 0xFF, 0xFF,
  0xFF, 0xFF, 0xFF, 0xFF, 0xFF, 0xFF, 0xFF, 0xFF, 0xFF, 0xFF, 0xFF, 0xFF,
  0xFF, 0xF0, 0x38, 0x00, 0xF8, 0x03, 0xF8, 0x07, 0xF8, 0x0F, 0xF8, 0x0F,
  0xF0, 0x0F, 0xF0, 0x0F, 0xF0, 0x07, 0xF0, 0x03, 0xE0, 0x03, 0xE0, 0x03,
  0xE0, 0x01, 0xE0, 0x01, 0xC0, 0x01, 0x00, 0x00, 0x04, 0x00, 0x00, 0x0F,
  0xFF, 0x80, 0x01, 0xFF, 0xFF, 0x00, 0x3F, 0xFF, 0xFC, 0x03, 0xF8, 0x0F,
  0xE0, 0x3F, 0xC0, 0x1F, 0x81, 0xFC, 0x00, 0xFC, 0x1F, 0xE0, 0x03, 0xF0,
  0xFE, 0x00, 0x1F, 0x83, 0xF0, 0x00, 0xFC, 0x1F, 0x00, 0x07, 0xE0, 0x78,
  0x00, 0x3F, 0x00, 0x00, 0x01, 0xF8, 0x00, 0x00, 0x0F, 0xC0, 0x00, 0x01,
  0xFE, 0x00, 0x03, 0xFF, 0xF0, 0x00, 0xFF, 0xFF, 0x80, 0x3F, 0xF0, 0xFC,
  0x03, 0xF8, 0x07, 0xE0, 0x3F, 0x80, 0x3F, 0x03, 0xF8, 0x01, 0xF8, 0x3F,
  0x80, 0x0F, 0xC3, 0xF8, 0x00, 0x7E, 0x1F, 0xC0, 0x03, 0xF0, 0xFE, 0x00,
  0x1F, 0x87, 0xF0, 0x00, 0xFC, 0x3F, 0x80, 0x07, 0xE1, 0xFC, 0x00, 0x3F,
  0x0F, 0xF0, 0x01, 0xF8, 0x3F, 0x80, 0x3F, 0xC1, 0xFF, 0x07, 0xFF, 0x07,
  0xFF, 0xF3, 0xFF, 0x0F, 0xFF, 0x1F, 0xF0, 0x1F, 0xC0, 0x7E, 0x00, 0xFF,
  0xF0, 0x00, 0x00, 0x1F, 0xFE, 0x00, 0x00, 0x03, 0xFF, 0xC0, 0x00, 0x00,
  0x07, 0xF8, 0x00, 0x00, 0x00, 0x7F, 0x00, 0x00, 0x00, 0x07, 0xE0, 0x00,
  0x00, 0x00, 0xFC, 0x00, 0x00, 0x00, 0x1F, 0x80, 0x00, 0x00, 0x03, 0xF0,
  0x00, 0x00, 0x00, 0x7E, 0x00, 0x00, 0x00, 0x0F, 0xC0, 0x00, 0x00, 0x01,
  0xF8, 0x00, 0x00, 0x00, 0x3F, 0x00, 0x00, 0x00, 0x07, 0xE0, 0x00, 0x00,
  0x00, 0xFC, 0x00, 0x00, 0x00, 0x1F, 0x80, 0x00, 0x00, 0x03, 0xF0, 0x00,
  0x00, 0x00, 0x7E, 0x00, 0x00, 0x00, 0x0F, 0xC1, 0xFF, 0x80, 0x01, 0xF8,
  0xFF, 0xFC, 0x00, 0x3F, 0x7F, 0xFF, 0xC0, 0x07, 0xFC, 0x03, 0xFC, 0x00,
  0xFF, 0x00, 0x1F, 0xC0, 0x1F, 0xC0, 0x03, 0xF8, 0x03, 0xF0, 0x00, 0x3F,
  0x80, 0x7E, 0x00, 0x03, 0xF0, 0x0F, 0xC0, 0x00, 0x7F, 0x01, 0xF8, 0x00,
  0x0F, 0xE0, 0x3F, 0x00, 0x01, 0xFC, 0x07, 0xE0, 0x00, 0x1F, 0xC0, 0xFC,
  0x00, 0x03, 0xF8, 0x1F, 0x80, 0x00, 0x7F, 0x03, 0xF0, 0x00, 0x0F, 0xE0,
  0x7E, 0x00, 0x01, 0xFC, 0x0F, 0xC0, 0x00, 0x3F, 0x81, 0xF8, 0x00, 0x07,
  0xF0, 0x3F, 0x00, 0x00, 0xFE, 0x07, 0xE0, 0x00, 0x1F, 0xC0, 0xFC, 0x00,
  0x03, 0xF8, 0x1F, 0x80, 0x00, 0x7E, 0x03, 0xF0, 0x00, 0x1F, 0xC0, 0x7E,
  0x00, 0x03, 0xF8, 0x0F, 0xC0, 0x00, 0x7E, 0x01, 0xF8, 0x00, 0x1F, 0xC0,
  0x3F, 0x00, 0x03, 0xF0, 0x07, 0xF0, 0x00, 0xFE, 0x00, 0xFF, 0x00, 0x3F,
  0x80, 0x1F, 0xF8, 0x1F, 0xE0, 0x03, 0xEF, 0xFF, 0xF8, 0x00, 0x78, 0xFF,
  0xFC, 0x00, 0x0C, 0x03, 0xFE, 0x00, 0x00, 0x00, 0x00, 0x00, 0x00, 0x07,
  0xFF, 0x00, 0x03, 0xFF, 0xF8, 0x01, 0xFF, 0xFF, 0x80, 0x7F, 0x01, 0xF8,
  0x1F, 0xC0, 0x3F, 0x87, 0xF0, 0x03, 0xF1, 0xFC, 0x00, 0x7E, 0x3F, 0x00,
  0x07, 0xCF, 0xE0, 0x00, 0xF9, 0xFC, 0x00, 0x0F, 0x3F, 0x00, 0x01, 0xCF,
  0xE0, 0x00, 0x01, 0xFC, 0x00, 0x00, 0x3F, 0x80, 0x00, 0x07, 0xF0, 0x00,
  0x00, 0xFE, 0x00, 0x00, 0x1F, 0xC0, 0x00, 0x03, 0xF8, 0x00, 0x00, 0x7F,
  0x00, 0x00, 0x0F, 0xE0, 0x00, 0x01, 0xFC, 0x00, 0x00, 0x3F, 0x80, 0x00,
  0x03, 0xF8, 0x00, 0x00, 0x7F, 0x00, 0x00, 0x0F, 0xE0, 0x00, 0x00, 0xFE,
  0x00, 0x02, 0x1F, 0xE0, 0x00, 0xE1, 0xFC, 0x00, 0x38, 0x1F, 0xE0, 0x0F,
  0x01, 0xFF, 0x07, 0xC0, 0x1F, 0xFF, 0xF0, 0x01, 0xFF, 0xF8, 0x00, 0x07,
  0xFC, 0x00, 0x00, 0x00, 0xFF, 0xF8, 0x00, 0x00, 0x3F, 0xFE, 0x00, 0x00,
  0x07, 0xFF, 0x80, 0x00, 0x00, 0x1F, 0xE0, 0x00, 0x00, 0x03, 0xF8, 0x00,
  0x00, 0x00, 0x7E, 0x00, 0x00, 0x00, 0x1F, 0x80, 0x00, 0x00, 0x07, 0xE0,
  0x00, 0x00, 0x01, 0xF8, 0x00, 0x00, 0x00, 0x7E, 0x00, 0x00, 0x00, 0x1F,
  0x80, 0x00, 0x00, 0x07, 0xE0, 0x00, 0x00, 0x01, 0xF8, 0x00, 0x00, 0x00,
  0x7E, 0x00, 0x00, 0x00, 0x1F, 0x80, 0x00, 0x00, 0x07, 0xE0, 0x00, 0x00,
  0x01, 0xF8, 0x00, 0x00, 0x00, 0x7E, 0x00, 0x07, 0xFF, 0x9F, 0x80, 0x07,
  0xFF, 0xF7, 0xE0, 0x07, 0xFF, 0xFF, 0xF8, 0x03, 0xF8, 0x01, 0xFE, 0x00,
  0xFC, 0x00, 0x3F, 0x80, 0x7E, 0x00, 0x07, 0xE0, 0x3F, 0x80, 0x01, 0xF8,
  0x0F, 0xC0, 0x00, 0x7E, 0x07, 0xF0, 0x00, 0x1F, 0x81, 0xFC, 0x00, 0x07,
  0xE0, 0x7E, 0x00, 0x01, 0xF8, 0x3F, 0x80, 0x00, 0x7E, 0x0F, 0xE0, 0x00,
  0x1F, 0x83, 0xF8, 0x00, 0x07, 0xE0, 0xFE, 0x00, 0x01, 0xF8, 0x3F, 0x80,
  0x00, 0x7E, 0x0F, 0xE0, 0x00, 0x1F, 0x83, 0xF8, 0x00, 0x07, 0xE0, 0xFE,
  0x00, 0x01, 0xF8, 0x3F, 0x80, 0x00, 0x7E, 0x0F, 0xE0, 0x00, 0x1F, 0x83,
  0xF8, 0x00, 0x07, 0xE0, 0x7F, 0x00, 0x01, 0xF8, 0x1F, 0xC0, 0x00, 0x7E,
  0x07, 0xF0, 0x00, 0x1F, 0x80, 0xFE, 0x00, 0x07, 0xE0, 0x3F, 0x80, 0x01,
  0xF8, 0x07, 0xF0, 0x00, 0xFE, 0x00, 0xFE, 0x00, 0x7F, 0xC0, 0x3F, 0xE0,
  0x77, 0xFC, 0x03, 0xFF, 0xF9, 0xFF, 0xC0, 0x7F, 0xFC, 0x7F, 0xF0, 0x03,
  0xF8, 0x00, 0x00, 0x00, 0x02, 0x00, 0x00, 0x07, 0xFF, 0x80, 0x01, 0xFF,
  0xFE, 0x00, 0x3F, 0xFF, 0xF0, 0x07, 0xC0, 0x3F, 0x80, 0xF8, 0x01, 0xFC,
  0x1F, 0x00, 0x0F, 0xC3, 0xF0, 0x00, 0xFE, 0x3F, 0x00, 0x0F, 0xE7, 0xE0,
  0x00, 0x7E, 0x7E, 0x00, 0x07, 0xF7, 0xE0, 0x00, 0x7F, 0xFE, 0x00, 0x07,
  0xFF, 0xE0, 0x00, 0x7F, 0xFF, 0xFF, 0xFF, 0xFF, 0xFF, 0xFF, 0xFF, 0xFF,
  0xFF, 0xFF, 0xFF, 0xE0, 0x00, 0x00, 0xFE, 0x00, 0x00, 0x0F, 0xE0, 0x00,
  0x00, 0xFE, 0x00, 0x00, 0x0F, 0xE0, 0x00, 0x00, 0x7F, 0x00, 0x00, 0x07,
  0xF0, 0x00, 0x00, 0x7F, 0x00, 0x00, 0x07, 0xF0, 0x00, 0x00, 0x3F, 0x80,
  0x00, 0x83, 0xFC, 0x00, 0x1C, 0x1F, 0xC0, 0x03, 0xC0, 0xFF, 0x00, 0x78,
  0x07, 0xFC, 0x1F, 0x00, 0x3F, 0xFF, 0xE0, 0x00, 0xFF, 0xFC, 0x00, 0x03,
  0xFE, 0x00, 0x00, 0x07, 0xF0, 0x00, 0x3F, 0xF0, 0x00, 0xFF, 0xF0, 0x07,
  0xCF, 0xE0, 0x0F, 0x0F, 0xC0, 0x3E, 0x0F, 0x80, 0xFC, 0x1F, 0x01, 0xF0,
  0x18, 0x03, 0xE0, 0x00, 0x0F, 0xC0, 0x00, 0x1F, 0x80, 0x00, 0x3F, 0x00,
  0x00, 0x7E, 0x00, 0x00, 0xFC, 0x00, 0x01, 0xF8, 0x00, 0x03, 0xF0, 0x00,
  0x07, 0xE0, 0x00, 0x0F, 0xC0, 0x01, 0xFF, 0xFF, 0x07, 0xFF, 0xFE, 0x0F,
  0xFF, 0xFC, 0x00, 0xFC, 0x00, 0x01, 0xF8, 0x00, 0x03, 0xF0, 0x00, 0x07,
  0xE0, 0x00, 0x0F, 0xC0, 0x00, 0x1F, 0x80, 0x00, 0x3F, 0x00, 0x00, 0x7E,
  0x00, 0x00, 0xFC, 0x00, 0x01, 0xF8, 0x00, 0x03, 0xF0, 0x00, 0x07, 0xE0,
  0x00, 0x0F, 0xC0, 0x00, 0x1F, 0x80, 0x00, 0x3F, 0x00, 0x00, 0x7E, 0x00,
  0x00, 0xFC, 0x00, 0x01, 0xF8, 0x00, 0x03, 0xF0, 0x00, 0x07, 0xE0, 0x00,
  0x0F, 0xC0, 0x00, 0x1F, 0x80, 0x00, 0x3F, 0x00, 0x00, 0x7E, 0x00, 0x00,
  0xFC, 0x00, 0x01, 0xFC, 0x00, 0x0F, 0xFC, 0x00, 0xFF, 0xFF, 0x81, 0xFF,
  0xFF, 0x01, 0xFF, 0xFC, 0x00, 0x00, 0x00, 0x00, 0x00, 0x00, 0x3F, 0xF8,
  0x3F, 0x00, 0x7F, 0xFF, 0x3F, 0xC0, 0xFF, 0xFF, 0xFB, 0xE0, 0xFC, 0x03,
  0xF9, 0xF0, 0x7C, 0x00, 0xF8, 0x78, 0x7E, 0x00, 0x7E, 0x1C, 0x3E, 0x00,
  0x3F, 0x0E, 0x3F, 0x00, 0x0F, 0xC0, 0x1F, 0x80, 0x07, 0xE0, 0x0F, 0xC0,
  0x03, 0xF0, 0x07, 0xE0, 0x01, 0xF8, 0x03, 0xF0, 0x00, 0xFC, 0x01, 0xF8,
  0x00, 0x7E, 0x00, 0x7C, 0x00, 0x3F, 0x00, 0x3F, 0x00, 0x3F, 0x00, 0x1F,
  0x80, 0x1F, 0x80, 0x07, 0xE0, 0x1F, 0x80, 0x01, 0xF8, 0x1F, 0x80, 0x00,
  0x7F, 0xFF, 0x80, 0x00, 0x3F, 0xFF, 0x00, 0x00, 0x3B, 0xFE, 0x00, 0x00,
  0x38, 0x00, 0x00, 0x00, 0x3C, 0x00, 0x00, 0x00, 0x3E, 0x00, 0x00, 0x00,
  0x1F, 0x00, 0x00, 0x00, 0x0F, 0xC0, 0x00, 0x00, 0x07, 0xF0, 0x00, 0x00,
  0x03, 0xFF, 0xFF, 0xE0, 0x01, 0xFF, 0xFF, 0xFE, 0x00, 0x7F, 0xFF, 0xFF,
  0x80, 0x1F, 0xFF, 0xFF, 0xE0, 0x07, 0xFF, 0xFF, 0xF0, 0x0F, 0x7F, 0xFF,
  0xFC, 0x0F, 0x80, 0x00, 0xFE, 0x0F, 0x80, 0x00, 0x1F, 0x0F, 0xC0, 0x00,
  0x0F, 0x87, 0xE0, 0x00, 0x03, 0xC3, 0xF0, 0x00, 0x01, 0xE1, 0xF8, 0x00,
  0x00, 0xF0, 0xFC, 0x00, 0x00, 0x70, 0x7F, 0x00, 0x00, 0x78, 0x1F, 0x80,
  0x00, 0x3C, 0x0F, 0xE0, 0x00, 0x3C, 0x03, 0xF8, 0x00, 0x3C, 0x00, 0xFF,
  0x80, 0xFC, 0x00, 0x1F, 0xFF, 0xFC, 0x00, 0x07, 0xFF, 0xF8, 0x00, 0x00,
  0x3F, 0xE0, 0x00, 0x00, 0xFF, 0xF0, 0x00, 0x00, 0x07, 0xFF, 0x80, 0x00,
  0x00, 0x3F, 0xFC, 0x00, 0x00, 0x00, 0x1F, 0xE0, 0x00, 0x00, 0x00, 0x7F,
  0x00, 0x00, 0x00, 0x01, 0xF8, 0x00, 0x00, 0x00, 0x0F, 0xC0, 0x00, 0x00,
  0x00, 0x7E, 0x00, 0x00, 0x00, 0x03, 0xF0, 0x00, 0x00, 0x00, 0x1F, 0x80,
  0x00, 0x00, 0x00, 0xFC, 0x00, 0x00, 0x00, 0x07, 0xE0, 0x00, 0x00, 0x00,
  0x3F, 0x00, 0x00, 0x00, 0x01, 0xF8, 0x00, 0x00, 0x00, 0x0F, 0xC0, 0x00,
  0x00, 0x00, 0x7E, 0x00, 0x00, 0x00, 0x03, 0xF0, 0x00, 0x00, 0x00, 0x1F,
  0x80, 0x00, 0x00, 0x00, 0xFC, 0x07, 0xFE, 0x00, 0x07, 0xE0, 0xFF, 0xF8,
  0x00, 0x3F, 0x1F, 0xFF, 0xE0, 0x01, 0xF9, 0xFF, 0xFF, 0x00, 0x0F, 0xDE,
  0x01, 0xFC, 0x00, 0x7F, 0xC0, 0x07, 0xE0, 0x03, 0xF8, 0x00, 0x3F, 0x00,
  0x1F, 0x80, 0x01, 0xF8, 0x00, 0xFC, 0x00, 0x0F, 0xC0, 0x07, 0xE0, 0x00,
  0x7E, 0x00, 0x3F, 0x00, 0x03, 0xF0, 0x01, 0xF8, 0x00, 0x1F, 0x80, 0x0F,
  0xC0, 0x00, 0xFC, 0x00, 0x7E, 0x00, 0x07, 0xE0, 0x03, 0xF0, 0x00, 0x3F,
  0x00, 0x1F, 0x80, 0x01, 0xF8, 0x00, 0xFC, 0x00, 0x0F, 0xC0, 0x07, 0xE0,
  0x00, 0x7E, 0x00, 0x3F, 0x00, 0x03, 0xF0, 0x01, 0xF8, 0x00, 0x1F, 0x80,
  0x0F, 0xC0, 0x00, 0xFC, 0x00, 0x7E, 0x00, 0x07, 0xE0, 0x03, 0xF0, 0x00,
  0x3F, 0x00, 0x1F, 0x80, 0x01, 0xF8, 0x00, 0xFC, 0x00, 0x0F, 0xC0, 0x07,
  0xE0, 0x00, 0x7E, 0x00, 0x3F, 0x00, 0x03, 0xF0, 0x01, 0xF8, 0x00, 0x1F,
  0x80, 0x0F, 0xC0, 0x00, 0xFC, 0x00, 0xFF, 0x00, 0x1F, 0xF0, 0x3F, 0xFF,
  0x87, 0xFF, 0xFB, 0xFF, 0xFC, 0x3F, 0xFF, 0xDF, 0xFF, 0xE1, 0xFF, 0xFE,
  0x01, 0xE0, 0x01, 0xF8, 0x01, 0xFE, 0x00, 0xFF, 0x00, 0x7F, 0x80, 0x3F,
  0xC0, 0x1F, 0xE0, 0x07, 0xE0, 0x01, 0xE0, 0x00, 0x00, 0x00, 0x00, 0x00,
  0x00, 0x00, 0x00, 0x00, 0x00, 0x00, 0x00, 0x01, 0xFF, 0xE0, 0xFF, 0xF0,
  0x7F, 0xF8, 0x03, 0xFC, 0x00, 0xFE, 0x00, 0x3F, 0x00, 0x1F, 0x80, 0x0F,
  0xC0, 0x07, 0xE0, 0x03, 0xF0, 0x01, 0xF8, 0x00, 0xFC, 0x00, 0x7E, 0x00,
  0x3F, 0x00, 0x1F, 0x80, 0x0F, 0xC0, 0x07, 0xE0, 0x03, 0xF0, 0x01, 0xF8,
  0x00, 0xFC, 0x00, 0x7E, 0x00, 0x3F, 0x00, 0x1F, 0x80, 0x0F, 0xC0, 0x07,
  0xE0, 0x03, 0xF0, 0x01, 0xF8, 0x00, 0xFC, 0x00, 0xFF, 0x03, 0xFF, 0xF3,
  0xFF, 0xFD, 0xFF, 0xFE, 0x00, 0x3C, 0x00, 0x7E, 0x00, 0xFF, 0x00, 0xFF,
  0x00, 0xFF, 0x00, 0xFF, 0x00, 0xFF, 0x00, 0x7E, 0x00, 0x3C, 0x00, 0x00,
  0x00, 0x00, 0x00, 0x00, 0x00, 0x00, 0x00, 0x00, 0x00, 0x00, 0x0F, 0xFF,
  0x0F, 0xFF, 0x0F, 0xFF, 0x00, 0xFF, 0x00, 0x7F, 0x00, 0x3F, 0x00, 0x3F,
  0x00, 0x3F, 0x00, 0x3F, 0x00, 0x3F, 0x00, 0x3F, 0x00, 0x3F, 0x00, 0x3F,
  0x00, 0x3F, 0x00, 0x3F, 0x00, 0x3F, 0x00, 0x3F, 0x00, 0x3F, 0x00, 0x3F,
  0x00, 0x3F, 0x00, 0x3F, 0x00, 0x3F, 0x00, 0x3F, 0x00, 0x3F, 0x00, 0x3F,
  0x00, 0x3F, 0x00, 0x3F, 0x00, 0x3F, 0x00, 0x3F, 0x00, 0x3F, 0x00, 0x3F,
  0x00, 0x3F, 0x00, 0x3F, 0x00, 0x3F, 0x00, 0x3F, 0x00, 0x3F, 0x00, 0x3F,
  0x00, 0x3F, 0x00, 0x3E, 0x18, 0x3E, 0x78, 0x3E, 0x7C, 0x7C, 0x7C, 0x7C,
  0x7E, 0xF8, 0x7F, 0xF0, 0x3F, 0xE0, 0x1F, 0x80, 0xFF, 0xF0, 0x00, 0x00,
  0x1F, 0xFE, 0x00, 0x00, 0x03, 0xFF, 0xC0, 0x00, 0x00, 0x07, 0xF8, 0x00,
  0x00, 0x00, 0x7F, 0x00, 0x00, 0x00, 0x07, 0xE0, 0x00, 0x00, 0x00, 0xFC,
  0x00, 0x00, 0x00, 0x1F, 0x80, 0x00, 0x00, 0x03, 0xF0, 0x00, 0x00, 0x00,
  0x7E, 0x00, 0x00, 0x00, 0x0F, 0xC0, 0x00, 0x00, 0x01, 0xF8, 0x00, 0x00,
  0x00, 0x3F, 0x00, 0x00, 0x00, 0x07, 0xE0, 0x00, 0x00, 0x00, 0xFC, 0x00,
  0x00, 0x00, 0x1F, 0x80, 0x00, 0x00, 0x03, 0xF0, 0x00, 0x00, 0x00, 0x7E,
  0x00, 0x00, 0x00, 0x0F, 0xC0, 0x7F, 0xFF, 0x01, 0xF8, 0x0F, 0xFF, 0xE0,
  0x3F, 0x01, 0xFF, 0xFC, 0x07, 0xE0, 0x03, 0xFC, 0x00, 0xFC, 0x00, 0x3E,
  0x00, 0x1F, 0x80, 0x0F, 0x80, 0x03, 0xF0, 0x03, 0xC0, 0x00, 0x7E, 0x00,
  0xF8, 0x00, 0x0F, 0xC0, 0x3E, 0x00, 0x01, 0xF8, 0x0F, 0x80, 0x00, 0x3F,
  0x03, 0xE0, 0x00, 0x07, 0xE0, 0xF8, 0x00, 0x00, 0xFC, 0x3F, 0x00, 0x00,
  0x1F, 0x87, 0xE0, 0x00, 0x03, 0xF1, 0xFE, 0x00, 0x00, 0x7E, 0x7F, 0xC0,
  0x00, 0x0F, 0xDF, 0xFC, 0x00, 0x01, 0xFF, 0xBF, 0x80, 0x00, 0x3F, 0xE3,
  0xF8, 0x00, 0x07, 0xF8, 0x7F, 0x00, 0x00, 0xFE, 0x07, 0xF0, 0x00, 0x1F,
  0x80, 0x7F, 0x00, 0x03, 0xF0, 0x0F, 0xE0, 0x00, 0x7E, 0x00, 0xFE, 0x00,
  0x0F, 0xC0, 0x1F, 0xE0, 0x01, 0xF8, 0x01, 0xFC, 0x00, 0x3F, 0x00, 0x3F,
  0xC0, 0x07, 0xE0, 0x03, 0xFC, 0x00, 0xFC, 0x00, 0x7F, 0x80, 0x3F, 0xC0,
  0x07, 0xFC, 0x3F, 0xFF, 0x80, 0xFF, 0xEF, 0xFF, 0xF0, 0x0F, 0xFD, 0xFF,
  0xFE, 0x01, 0xFF, 0x80, 0x7F, 0xE0, 0x7F, 0xF8, 0x3F, 0xFC, 0x07, 0xFE,
  0x00, 0x7F, 0x00, 0x1F, 0x80, 0x0F, 0xC0, 0x07, 0xE0, 0x03, 0xF0, 0x01,
  0xF8, 0x00, 0xFC, 0x00, 0x7E, 0x00, 0x3F, 0x00, 0x1F, 0x80, 0x0F, 0xC0,
  0x07, 0xE0, 0x03, 0xF0, 0x01, 0xF8, 0x00, 0xFC, 0x00, 0x7E, 0x00, 0x3F,
  0x00, 0x1F, 0x80, 0x0F, 0xC0, 0x07, 0xE0, 0x03, 0xF0, 0x01, 0xF8, 0x00,
  0xFC, 0x00, 0x7E, 0x00, 0x3F, 0x00, 0x1F, 0x80, 0x0F, 0xC0, 0x07, 0xE0,
  0x03, 0xF0, 0x01, 0xF8, 0x00, 0xFC, 0x00, 0x7E, 0x00, 0x3F, 0x00, 0x1F,
  0x80, 0x0F, 0xC0, 0x07, 0xE0, 0x03, 0xF0, 0x01, 0xF8, 0x00, 0xFC, 0x00,
  0x7E, 0x00, 0x3F, 0x00, 0x1F, 0x80, 0x0F, 0xC0, 0x0F, 0xF0, 0x3F, 0xFF,
  0x3F, 0xFF, 0xDF, 0xFF, 0xE0, 0x00, 0x00, 0x00, 0x00, 0x00, 0x00, 0x00,
  0xFF, 0xE0, 0x3F, 0xF0, 0x07, 0xFF, 0x00, 0xFF, 0xE0, 0xFF, 0xF8, 0x1F,
  0xFF, 0x80, 0xFF, 0xE3, 0xFF, 0xFC, 0x3F, 0xFF, 0xC0, 0x0F, 0xE7, 0xFF,
  0xFC, 0xFF, 0xFF, 0xC0, 0x07, 0xEF, 0x00, 0xFF, 0xF0, 0x0F, 0xE0, 0x03,
  0xFC, 0x00, 0x7F, 0xC0, 0x07, 0xE0, 0x03, 0xF8, 0x00, 0x7F, 0x00, 0x07,
  0xE0, 0x03, 0xF0, 0x00, 0x7E, 0x00, 0x07, 0xE0, 0x03, 0xF0, 0x00, 0x7E,
  0x00, 0x07, 0xE0, 0x03, 0xF0, 0x00, 0x7E, 0x00, 0x07, 0xE0, 0x03, 0xF0,
  0x00, 0x7E, 0x00, 0x07, 0xE0, 0x03, 0xF0, 0x00, 0x7E, 0x00, 0x07, 0xE0,
  0x03, 0xF0, 0x00, 0x7E, 0x00, 0x07, 0xE0, 0x03, 0xF0, 0x00, 0x7E, 0x00,
  0x07, 0xE0, 0x03, 0xF0, 0x00, 0x7E, 0x00, 0x07, 0xE0, 0x03, 0xF0, 0x00,
  0x7E, 0x00, 0x07, 0xE0, 0x03, 0xF0, 0x00, 0x7E, 0x00, 0x07, 0xE0, 0x03,
  0xF0, 0x00, 0x7E, 0x00, 0x07, 0xE0, 0x03, 0xF0, 0x00, 0x7E, 0x00, 0x07,
  0xE0, 0x03, 0xF0, 0x00, 0x7E, 0x00, 0x07, 0xE0, 0x03, 0xF0, 0x00, 0x7E,
  0x00, 0x07, 0xE0, 0x03, 0xF0, 0x00, 0x7E, 0x00, 0x07, 0xE0, 0x03, 0xF0,
  0x00, 0x7E, 0x00, 0x07, 0xE0, 0x03, 0xF0, 0x00, 0x7E, 0x00, 0x07, 0xE0,
  0x03, 0xF0, 0x00, 0x7E, 0x00, 0x07, 0xE0, 0x03, 0xF0, 0x00, 0x7E, 0x00,
  0x07, 0xE0, 0x03, 0xF0, 0x00, 0x7E, 0x00, 0x07, 0xE0, 0x03, 0xF0, 0x00,
  0x7E, 0x00, 0x07, 0xE0, 0x07, 0xF8, 0x00, 0xFF, 0x00, 0x0F, 0xF0, 0x3F,
  0xFF, 0x87, 0xFF, 0xF8, 0xFF, 0xFF, 0x7F, 0xFF, 0x87, 0xFF, 0xF8, 0xFF,
  0xFF, 0x7F, 0xFF, 0x87, 0xFF, 0xF8, 0xFF, 0xFF, 0x00, 0x00, 0x00, 0x00,
  0x07, 0xFF, 0x01, 0xFF, 0xC0, 0x3F, 0xF8, 0x3F, 0xFF, 0x01, 0xFF, 0xC7,
  0xFF, 0xFC, 0x00, 0xFE, 0x7F, 0xFF, 0xE0, 0x03, 0xF7, 0xC0, 0x3F, 0x80,
  0x0F, 0xF8, 0x00, 0xFC, 0x00, 0x7F, 0x00, 0x07, 0xE0, 0x03, 0xF0, 0x00,
  0x3F, 0x00, 0x1F, 0x80, 0x01, 0xF8, 0x00, 0xFC, 0x00, 0x0F, 0xC0, 0x07,
  0xE0, 0x00, 0x7E, 0x00, 0x3F, 0x00, 0x03, 0xF0, 0x01, 0xF8, 0x00, 0x1F,
  0x80, 0x0F, 0xC0, 0x00, 0xFC, 0x00, 0x7E, 0x00, 0x07, 0xE0, 0x03, 0xF0,
  0x00, 0x3F, 0x00, 0x1F, 0x80, 0x01, 0xF8, 0x00, 0xFC, 0x00, 0x0F, 0xC0,
  0x07, 0xE0, 0x00, 0x7E, 0x00, 0x3F, 0x00, 0x03, 0xF0, 0x01, 0xF8, 0x00,
  0x1F, 0x80, 0x0F, 0xC0, 0x00, 0xFC, 0x00, 0x7E, 0x00, 0x07, 0xE0, 0x03,
  0xF0, 0x00, 0x3F, 0x00, 0x1F, 0x80, 0x01, 0xF8, 0x00, 0xFC, 0x00, 0x0F,
  0xC0, 0x07, 0xE0, 0x00, 0x7E, 0x00, 0x3F, 0x00, 0x03, 0xF0, 0x03, 0xFC,
  0x00, 0x3F, 0xC0, 0xFF, 0xFE, 0x1F, 0xFF, 0xEF, 0xFF, 0xF0, 0xFF, 0xFF,
  0x7F, 0xFF, 0x87, 0xFF, 0xF8, 0x00, 0x01, 0x00, 0x00, 0x00, 0x7F, 0xF8,
  0x00, 0x03, 0xFF, 0xFC, 0x00, 0x1F, 0xFF, 0xFC, 0x00, 0x7E, 0x00, 0xFC,
  0x01, 0xF8, 0x00, 0xFC, 0x07, 0xE0, 0x00, 0xFC, 0x0F, 0xC0, 0x01, 0xF8,
  0x3F, 0x00, 0x01, 0xF8, 0x7E, 0x00, 0x03, 0xF9, 0xFC, 0x00, 0x07, 0xF3,
  0xF0, 0x00, 0x07, 0xE7, 0xE0, 0x00, 0x0F, 0xDF, 0xC0, 0x00, 0x1F, 0xFF,
  0x80, 0x00, 0x3F, 0xFF, 0x00, 0x00, 0x7F, 0xFE, 0x00, 0x00, 0xFF, 0xFC,
  0x00, 0x01, 0xFF, 0xF8, 0x00, 0x03, 0xFF, 0xF0, 0x00, 0x07, 0xFF, 0xE0,
  0x00, 0x0F, 0xFF, 0xC0, 0x00, 0x1F, 0xDF, 0x80, 0x00, 0x3F, 0x3F, 0x80,
  0x00, 0xFE, 0x7F, 0x00, 0x01, 0xFC, 0x7E, 0x00, 0x03, 0xF0, 0xFC, 0x00,
  0x07, 0xE0, 0xFC, 0x00, 0x1F, 0x80, 0xFC, 0x00, 0x3E, 0x01, 0xF8, 0x00,
  0xF8, 0x01, 0xFC, 0x07, 0xE0, 0x00, 0xFF, 0xFF, 0x80, 0x00, 0xFF, 0xFC,
  0x00, 0x00, 0x3F, 0xE0, 0x00, 0x00, 0x00, 0x00, 0x00, 0x1F, 0xFE, 0x1F,
  0xFC, 0x03, 0xFF, 0xCF, 0xFF, 0xE0, 0x7F, 0xFB, 0xFF, 0xFE, 0x00, 0xFF,
  0xE0, 0x1F, 0xE0, 0x0F, 0xF0, 0x00, 0xFE, 0x00, 0xFC, 0x00, 0x0F, 0xC0,
  0x1F, 0x80, 0x01, 0xFC, 0x03, 0xF0, 0x00, 0x1F, 0x80, 0x7E, 0x00, 0x03,
  0xF8, 0x0F, 0xC0, 0x00, 0x7F, 0x01, 0xF8, 0x00, 0x0F, 0xE0, 0x3F, 0x00,
  0x00, 0xFE, 0x07, 0xE0, 0x00, 0x1F, 0xC0, 0xFC, 0x00, 0x03, 0xF8, 0x1F,
  0x80, 0x00, 0x7F, 0x03, 0xF0, 0x00, 0x0F, 0xE0, 0x7E, 0x00, 0x01, 0xFC,
  0x0F, 0xC0, 0x00, 0x3F, 0x81, 0xF8, 0x00, 0x07, 0xF0, 0x3F, 0x00, 0x00,
  0xFE, 0x07, 0xE0, 0x00, 0x1F, 0xC0, 0xFC, 0x00, 0x03, 0xF0, 0x1F, 0x80,
  0x00, 0xFE, 0x03, 0xF0, 0x00, 0x1F, 0xC0, 0x7E, 0x00, 0x03, 0xF0, 0x0F,
  0xC0, 0x00, 0xFE, 0x01, 0xF8, 0x00, 0x1F, 0x80, 0x3F, 0x00, 0x07, 0xF0,
  0x07, 0xF0, 0x01, 0xFC, 0x00, 0xFF, 0x80, 0xFF, 0x00, 0x1F, 0xFF, 0xFF,
  0xC0, 0x03, 0xF7, 0xFF, 0xE0, 0x00, 0x7E, 0x3F, 0xE0, 0x00, 0x0F, 0xC0,
  0x00, 0x00, 0x01, 0xF8, 0x00, 0x00, 0x00, 0x3F, 0x00, 0x00, 0x00, 0x07,
  0xE0, 0x00, 0x00, 0x00, 0xFC, 0x00, 0x00, 0x00, 0x1F, 0x80, 0x00, 0x00,
  0x03, 0xF0, 0x00, 0x00, 0x00, 0x7E, 0x00, 0x00, 0x00, 0x0F, 0xC0, 0x00,
  0x00, 0x03, 0xFC, 0x00, 0x00, 0x07, 0xFF, 0xF8, 0x00, 0x01, 0xFF, 0xFF,
  0x80, 0x00, 0x3F, 0xFF, 0xF0, 0x00, 0x00, 0x00, 0x02, 0x00, 0x00, 0x00,
  0x1F, 0xFE, 0x06, 0x00, 0x1F, 0xFF, 0xE7, 0x80, 0x0F, 0xFF, 0xFF, 0xE0,
  0x07, 0xF0, 0x07, 0xF8, 0x03, 0xF0, 0x00, 0xFE, 0x01, 0xF8, 0x00, 0x1F,
  0x80, 0xFE, 0x00, 0x07, 0xE0, 0x3F, 0x00, 0x01, 0xF8, 0x1F, 0xC0, 0x00,
  0x7E, 0x07, 0xF0, 0x00, 0x1F, 0x81, 0xF8, 0x00, 0x07, 0xE0, 0xFE, 0x00,
  0x01, 0xF8, 0x3F, 0x80, 0x00, 0x7E, 0x0F, 0xE0, 0x00, 0x1F, 0x83, 0xF8,
  0x00, 0x07, 0xE0, 0xFE, 0x00, 0x01, 0xF8, 0x3F, 0x80, 0x00, 0x7E, 0x0F,
  0xE0, 0x00, 0x1F, 0x83, 0xF8, 0x00, 0x07, 0xE0, 0xFE, 0x00, 0x01, 0xF8,
  0x3F, 0x80, 0x00, 0x7E, 0x0F, 0xE0, 0x00, 0x1F, 0x81, 0xFC, 0x00, 0x07,
  0xE0, 0x7F, 0x00, 0x01, 0xF8, 0x1F, 0xC0, 0x00, 0x7E, 0x03, 0xF8, 0x00,
  0x1F, 0x80, 0xFE, 0x00, 0x07, 0xE0, 0x1F, 0xC0, 0x03, 0xF8, 0x03, 0xF8,
  0x01, 0xFE, 0x00, 0xFF, 0x81, 0xFF, 0x80, 0x0F, 0xFF, 0xE7, 0xE0, 0x01,
  0xFF, 0xF1, 0xF8, 0x00, 0x0F, 0xE0, 0x7E, 0x00, 0x00, 0x00, 0x1F, 0x80,
  0x00, 0x00, 0x07, 0xE0, 0x00, 0x00, 0x01, 0xF8, 0x00, 0x00, 0x00, 0x7E,
  0x00, 0x00, 0x00, 0x1F, 0x80, 0x00, 0x00, 0x07, 0xE0, 0x00, 0x00, 0x01,
  0xF8, 0x00, 0x00, 0x00, 0x7E, 0x00, 0x00, 0x00, 0x1F, 0x80, 0x00, 0x00,
  0x07, 0xE0, 0x00, 0x00, 0x03, 0xFC, 0x00, 0x00, 0x0F, 0xFF, 0xE0, 0x00,
  0x07, 0xFF, 0xFC, 0x00, 0x01, 0xFF, 0xFF, 0x00, 0x00, 0x00, 0x7F, 0xF8,
  0x7F, 0xBF, 0xFC, 0x7F, 0xCF, 0xFE, 0x7F, 0xF0, 0xFF, 0x7F, 0xF8, 0x1F,
  0xF0, 0xFC, 0x0F, 0xF0, 0x7E, 0x07, 0xF0, 0x1E, 0x03, 0xF8, 0x00, 0x01,
  0xF8, 0x00, 0x00, 0xFC, 0x00, 0x00, 0x7E, 0x00, 0x00, 0x3F, 0x00, 0x00,
  0x1F, 0x80, 0x00, 0x0F, 0xC0, 0x00, 0x07, 0xE0, 0x00, 0x03, 0xF0, 0x00,
  0x01, 0xF8, 0x00, 0x00, 0xFC, 0x00, 0x00, 0x7E, 0x00, 0x00, 0x3F, 0x00,
  0x00, 0x1F, 0x80, 0x00, 0x0F, 0xC0, 0x00, 0x07, 0xE0, 0x00, 0x03, 0xF0,
  0x00, 0x01, 0xF8, 0x00, 0x00, 0xFC, 0x00, 0x00, 0x7E, 0x00, 0x00, 0x3F,
  0x00, 0x00, 0x3F, 0xC0, 0x00, 0xFF, 0xFF, 0x00, 0xFF, 0xFF, 0xC0, 0x7F,
  0xFF, 0xE0, 0x00, 0x00, 0x08, 0x00, 0x00, 0x7F, 0xE7, 0x00, 0xFF, 0xFF,
  0x80, 0xFF, 0xFF, 0xC0, 0xF8, 0x07, 0xE0, 0xF8, 0x01, 0xF0, 0xF8, 0x00,
  0x78, 0x7C, 0x00, 0x1C, 0x3E, 0x00, 0x0E, 0x1F, 0x00, 0x03, 0x0F, 0xC0,
  0x00, 0x07, 0xF0, 0x00, 0x03, 0xFE, 0x00, 0x00, 0xFF, 0xC0, 0x00, 0x7F,
  0xF8, 0x00, 0x1F, 0xFF, 0x00, 0x07, 0xFF, 0xE0, 0x01, 0xFF, 0xF8, 0x00,
  0x3F, 0xFF, 0x00, 0x07, 0xFF, 0xC0, 0x00, 0xFF, 0xF0, 0x00, 0x1F, 0xF9,
  0x80, 0x03, 0xFF, 0xC0, 0x00, 0xFF, 0xE0, 0x00, 0x3F, 0xF8, 0x00, 0x0F,
  0xDC, 0x00, 0x07, 0xEF, 0x00, 0x03, 0xF7, 0x80, 0x01, 0xF3, 0xE0, 0x01,
  0xF9, 0xF8, 0x01, 0xF8, 0xFF, 0x03, 0xF8, 0x7F, 0xFF, 0xF8, 0x00, 0xFF,
  0xF8, 0x00, 0x1F, 0xE0, 0x00, 0x00, 0x00, 0x00, 0x03, 0x80, 0x00, 0x0E,
  0x00, 0x00, 0x38, 0x00, 0x00, 0xE0, 0x00, 0x07, 0x80, 0x00, 0x1E, 0x00,
  0x00, 0xF8, 0x00, 0x07, 0xE0, 0x00, 0x7F, 0x80, 0x0F, 0xFF, 0xFF, 0xBF,
  0xFF, 0xFE, 0xFF, 0xFF, 0xF8, 0x1F, 0x80, 0x00, 0x7E, 0x00, 0x01, 0xF8,
  0x00, 0x07, 0xE0, 0x00, 0x1F, 0x80, 0x00, 0x7E, 0x00, 0x01, 0xF8, 0x00,
  0x07, 0xE0, 0x00, 0x1F, 0x80, 0x00, 0x7E, 0x00, 0x01, 0xF8, 0x00, 0x07,
  0xE0, 0x00, 0x1F, 0x80, 0x00, 0x7E, 0x00, 0x01, 0xF8, 0x00, 0x07, 0xE0,
  0x00, 0x1F, 0x80, 0x00, 0x7E, 0x00, 0x01, 0xF8, 0x00, 0x07, 0xE0, 0x00,
  0x1F, 0x80, 0x00, 0x7E, 0x00, 0x01, 0xF8, 0x00, 0x07, 0xE0, 0x00, 0x1F,
  0xC0, 0x00, 0x7F, 0x00, 0x81, 0xFE, 0x0F, 0x03, 0xFF, 0xF8, 0x0F, 0xFF,
  0xC0, 0x1F, 0xFC, 0x00, 0x1F, 0xC0, 0xFF, 0xE0, 0x3F, 0xFC, 0x1F, 0xFC,
  0x07, 0xFF, 0x81, 0xFF, 0x80, 0x7F, 0xF0, 0x07, 0xF0, 0x00, 0xFE, 0x00,
  0x7E, 0x00, 0x0F, 0xC0, 0x0F, 0xC0, 0x01, 0xF8, 0x01, 0xF8, 0x00, 0x3F,
  0x00, 0x3F, 0x00, 0x07, 0xE0, 0x07, 0xE0, 0x00, 0xFC, 0x00, 0xFC, 0x00,
  0x1F, 0x80, 0x1F, 0x80, 0x03, 0xF0, 0x03, 0xF0, 0x00, 0x7E, 0x00, 0x7E,
  0x00, 0x0F, 0xC0, 0x0F, 0xC0, 0x01, 0xF8, 0x01, 0xF8, 0x00, 0x3F, 0x00,
  0x3F, 0x00, 0x07, 0xE0, 0x07, 0xE0, 0x00, 0xFC, 0x00, 0xFC, 0x00, 0x1F,
  0x80, 0x1F, 0x80, 0x03, 0xF0, 0x03, 0xF0, 0x00, 0x7E, 0x00, 0x7E, 0x00,
  0x0F, 0xC0, 0x0F, 0xC0, 0x01, 0xF8, 0x01, 0xF8, 0x00, 0x3F, 0x00, 0x3F,
  0x00, 0x07, 0xE0, 0x07, 0xE0, 0x00, 0xFC, 0x00, 0xFC, 0x00, 0x1F, 0x80,
  0x1F, 0x80, 0x07, 0xF0, 0x03, 0xF8, 0x01, 0xFE, 0x00, 0x3F, 0x81, 0xFF,
  0xC0, 0x07, 0xFF, 0xFD, 0xFC, 0x80, 0x7F, 0xFF, 0x3F, 0xF0, 0x07, 0xFF,
  0x83, 0xFE, 0x00, 0x3F, 0xC0, 0x3F, 0x00, 0xFF, 0xFF, 0x03, 0xFF, 0xFF,
  0xFF, 0xE0, 0x7F, 0xFD, 0xFF, 0xF8, 0x07, 0xFF, 0x07, 0xF8, 0x00, 0x0F,
  0x00, 0x7F, 0x00, 0x01, 0xE0, 0x0F, 0xE0, 0x00, 0x38, 0x00, 0xFC, 0x00,
  0x0E, 0x00, 0x1F, 0xC0, 0x01, 0xC0, 0x03, 0xF8, 0x00, 0x78, 0x00, 0x3F,
  0x80, 0x0E, 0x00, 0x07, 0xF0, 0x01, 0xC0, 0x00, 0x7E, 0x00, 0x70, 0x00,
  0x0F, 0xE0, 0x0E, 0x00, 0x00, 0xFC, 0x03, 0xC0, 0x00, 0x1F, 0xC0, 0x70,
  0x00, 0x03, 0xF8, 0x0E, 0x00, 0x00, 0x3F, 0x03, 0x80, 0x00, 0x07, 0xF0,
  0x70, 0x00, 0x00, 0x7E, 0x0E, 0x00, 0x00, 0x0F, 0xE3, 0x80, 0x00, 0x01,
  0xFC, 0x70, 0x00, 0x00, 0x1F, 0x9C, 0x00, 0x00, 0x03, 0xFB, 0x80, 0x00,
  0x00, 0x3F, 0x60, 0x00, 0x00, 0x07, 0xFC, 0x00, 0x00, 0x00, 0x7F, 0x80,
  0x00, 0x00, 0x0F, 0xE0, 0x00, 0x00, 0x01, 0xFC, 0x00, 0x00, 0x00, 0x1F,
  0x00, 0x00, 0x00, 0x03, 0xE0, 0x00, 0x00, 0x00, 0x3C, 0x00, 0x00, 0x00,
  0x07, 0x00, 0x00, 0x00, 0x00, 0xE0, 0x00, 0x00, 0xFF, 0xFE, 0x00, 0x00,
  0x03, 0xFF, 0xFF, 0xFF, 0xC0, 0x0F, 0x00, 0x7F, 0xFD, 0xFF, 0xF0, 0x03,
  0xE0, 0x07, 0xFF, 0x07, 0xF0, 0x00, 0x7C, 0x00, 0x0F, 0x00, 0xFE, 0x00,
  0x0F, 0xC0, 0x01, 0xE0, 0x0F, 0xC0, 0x03, 0xF8, 0x00, 0x38, 0x01, 0xF8,
  0x00, 0x7F, 0x00, 0x0F, 0x00, 0x1F, 0x80, 0x0F, 0xF0, 0x01, 0xC0, 0x03,
  0xF0, 0x03, 0xFE, 0x00, 0x38, 0x00, 0x7E, 0x00, 0x7F, 0xE0, 0x0F, 0x00,
  0x07, 0xE0, 0x0E, 0xFC, 0x01, 0xC0, 0x00, 0xFC, 0x03, 0x9F, 0x80, 0x38,
  0x00, 0x0F, 0xC0, 0x73, 0xF8, 0x0F, 0x00, 0x01, 0xF8, 0x0E, 0x3F, 0x01,
  0xC0, 0x00, 0x3F, 0x03, 0x87, 0xE0, 0x38, 0x00, 0x03, 0xF0, 0x70, 0xFE,
  0x0E, 0x00, 0x00, 0x7E, 0x0E, 0x0F, 0xC1, 0xC0, 0x00, 0x0F, 0xC3, 0x81,
  0xFC, 0x38, 0x00, 0x00, 0xFC, 0x70, 0x1F, 0x8E, 0x00, 0x00, 0x1F, 0x8E,
  0x03, 0xF1, 0xC0, 0x00, 0x03, 0xF3, 0x80, 0x7F, 0x38, 0x00, 0x00, 0x3F,
  0x70, 0x07, 0xEE, 0x00, 0x00, 0x07, 0xEE, 0x00, 0xFD, 0xC0, 0x00, 0x00,
  0xFF, 0x80, 0x1F, 0xF8, 0x00, 0x00, 0x0F, 0xF0, 0x01, 0xFE, 0x00, 0x00,
  0x01, 0xFE, 0x00, 0x3F, 0xC0, 0x00, 0x00, 0x1F, 0x80, 0x03, 0xF0, 0x00,
  0x00, 0x03, 0xF0, 0x00, 0x7E, 0x00, 0x00, 0x00, 0x7E, 0x00, 0x0F, 0xC0,
  0x00, 0x00, 0x07, 0x80, 0x00, 0xF0, 0x00, 0x00, 0x00, 0xF0, 0x00, 0x1E,
  0x00, 0x00, 0x00, 0x1C, 0x00, 0x03, 0xC0, 0x00, 0x00, 0x01, 0x80, 0x00,
  0x30, 0x00, 0x00, 0xFF, 0xFE, 0x1F, 0xFF, 0xFF, 0xFE, 0x1F, 0xFF, 0xFF,
  0xFE, 0x0F, 0xFF, 0x1F, 0xF0, 0x01, 0xF8, 0x07, 0xF8, 0x01, 0xE0, 0x03,
  0xF8, 0x03, 0xC0, 0x03, 0xFC, 0x07, 0xC0, 0x01, 0xFC, 0x07, 0x80, 0x00,
  0xFE, 0x0F, 0x00, 0x00, 0xFE, 0x0E, 0x00, 0x00, 0x7F, 0x1E, 0x00, 0x00,
  0x3F, 0x3C, 0x00, 0x00, 0x1F, 0xB8, 0x00, 0x00, 0x1F, 0xF0, 0x00, 0x00,
  0x0F, 0xF0, 0x00, 0x00, 0x07, 0xE0, 0x00, 0x00, 0x07, 0xF0, 0x00, 0x00,
  0x07, 0xF8, 0x00, 0x00, 0x07, 0xF8, 0x00, 0x00, 0x0F, 0xFC, 0x00, 0x00,
  0x1C, 0xFE, 0x00, 0x00, 0x3C, 0xFE, 0x00, 0x00, 0x78, 0x7F, 0x00, 0x00,
  0x70, 0x3F, 0x80, 0x00, 0xF0, 0x3F, 0x80, 0x01, 0xE0, 0x1F, 0xC0, 0x03,
  0xC0, 0x0F, 0xE0, 0x07, 0xC0, 0x0F, 0xE0, 0x0F, 0x80, 0x07, 0xF0, 0x1F,
  0x80, 0x07, 0xF8, 0xFF, 0xF0, 0x1F, 0xFF, 0xFF, 0xF8, 0x3F, 0xFF, 0xFF,
  0xF8, 0x3F, 0xFF, 0xFF, 0xFF, 0x07, 0xFF, 0xFF, 0xFF, 0xC1, 0xFF, 0xF7,
  0xFF, 0xE0, 0x3F, 0xF8, 0x3F, 0xC0, 0x00, 0xF8, 0x07, 0xE0, 0x00, 0x3C,
  0x01, 0xFC, 0x00, 0x1E, 0x00, 0x3F, 0x00, 0x07, 0x80, 0x0F, 0xE0, 0x01,
  0xE0, 0x03, 0xF8, 0x00, 0xF0, 0x00, 0x7E, 0x00, 0x3C, 0x00, 0x1F, 0xC0,
  0x0E, 0x00, 0x03, 0xF0, 0x03, 0x80, 0x00, 0xFC, 0x01, 0xE0, 0x00, 0x1F,
  0x80, 0x70, 0x00, 0x07, 0xE0, 0x1C, 0x00, 0x01, 0xF8, 0x0F, 0x00, 0x00,
  0x3F, 0x03, 0x80, 0x00, 0x0F, 0xC0, 0xE0, 0x00, 0x01, 0xF0, 0x78, 0x00,
  0x00, 0x7E, 0x1C, 0x00, 0x00, 0x1F, 0x87, 0x00, 0x00, 0x03, 0xE3, 0xC0,
  0x00, 0x00, 0xFC, 0xE0, 0x00, 0x00, 0x1F, 0x38, 0x00, 0x00, 0x07, 0xDC,
  0x00, 0x00, 0x01, 0xFF, 0x00, 0x00, 0x00, 0x3F, 0xC0, 0x00, 0x00, 0x0F,
  0xE0, 0x00, 0x00, 0x01, 0xF8, 0x00, 0x00, 0x00, 0x7E, 0x00, 0x00, 0x00,
  0x1F, 0x00, 0x00, 0x00, 0x03, 0xC0, 0x00, 0x00, 0x00, 0xF0, 0x00, 0x00,
  0x00, 0x38, 0x00, 0x00, 0x00, 0x0E, 0x00, 0x00, 0x00, 0x03, 0x80, 0x00,
  0x00, 0x01, 0xC0, 0x00, 0x00, 0x00, 0x70, 0x00, 0x00, 0x00, 0x38, 0x00,
  0x00, 0x10, 0x0E, 0x00, 0x00, 0x0E, 0x07, 0x00, 0x00, 0x07, 0xC3, 0xC0,
  0x00, 0x01, 0xF9, 0xE0, 0x00, 0x00, 0x7F, 0xF0, 0x00, 0x00, 0x1F, 0xFC,
  0x00, 0x00, 0x03, 0xFE, 0x00, 0x00, 0x00, 0x3E, 0x00, 0x00, 0x00, 0x3F,
  0xFF, 0xFF, 0xE7, 0xFF, 0xFF, 0xFC, 0xFF, 0xFF, 0xFF, 0x9F, 0x80, 0x0F,
  0xE3, 0xE0, 0x03, 0xF8, 0x78, 0x00, 0x7F, 0x0F, 0x00, 0x1F, 0xC1, 0xC0,
  0x07, 0xF0, 0x38, 0x00, 0xFE, 0x07, 0x00, 0x3F, 0x80, 0xC0, 0x0F, 0xE0,
  0x18, 0x01, 0xFC, 0x00, 0x00, 0x7F, 0x00, 0x00, 0x1F, 0xC0, 0x00, 0x03,
  0xF8, 0x00, 0x00, 0xFE, 0x00, 0x00, 0x3F, 0x80, 0x00, 0x07, 0xF0, 0x00,
  0x01, 0xFC, 0x00, 0x00, 0x7F, 0x00, 0x00, 0x1F, 0xE0, 0x00, 0x03, 0xF8,
  0x00, 0xC0, 0xFE, 0x00, 0x18, 0x3F, 0xC0, 0x07, 0x07, 0xF0, 0x00, 0xE1,
  0xFC, 0x00, 0x3C, 0x7F, 0x80, 0x07, 0x8F, 0xE0, 0x01, 0xF3, 0xF8, 0x00,
  0x3E, 0xFE, 0x00, 0x0F, 0xDF, 0xFF, 0xFF, 0xFB, 0xFF, 0xFF, 0xFF, 0x7F,
  0xFF, 0xFF, 0xE0, 0x00, 0x00, 0x7F, 0x80, 0x00, 0xFF, 0xC0, 0x01, 0xFF,
  0xE0, 0x01, 0xFC, 0x00, 0x01, 0xFC, 0x00, 0x00, 0xFE, 0x00, 0x00, 0xFE,
  0x00, 0x00, 0x7F, 0x00, 0x00, 0x3F, 0x80, 0x00, 0x1F, 0xC0, 0x00, 0x0F,
  0xE0, 0x00, 0x07, 0xF0, 0x00, 0x03, 0xF8, 0x00, 0x01, 0xFC, 0x00, 0x00,
  0xFE, 0x00, 0x00, 0x7F, 0x00, 0x00, 0x3F, 0x80, 0x00, 0x1F, 0xC0, 0x00,
  0x0F, 0xE0, 0x00, 0x07, 0xF0, 0x00, 0x03, 0xF8, 0x00, 0x01, 0xFC, 0x00,
  0x00, 0xFE, 0x00, 0x00, 0x7F, 0x00, 0x00, 0x3F, 0x00, 0x00, 0x3F, 0x80,
  0x00, 0x3F, 0x80, 0x00, 0x3F, 0x80, 0x00, 0x7F, 0x80, 0x07, 0xFF, 0x00,
  0x03, 0xF0, 0x00, 0x01, 0xFF, 0x80, 0x00, 0x07, 0xF0, 0x00, 0x00, 0xFE,
  0x00, 0x00, 0x3F, 0x80, 0x00, 0x0F, 0xE0, 0x00, 0x03, 0xF0, 0x00, 0x01,
  0xFC, 0x00, 0x00, 0xFE, 0x00, 0x00, 0x7F, 0x00, 0x00, 0x3F, 0x80, 0x00,
  0x1F, 0xC0, 0x00, 0x0F, 0xE0, 0x00, 0x07, 0xF0, 0x00, 0x03, 0xF8, 0x00,
  0x01, 0xFC, 0x00, 0x00, 0xFE, 0x00, 0x00, 0x7F, 0x00, 0x00, 0x3F, 0x80,
  0x00, 0x1F, 0xC0, 0x00, 0x0F, 0xE0, 0x00, 0x07, 0xF0, 0x00, 0x03, 0xF8,
  0x00, 0x01, 0xFC, 0x00, 0x00, 0xFE, 0x00, 0x00, 0x3F, 0x80, 0x00, 0x1F,
  0xC0, 0x00, 0x07, 0xF0, 0x00, 0x01, 0xFF, 0xE0, 0x00, 0x3F, 0xF0, 0x00,
  0x07, 0xF8, 0xFF, 0xFF, 0xFF, 0xFF, 0xFF, 0xFF, 0xFF, 0xFF, 0xFF, 0xFF,
  0xFF, 0xFF, 0xFF, 0xFF, 0xFF, 0xFF, 0xFF, 0xFF, 0xFF, 0xFF, 0xFF, 0xFF,
  0xFF, 0xFF, 0xFF, 0xFF, 0xFF, 0xFF, 0xFF, 0xFF, 0xFF, 0xFF, 0xFF, 0xFF,
  0xFF, 0xFF, 0xFF, 0xFF, 0xFC, 0xFF, 0x80, 0x00, 0x7F, 0xF0, 0x00, 0x3F,
  0xFE, 0x00, 0x00, 0x7F, 0x80, 0x00, 0x0F, 0xC0, 0x00, 0x07, 0xF0, 0x00,
  0x01, 0xF8, 0x00, 0x00, 0xFE, 0x00, 0x00, 0x7F, 0x00, 0x00, 0x3F, 0x80,
  0x00, 0x1F, 0xC0, 0x00, 0x0F, 0xE0, 0x00, 0x07, 0xF0, 0x00, 0x03, 0xF8,
  0x00, 0x01, 0xFC, 0x00, 0x00, 0xFE, 0x00, 0x00, 0x7F, 0x00, 0x00, 0x3F,
  0x80, 0x00, 0x1F, 0xC0, 0x00, 0x0F, 0xE0, 0x00, 0x07, 0xF0, 0x00, 0x03,
  0xF8, 0x00, 0x01, 0xFC, 0x00, 0x00, 0xFE, 0x00, 0x00, 0x3F, 0x00, 0x00,
  0x1F, 0xC0, 0x00, 0x07, 0xF0, 0x00, 0x01, 0xFC, 0x00, 0x00, 0x7F, 0x00,
  0x00, 0x07, 0xFC, 0x00, 0x00, 0x3E, 0x00, 0x01, 0xFF, 0x00, 0x03, 0xF0,
  0x00, 0x07, 0xF0, 0x00, 0x07, 0xE0, 0x00, 0x07, 0xF0, 0x00, 0x03, 0xF0,
  0x00, 0x03, 0xF8, 0x00, 0x01, 0xFC, 0x00, 0x00, 0xFE, 0x00, 0x00, 0x7F,
  0x00, 0x00, 0x3F, 0x80, 0x00, 0x1F, 0xC0, 0x00, 0x0F, 0xE0, 0x00, 0x07,
  0xF0, 0x00, 0x03, 0xF8, 0x00, 0x01, 0xFC, 0x00, 0x00, 0xFE, 0x00, 0x00,
  0x7F, 0x00, 0x00, 0x3F, 0x80, 0x00, 0x1F, 0xC0, 0x00, 0x0F, 0xE0, 0x00,
  0x07, 0xF0, 0x00, 0x03, 0xF8, 0x00, 0x01, 0xF8, 0x00, 0x01, 0xFC, 0x00,
  0x00, 0xFC, 0x00, 0x01, 0xFE, 0x00, 0x3F, 0xFE, 0x00, 0x1F, 0xFC, 0x00,
  0x0F, 0xF8, 0x00, 0x00, 0x03, 0xF0, 0x00, 0x0C, 0x3F, 0xF0, 0x00, 0x71,
  0xFF, 0xF8, 0x03, 0xCF, 0xFF, 0xF8, 0x3E, 0x3F, 0xFF, 0xFF, 0xF1, 0xF0,
  0x7F, 0xFF, 0xCF, 0x00, 0x7F, 0xFE, 0x38, 0x00, 0x3F, 0xE0, 0xC0, 0x00,
  0x3F, 0x00 };

const GFXglyph Gelasio34pt7bGlyphs[] PROGMEM = {
  {     0,   1,   1,  16,    0,    0 },   // 0x20 ' '
  {     1,   9,  51,  21,    6,  -49 },   // 0x21 '!'
  {    59,  21,  23,  28,    5,  -53 },   // 0x22 '"'
  {   120,  36,  46,  42,    3,  -45 },   // 0x23 '#'
  {   327,  31,  58,  41,    5,  -49 },   // 0x24 '$'
  {   552,  48,  48,  56,    4,  -46 },   // 0x25 '%'
  {   840,  43,  48,  47,    2,  -46 },   // 0x26 '&'
  {  1098,   8,  23,  14,    4,  -53 },   // 0x27 '''
  {  1121,  19,  61,  25,    3,  -49 },   // 0x28 '('
  {  1266,  20,  61,  25,    2,  -49 },   // 0x29 ')'
  {  1419,  27,  27,  31,    2,  -50 },   // 0x2A '*'
  {  1511,  32,  32,  44,    6,  -33 },   // 0x2B '+'
  {  1639,   9,  20,  18,    4,   -7 },   // 0x2C ','
  {  1662,  18,   4,  24,    3,  -19 },   // 0x2D '-'
  {  1671,   9,   9,  17,    4,   -7 },   // 0x2E '.'
  {  1682,  20,  67,  31,    6,  -52 },   // 0x2F '/'
  {  1850,  32,  40,  42,    5,  -38 },   // 0x30 '0'
  {  2010,  21,  39,  28,    4,  -38 },   // 0x31 '1'
  {  2113,  30,  39,  37,    3,  -38 },   // 0x32 '2'
  {  2260,  31,  52,  37,    3,  -38 },   // 0x33 '3'
  {  2462,  34,  50,  38,    2,  -38 },   // 0x34 '4'
  {  2675,  30,  51,  35,    2,  -37 },   // 0x35 '5'
  {  2867,  31,  50,  37,    3,  -48 },   // 0x36 '6'
  {  3061,  30,  50,  33,    2,  -37 },   // 0x37 '7'
  {  3249,  31,  48,  40,    5,  -46 },   // 0x38 '8'
  {  3435,  31,  50,  37,    3,  -38 },   // 0x39 '9'
  {  3629,   9,  33,  21,    7,  -31 },   // 0x3A ':'
  {  3667,  10,  44,  21,    5,  -31 },   // 0x3B ';'
  {  3722,  30,  35,  43,    6,  -35 },   // 0x3C '<'
  {  3854,  30,  22,  42,    6,  -28 },   // 0x3D '='
  {  3937,  30,  35,  43,    7,  -35 },   // 0x3E '>'
  {  4069,  28,  50,  32,    2,  -48 },   // 0x3F '?'
  {  4244,  53,  56,  63,    5,  -44 },   // 0x40 '@'
  {  4615,  47,  47,  45,   -1,  -46 },   // 0x41 'A'
  {  4892,  39,  46,  44,    2,  -45 },   // 0x42 'B'
  {  5117,  37,  48,  43,    2,  -46 },   // 0x43 'C'
  {  5339,  44,  46,  50,    3,  -45 },   // 0x44 'D'
  {  5592,  38,  46,  44,    3,  -46 },   // 0x45 'E'
  {  5811,  36,  46,  40,    3,  -45 },   // 0x46 'F'
  {  6018,  44,  48,  48,    3,  -46 },   // 0x47 'G'
  {  6282,  49,  47,  55,    3,  -45 },   // 0x48 'H'
  {  6570,  19,  46,  27,    4,  -45 },   // 0x49 'I'
  {  6680,  31,  47,  34,    1,  -45 },   // 0x4A 'J'
  {  6863,  44,  47,  46,    3,  -45 },   // 0x4B 'K'
  {  7122,  36,  46,  40,    3,  -45 },   // 0x4C 'L'
  {  7329,  57,  47,  63,    3,  -46 },   // 0x4D 'M'
  {  7664,  47,  47,  51,    2,  -45 },   // 0x4E 'N'
  {  7941,  43,  48,  49,    3,  -46 },   // 0x4F 'O'
  {  8199,  36,  47,  41,    3,  -46 },   // 0x50 'P'
  {  8411,  43,  61,  49,    3,  -46 },   // 0x51 'Q'
  {  8739,  43,  47,  46,    3,  -45 },   // 0x52 'R'
  {  8992,  32,  48,  38,    3,  -46 },   // 0x53 'S'
  {  9184,  39,  46,  41,    1,  -45 },   // 0x54 'T'
  {  9409,  46,  47,  49,    2,  -45 },   // 0x55 'U'
  {  9680,  48,  47,  45,   -1,  -45 },   // 0x56 'V'
  {  9962,  67,  47,  66,    0,  -45 },   // 0x57 'W'
  { 10356,  44,  46,  48,    1,  -45 },   // 0x58 'X'
  { 10609,  44,  46,  42,   -1,  -45 },   // 0x59 'Y'
  { 10862,  36,  46,  40,    2,  -45 },   // 0x5A 'Z'
  { 11069,  15,  61,  26,    6,  -49 },   // 0x5B '['
  { 11184,  19,  67,  31,    2,  -48 },   // 0x5C '\'
  { 11344,  14,  61,  25,    5,  -49 },   // 0x5D ']'
  { 11451,  35,  37,  43,    4,  -46 },   // 0x5E '^'
  { 11613,  44,   3,  42,   -1,    8 },   // 0x5F '_'
  { 11630,  15,  15,  33,   11,  -50 },   // 0x60 '`'
  { 11659,  29,  34,  33,    3,  -32 },   // 0x61 'a'
  { 11783,  35,  51,  37,   -1,  -49 },   // 0x62 'b'
  { 12007,  27,  34,  30,    2,  -32 },   // 0x63 'c'
  { 12122,  34,  51,  38,    3,  -49 },   // 0x64 'd'
  { 12339,  28,  34,  32,    2,  -32 },   // 0x65 'e'
  { 12458,  23,  51,  22,    2,  -49 },   // 0x66 'f'
  { 12605,  33,  49,  34,    2,  -32 },   // 0x67 'g'
  { 12808,  37,  51,  39,    1,  -49 },   // 0x68 'h'
  { 13044,  17,  47,  19,    1,  -46 },   // 0x69 'i'
  { 13144,  16,  62,  20,   -2,  -46 },   // 0x6A 'j'
  { 13268,  35,  51,  36,    1,  -49 },   // 0x6B 'k'
  { 13492,  17,  51,  20,    1,  -50 },   // 0x6C 'l'
  { 13601,  56,  33,  59,    2,  -32 },   // 0x6D 'm'
  { 13832,  37,  33,  39,    1,  -32 },   // 0x6E 'n'
  { 13985,  31,  34,  36,    2,  -32 },   // 0x6F 'o'
  { 14117,  35,  47,  39,    1,  -32 },   // 0x70 'p'
  { 14323,  34,  48,  37,    3,  -32 },   // 0x71 'q'
  { 14527,  25,  33,  28,    2,  -32 },   // 0x72 'r'
  { 14631,  25,  35,  29,    2,  -32 },   // 0x73 's'
  { 14741,  22,  44,  23,    1,  -41 },   // 0x74 't'
  { 14862,  35,  33,  39,    2,  -31 },   // 0x75 'u'
  { 15007,  35,  33,  33,   -1,  -31 },   // 0x76 'v'
  { 15152,  51,  33,  49,   -2,  -31 },   // 0x77 'w'
  { 15363,  32,  33,  34,    1,  -31 },   // 0x78 'x'
  { 15495,  34,  47,  32,   -1,  -31 },   // 0x79 'y'
  { 15695,  27,  33,  30,    1,  -31 },   // 0x7A 'z'
  { 15807,  25,  61,  29,    2,  -49 },   // 0x7B '{'
  { 15998,   5,  62,  25,   10,  -49 },   // 0x7C '|'
  { 16037,  25,  61,  28,    1,  -49 },   // 0x7D '}'
  { 16228,  30,   9,  42,    6,  -22 } }; // 0x7E '~'

const GFXfont Gelasio34pt7b PROGMEM = {
  (uint8_t  *)Gelasio34pt7bBitmaps,
  (GFXglyph *)Gelasio34pt7bGlyphs,
  0x20, 0x7E, 85 };

// Approx. 16934 bytes
